"","MoleculeID","Opera_LogP","Opera_LogWS","Opera_LogBCF","Opera_LogKM","padel_nAromBond","padel_AATS6m","padel_AATS1v","padel_AATS3v","padel_AATS4v","padel_AATS6v","padel_AATS0i","padel_AATS1i","padel_AATS2i","padel_AATSC0p","padel_GATS1i","padel_nBase","padel_C2SP2","padel_CrippenLogP","padel_SsssN","padel_minHBd","padel_minssCH2","padel_minsssN","padel_maxHBa","padel_LipoaffinityIndex","padel_ETA_dEpsilon_B","padel_ETA_EtaP_F","padel_ZMIC1","padel_ZMIC2","padel_Kier2","padel_XLogP","Fup.RF.pred","SImin","SImax","SImean","SIsd","SI90","Outlier"
"1","DTXSID001014824",1.14688879528488,-0.587215809504606,0.736483255355032,-0.342711006680803,-1.36724910973408,-0.703170402318816,-1.47882198658698,-1.3339707320483,-1.41055145206595,-1.24927325252163,0.198157553022542,-0.396460888889695,0.0841934091119823,-0.430069509743388,0.82351577327202,-0.490563539433066,-1.43379202943623,0.212954968363811,-0.593899024179223,-1.20904256940198,1.68486039225973,-0.712382893105428,0.108759962694743,0.143452164438217,-1.46342764737006,-2.27517679577886,-0.880435619102612,-0.690635448286739,-0.828177874222729,0.3706905450785,0.0522349894873481,0.0841934091119823,2.27517679577886,0.846232813643088,0.548111404024531,1.54781541079449,0
"2","DTXSID001015953",0.232566485345642,0.549980557774926,0.377866723783496,-1.31623117910553,-1.36724910973408,-0.859216257545227,-1.37555582375348,-1.52800872709412,-1.68811258637067,-1.69661052676462,0.117772535617893,-0.603057441443503,-0.146148682504179,-0.389579390585021,0.41839322325312,-0.490563539433066,-1.20699219932541,-0.028615160873814,-0.593899024179223,-1.20904256940198,1.21171817893961,-0.712382893105428,0.248743635417552,-0.215318038345017,-1.46342764737006,-2.4646401742157,-1.19474008828561,-0.824248626676183,-1.11120510596644,-0.116805489866708,0.184851069933853,0.028615160873814,2.4646401742157,0.858623054069243,0.60376427120416,1.63144132121057,0
"3","DTXSID001015977",1.29210469156935,-1.02645038522633,2.07840317994529,1.78896247431816,-1.36724910973408,-0.711943876992553,-1.93395639738111,-1.17947863398225,-1.79710069371249,-0.802599362005765,0.194649503212969,-0.445551362324836,0.229701659779024,-0.398240434722284,0.755950834379298,-0.490563539433066,-1.20699219932541,0.598551811717653,-0.593899024179223,-1.20904256940198,-0.549463598442481,-0.712382893105428,-3.0624183260662,0.662702511902352,-1.28124468965614,-2.83895979492337,-0.861317433109272,-0.811686894360433,-0.928580474372553,1.05186006473016,0.0427330425897963,0.194649503212969,3.0624183260662,1.09540028080038,0.700114847847243,1.99154728604486,0
"4","DTXSID001351157",2.48072369449036,-1.592040112868,1.95115215261346,2.93033095233336,-1.36724910973408,-0.721749022822983,-2.0224069773729,-2.21948084641251,-2.04981722613994,-1.07635216866077,0.286352581486147,-0.403050576811121,0.133335244820471,-0.434669194340327,0.966904683897062,-0.490563539433066,-1.43379202943623,1.62185660961963,-0.593899024179223,-1.20904256940198,2.38029803778027,-0.712382893105428,-3.0624183260662,1.73786704625522,-1.46342764737006,-3.35862844600061,0.399942638404447,1.11149135166643,0.611332794265371,2.46368910917979,0.0262985094064145,0.133335244820471,3.35862844600061,1.44287488689891,0.897366621989688,2.59150416304572,0
"5","DTXSID00165789",-0.886133752697665,2.03014090883717,-0.640141494871186,-1.36658567078267,-1.36724910973408,-0.823130821245417,-1.29117852398767,-1.70438973956604,0.064116448815297,-1.98912819239028,2.536643608117,1.70993551890605,3.15449563916771,-0.523675567320556,-0.149955559788558,-0.490563539433066,-1.43379202943623,-0.902548857154633,-0.593899024179223,-1.20904256940198,-2.25501658368948,-0.712382893105428,0.153789650751341,-1.00497498084108,-1.46342764737006,-1.10158020694643,-1.38349451583823,-1.12526819455958,-1.02275909604653,-0.759006501529141,0.418748696888809,0.064116448815297,3.15449563916771,1.19494822821699,0.71298273248138,2.10756612579316,0
"6","DTXSID00167662",0.630565608495664,-0.268319473706642,1.3033287407423,0.899366454688673,-1.36724910973408,-1.04840132406419,-1.72757171073357,-2.1455785941468,-2.90132734439568,-3.25203461431036,0.194649503212969,-0.544719861856811,-0.0712982052928752,-0.398240434722285,0.5148607206447,-0.490563539433066,-1.43379202943623,-0.169252169801793,-0.593899024179223,-1.20904256940198,2.55920419734203,-0.712382893105428,-3.0624183260662,-0.188167261713481,-1.46342764737006,-3.35862844600061,-1.36696383334108,-1.15509342448364,-1.66153583435699,0.335618887888197,0.155607258012033,0.0712982052928752,3.35862844600061,1.23425005948892,0.977290901077753,2.48518241286844,0
"7","DTXSID00168290",1.20067246057543,-1.11068715317296,1.11823633735054,2.09108942438101,-1.36724910973408,-1.03093634824716,-2.24353342735241,-1.6012399252022,-1.89428810789681,-2.59576767593872,0.352758258856383,-0.296798613026862,0.342606639147738,-0.46279794113403,1.13097990018867,-0.490563539433066,-1.43379202943623,0.251290579360452,-0.593899024179223,-1.20904256940198,2.27659803408889,-0.712382893105428,-3.0624183260662,0.304793870984489,-1.46342764737006,-3.35862844600061,-1.12622707542349,-0.883923844053122,-1.20563414869697,0.88780264609552,0.0632799237800856,0.251290579360452,3.35862844600061,1.27000219986336,0.822937283223162,2.323361922389,0
"8","DTXSID00168593",1.19529409404637,-1.64017540883751,2.04369835430934,2.19179840773529,-1.36724910973408,-1.03093634824716,-1.0052253074672,-0.747693942220023,-1.9101860391096,-2.59576767593871,-0.0466743869796122,-0.891809610218742,-0.552838185087221,-0.315765350353705,-0.0697828051617003,-0.490563539433066,-1.43379202943623,0.691952253831218,-0.593899024179223,-1.20904256940198,2.6743290238462,-0.712382893105428,-3.0624183260662,1.06457755380943,-1.46342764737006,-3.35862844600061,-0.21295360489167,0.760523015817726,-1.50953972842055,1.59469138102007,0.031913250190962,0.0466743869796122,3.35862844600061,1.28125386873586,0.862553637483645,2.38532252471493,0
"9","DTXSID00173061",1.06083493082001,-0.322471681672334,0.875302557898852,1.5875445076096,-1.36724910973408,-0.710548250592834,-1.18089429069082,-0.999264384035939,-1.20303985568884,-1.17315520694246,0.032397456214966,-0.598055750791475,-0.372372987136297,-0.354895989688892,0.0318629790191948,-0.490563539433066,-1.20699219932541,0.362559678359405,-0.593899024179223,-0.370410191534858,1.57093459297882,-0.712382893105428,-0.0173847154521918,0.53023027398728,-1.26204021833017,-2.63000782279323,-0.784124199758158,-0.958793931869425,-0.91489101688714,0.537086074192492,0.0387177306577683,0.0173847154521918,2.63000782279323,0.82707301035743,0.555675650152206,1.53833784255225,0
"10","DTXSID00174351",1.2867263250403,-1.08661950518821,1.88174250134155,1.73860798264102,-1.36724910973408,-0.816677482418768,-1.72757171073357,-2.54313502405408,-2.03082897413508,-1.35572891594308,0.194649503212969,-0.544719861856817,-0.107092522606511,-0.398240434722284,0.568436301474607,-0.490563539433066,-1.43379202943623,0.202709572513572,-0.593899024179223,-1.20904256940198,2.41790111571546,-0.712382893105428,-3.0624183260662,0.227932299473176,-1.46342764737006,-3.35862844600061,-0.860279833272895,-0.856149539740899,-1.02734518544979,0.764662160849567,0.06086361611896,0.107092522606511,3.35862844600061,1.21097201123704,0.843970035223651,2.29125365632331,0
"11","DTXSID00176653",0.582160309734175,0.08667833406845,1.09509978692657,0.580454674066781,-1.36724910973408,-1.03093634824716,-2.08874491236675,-1.89972277131733,-2.32316938490194,-2.59576767593872,0.194649503212969,-0.371174987675843,0.33634263361785,-0.398240434722285,0.755950834379301,-0.490563539433066,-1.43379202943623,-0.193952679759957,-0.593899024179223,-1.20904256940198,1.94936984505894,-0.712382893105428,-3.0624183260662,-0.275199030294635,-1.16264410322415,-2.59033752642589,-1.66562576531698,-1.49721834330009,-1.2523978292853,0.113498392349613,0.178957353468787,0.08667833406845,3.0624183260662,1.1302894532516,0.834247220958677,2.1981258960787,0
"12","DTXSID00178950",-0.703269290709817,1.57887250912307,-0.628573219659201,-1.33301600966457,-1.36724910973408,-0.951502184509231,-1.54100941762362,-1.96289739616076,-1.46923593189231,-1.8598710527083,0.0635064408448995,-0.433525632131476,0.161322658781115,-0.385938411637348,0.474628167300036,-0.490563539433066,-0.980192369214586,-0.591139358996503,-0.593899024179223,-1.20904256940198,0.573524050273932,-0.712382893105428,-0.071086563145744,-0.798841819959178,-0.890407746184416,-1.62067806239248,-1.70818279478137,-1.62778592074842,-0.962703163384863,-0.785115401881922,0.515510205704248,0.0635064408448995,1.96289739616076,0.950998756985432,0.545043552282938,1.64865450390759,0
"13","DTXSID00195001",1.15764552834299,-0.262302561710454,1.77762802443368,0.932936115806767,-0.352984729893449,-0.737769264720023,-0.924964595993166,-0.982446844406789,-1.06472850693417,-1.2003134631069,-0.314812042749144,-0.930375137814519,-0.362934822033665,-0.246886376480163,-0.31799603589301,-0.490563539433066,-0.526592708992943,0.20537938250712,-0.593899024179223,-1.20904256940198,1.88642142175674,-0.712382893105428,-3.0624183260662,0.349702936191704,-0.694470234682985,-1.41869795118609,-0.910951723957525,-0.730029243566518,-0.971616845412569,1.26891465423014,0.0245532175456801,0.20537938250712,3.0624183260662,0.886593583499638,0.602688029941536,1.6580342618248,0
"14","DTXSID00197368",0.221809752287533,0.495828349809234,0.0308184674239455,-0.460204820594132,-0.352984729893449,-0.0412547694762058,0.737967168041448,-0.789943551900553,-0.37869396009011,1.25342528180562,-0.947128625446619,-1.40807833938208,-1.33012573960772,-0.245693242560799,-1.04912822864202,-0.490563539433066,0.607406441561167,-0.255939946788723,-0.593899024179223,-1.20904256940198,-0.549463598442481,-0.712382893105428,0.363183945568858,-0.0613841575710908,0.471552598662613,-0.422863430351212,-0.430487804696869,-0.1529238246671,-0.82188838018398,0.226896750598259,0.0801906955031245,0.0308184674239455,1.40807833938208,0.570432131072451,0.386716089066771,1.06542872507792,0
"15","DTXSID00201257",0.178782820055098,0.405574669866414,-0.408775990631485,-0.644837956743648,-0.352984729893449,0.925457097853093,1.56910890668914,0.506898844897783,0.467402209904566,1.67393191447571,-1.32683241437739,-1.27457926984976,-1.22203843427507,0.746682807855677,-1.14228444108383,-0.490563539433066,-0.299792878882121,-0.717759865458356,-0.593899024179223,-1.20904256940198,-0.549463598442481,-0.712382893105428,0.132307818395262,-0.517710588132501,1.11697854714481,-0.0878063948457445,-0.845063875007475,-0.570934134227695,-0.798591201081868,0.581510173300209,0.0709614499148101,0.0878063948457445,1.67393191447571,0.735665986983011,0.416517489753779,1.26880837386785,0
"16","DTXSID0020151",-0.353675466321283,0.977181309504274,-0.547595293175306,-0.997319398483635,-0.352984729893449,-0.198752550525471,-0.269220178958885,-0.704597514527771,-0.77143656525761,0.264930021425679,-0.454358684779048,-0.786404120144519,-0.278445614406813,-0.293901826931472,-0.239805554745271,-0.490563539433066,-0.299792878882121,-0.618595494269435,-0.593899024179223,-1.20904256940198,0.245601740843011,-0.712382893105428,-0.0553814785600594,-0.508035538390298,0.166097696626608,-0.583216231597623,-0.98994799546118,-0.870925692650916,-0.798591201081868,0.0199739731754722,0.316548586894014,0.0199739731754722,1.20904256940198,0.521755225891293,0.308125693048633,0.916156112993543,0
"17","DTXSID0020280",-0.203081203507761,0.35743937389691,-0.11956911033186,-0.510559312271272,-0.352984729893449,-0.77119681206352,1.26684171894737,0.698556527645689,0.334956015540777,-1.52049180115555,-0.370513898829322,0.273610427985446,-0.929677121535351,-0.0759032188659485,-1.49219707983248,-0.490563539433066,-0.072993048771299,-0.129924915093264,-0.593899024179223,-1.20904256940198,-0.549463598442481,-0.712382893105428,-0.0962736990877634,-0.920504879244495,2.217602370029,0.0601519869806541,-0.960268999435523,-0.706285638890033,-1.16144662639432,-0.124209506384661,0.12313807137307,0.0601519869806541,2.217602370029,0.642753054905863,0.526709564939927,1.31694129802897,0
"18","DTXSID0020315",-0.283756701443577,0.947096749523334,0.00768191699997543,1.16792374363342,-1.36724910973408,-1.04840132406419,3.30165170329853,3.52350809543589,-4.30119597170827,-3.25203461431036,1.11783892565133,3.78892132665365,2.29662276151649,0.676243717460421,1.617035311635,-0.490563539433066,-1.43379202943623,-0.711223598492009,-0.593899024179223,-1.20904256940198,-0.549463598442481,-0.712382893105428,-0.184334926239887,-1.47752244617794,-1.46342764737006,-1.0199156605705,-0.399729334508479,0.29590579473941,-1.56932874582594,-0.582089475258058,0.276744194176435,0.00768191699997543,4.30119597170827,1.37965944187497,1.15107811182755,2.85303942501424,0
"19","DTXSID00205710",-1.13891697956322,2.27081738868469,-0.512890467539351,-1.18195253463315,-1.36724910973408,-1.04840132406419,-1.60990652920393,-2.12554494834655,-2.34641569877264,-3.25203461431036,0.757233855980276,1.26991857548992,0.840761912449849,0.00587179177668431,1.34636323605232,-0.490563539433066,-1.43379202943623,-1.60341688812156,-0.593899024179223,1.45004339536718,-0.707293356282683,-0.712382893105428,-0.6158019040485,-1.49362923203064,-1.46342764737006,-2.18666270182871,-1.44953753971238,-1.38993329822797,-1.21603000661226,-1.36535648584149,0.701226932171631,0.00587179177668431,3.25203461431036,1.30820163027329,0.666362545826648,2.16114568893139,0
"20","DTXSID0020575",0.420809313862544,0.23710113397315,0.0886598434838707,0.664378826862016,-0.352984729893449,-0.637008471076009,-0.525815820407082,-0.404063197134632,-0.664152349165645,-1.03583920301762,-0.500345879449389,-0.842740605319731,-0.346112063446893,-0.247043701364871,-0.304146449556334,-0.490563539433066,-0.072993048771299,-0.0433515585346289,-0.593899024179223,-1.20904256940198,1.42239282717068,-0.712382893105428,-1.60979680694909,-0.000150313792435646,0.0410091131250329,-0.635362489618004,-1.15371991770719,-1.14647473724906,-0.798591201081868,0.218323678840629,0.0662491535163152,0.000150313792435646,1.60979680694909,0.580641843565762,0.42373686468243,1.12302503035927,0
"21","DTXSID0021096",0.469214612624034,-2.09746072054779,-0.443480816267441,-0.728762109538883,0.323191523333636,0.349850168276928,0.627975259107594,-0.0789711548010409,0.306806053952605,1.28449504224424,-0.645786915870571,-0.654834159658782,-0.169104021087384,1.1258226858864,-0.0761151009393113,-0.490563539433066,-0.072993048771299,-0.749468626649582,1.15775368268509,-1.20904256940198,1.46011468456237,2.31312057877254,-1.50147591909763,-0.267037071668935,0.287293481886433,-0.792535143776386,-0.635450511395387,-0.354304759428002,-0.717019802496226,-0.404782763907083,0.116363888217003,0.072993048771299,2.31312057877254,0.726494217602289,0.56838168435884,1.4540227735816,0
"22","DTXSID00211538",0.0389452902996849,0.95913057351571,-0.0385911838479647,-1.55121880693218,-1.36724910973408,-0.738664023747027,-2.21257906079051,-2.26693478180551,-2.24083139385028,-1.33467341050586,0.451718976067074,0.0345510686780375,0.347725182946482,-0.524557571474973,1.08927751390805,-0.490563539433066,-1.43379202943623,-0.28796336415776,-0.593899024179223,0.657792257773987,1.44543843395282,-0.712382893105428,-0.388221283177108,-0.29800799800659,-1.46342764737006,-2.91369325149207,-1.11437191125972,-1.06107437578655,-1.02734518544979,-0.0903069044340355,0.340656452291054,0.0345510686780375,2.91369325149207,0.972497601570594,0.744178761563596,1.925046416372,0
"23","DTXSID0021381",-0.0686220402814022,0.796673949618634,-0.663278045295156,-1.87013058755408,-1.36724910973408,-1.04840132406419,1.43091127250063,-1.9730535778678,-4.30119597170827,-3.25203461431036,0.0241683544874433,-0.155020083285313,0.996705952844003,1.30176714546387,1.99482298773042,-0.490563539433066,-1.43379202943623,-0.269417719738295,-0.593899024179223,-1.20904256940198,-0.549463598442481,-0.712382893105428,-2.68725013768252,-0.909687682219989,-1.46342764737006,-3.00575443257887,-0.698397227421745,-0.119986233103506,-1.79256696016426,-0.24501188115126,0.252622186844623,0.0241683544874433,4.30119597170827,1.24748928640582,1.02654723849531,2.56146975167982,0
"24","DTXSID0021414",0.824186803541622,-1.72441217678414,0.493549475903346,-0.0237992260589102,-1.36724910973408,-0.305790036919238,-1.77393090567961,-1.85784628633827,-1.24915623263246,-0.421683934115674,0.316208464380896,-0.294850923708562,0.397064525787824,0.150610554580755,1.50696343663092,-0.490563539433066,-1.43379202943623,2.32268173292594,-0.593899024179223,-1.20904256940198,0.560965612648928,-0.712382893105428,0.858071403373677,2.242549605628,-1.46342764737006,-2.14727780327696,1.60673166051391,2.2286931862594,2.85741365319468,2.44498422534496,0.022284312439737,0.0237992260589102,2.85741365319468,1.19599262262963,0.797839718032354,2.21722746171104,0
"25","DTXSID0021543",1.40505038867949,-0.69552022543599,1.40744321765016,1.20149340475152,-1.36724910973408,-0.589331585489088,-1.81803138070711,-2.50669561932202,-1.73543341391017,-1.13462798509918,0.294732306258018,-0.323233350063778,0.28146714654277,-0.0890151048508958,1.12989588608412,-0.490563539433066,-1.43379202943623,0.307070538154219,-0.593899024179223,-1.20904256940198,2.40075468914381,-0.712382893105428,-2.69902035237828,0.185541553907947,-1.46342764737006,-3.24084069039397,-0.901008728798713,-0.656413976717845,0.0418688011375664,0.585796709179023,0.048391541032385,0.0418688011375664,3.24084069039397,1.09668812891053,0.819758020102128,2.14597839464125,0
"26","DTXSID00216447",-0.617215426244947,0.724471005664378,-0.605436669235231,-0.846255923452212,-1.36724910973408,-0.455468847552832,-1.55288568383087,-1.97163804059068,-1.2915095713736,-0.509687067832676,0.283292776303916,-0.152596595707147,0.498321778879942,-0.4900983107079,1.22360246106198,-0.490563539433066,-1.20699219932541,-0.480957254066352,-0.593899024179223,-1.20904256940198,-0.74468496121603,-0.712382893105428,0.0541748825051518,-0.700286613717885,-1.46342764737006,-1.4876011380934,-1.13844854027729,-1.12430900996991,-0.0527647897232421,-0.347499057162922,0.462520789565442,0.0527647897232421,1.97163804059068,0.813225446257325,0.487005591745571,1.43659260369165,0
"27","DTXSID0021757",-0.477377896489534,1.44650044520694,-0.593868394023246,-1.06445872071982,-1.36724910973408,-0.967389017256816,-0.952159090296693,-1.67199107601994,-1.8168108902403,-2.00705037735439,-0.12985459078304,-0.488650611407821,-0.477695335169925,-0.323058073379294,-0.411997807766179,-0.490563539433066,-1.43379202943623,-0.737640414874596,-0.593899024179223,0.697820681269378,1.15361038537248,-0.712382893105428,-0.33047567104633,-0.717401110587048,-0.600004997349845,-2.03320021927303,-1.12463703717677,-1.00919911642035,-1.3412375268281,-0.681069485550691,0.503537376374754,0.12985459078304,2.03320021927303,0.928434852258352,0.516052331538319,1.5889818366274,0
"28","DTXSID0022018",0.754268038663914,-0.521029777546538,1.23391908947039,0.513315351830593,-1.36724910973408,-0.228766764467592,-0.702523503484658,-0.823914828893877,0.618086709861641,-0.317315733978992,-0.279650800824415,-0.810589334313217,0.189859415708678,3.08446440173341,-0.0879503728510278,-0.490563539433066,-1.43379202943623,0.237989204571168,-0.593899024179223,-1.20904256940198,1.47528845932932,-0.712382893105428,-1.30968035101624,0.0928408513056093,-1.46342764737006,-2.57941086720035,-0.504408487321613,-0.223359723059969,0.125728721654221,0.416673384505786,0.0053195476775089,0.0879503728510278,3.08446440173341,0.813379699541776,0.707417069257099,1.71887354819086,0
"29","DTXSID00221632",-0.428972597728044,1.59692324511164,-0.767392522203021,-1.29944634854648,-1.36724910973408,-0.929260618662613,-1.30114361219655,-1.59950654398341,-1.54220567300231,-1.65381999820379,0.200663302886528,-0.290561622484614,0.521149088347962,-0.453345592858129,0.864146289388686,-0.490563539433066,-1.43379202943623,-0.6474866524139,-0.593899024179223,-1.20904256940198,0.539363410540351,-0.712382893105428,0.0921566130314684,-0.80980060256494,-1.46342764737006,-1.96617250372533,-1.43173807711304,-1.24813155233956,-1.44676884116992,-0.789791622840629,0.595939012543284,0.0921566130314684,1.96617250372533,0.989676791466766,0.505114994610647,1.63622398456839,0
"30","DTXSID00227417",0.162647720467935,0.664301885702498,0.296888797299601,0.1944035712087,-0.352984729893449,-0.76510928886832,-0.10166668264479,-0.777506125589783,-0.328978309996969,-1.10146074766126,-0.745638367447871,-0.94792439713018,-0.825258912991284,-0.237016015721854,-0.551076321970276,-0.490563539433066,-0.072993048771299,-0.145757841858572,-0.593899024179223,-1.20904256940198,-0.549463598442481,-0.712382893105428,-1.62476946316366,-0.335940104812653,0.669825789109093,-0.506770388135375,-1.11419286316638,-1.00333648297375,-1.02734518544979,0.104925320591984,0.129591985428107,0.072993048771299,1.62476946316366,0.60713566623965,0.386893406133068,1.10235922608998,0
"31","DTXSID00227492",-1.00445781633686,2.38513871661227,-1.1722821546225,-1.41694016245981,-1.36724910973408,-0.820552200072532,-1.32222858356873,-1.84461895918365,-1.19629579958451,-1.02700892903425,0.325281695136473,0.106145183492999,0.868908451818108,-0.533645301479831,1.54475151865262,-0.490563539433066,-1.20699219932541,-1.12957805696311,-0.593899024179223,-1.20904256940198,0.28348088272466,-0.712382893105428,-0.0423994777924263,-1.23661224242011,-1.46342764737006,-1.61309463472102,-1.36276128858924,-1.11011991628068,-1.20563414869697,-1.36340806044203,0.783788164818109,0.0423994777924263,2.38513871661227,1.06529670544115,0.518919408014066,1.72951354769916,0
"32","DTXSID0024185",-1.32178144155107,1.53675412514976,-0.917780099958826,-1.18195253463315,-1.36724910973408,-1.04840132406419,-0.771357665028007,0.616804887479363,-1.74926305787321,-3.25203461431036,0.535704837252466,1.00877811266349,2.79340356711816,0.340274926248331,3.41746205840669,-0.490563539433066,-1.43379202943623,-1.2196364690669,-0.593899024179223,-1.20904256940198,-0.549463598442481,-0.712382893105428,-0.26709662681742,-1.40705255720065,-1.46342764737006,-1.4418967164821,-1.54297563263469,-1.29605314203754,-1.46498914564608,-0.958914947513867,0.660309228383397,0.26709662681742,3.41746205840669,1.26367296334129,0.759537417755043,2.23588085806775,0
"33","DTXSID0024212",-0.961430884104426,0.321337901919782,-0.466617366691411,-0.779116601216024,-1.36724910973408,-1.04840132406419,1.25742497902555,-5.32773844107777,-4.30119597170827,-3.25203461431036,-0.920066526915614,1.23438781374859,-19.1807880096312,-0.674623469301536,-0.931679961762905,-0.490563539433066,-1.43379202943623,-1.42030129518909,-0.593899024179223,-1.20904256940198,-0.549463598442481,-0.712382893105428,-3.0624183260662,-1.61164517659366,-1.46342764737006,-1.54198980752201,-2.20235604813798,-2.77473868534719,-2.05462921177881,-1.38912727571491,0.343909137147911,0.321337901919782,19.1807880096312,2.151129003431,3.41786173451551,6.52599202361085,1
"34","DTXSID0024553",-2.32215761595518,-0.12391358579813,-1.03346285207868,-1.08124355127887,-1.36724910973408,-0.788453871501776,-1.45200992240469,-1.11147156037131,0.611579542968526,-1.46821059874396,2.38970594441278,6.20231877368726,3.12744852112925,-1.1966627258887,2.44497771879512,-0.490563539433066,-1.43379202943623,-1.78668504162508,-0.593899024179223,1.89607863584212,-0.549463598442481,-0.712382893105428,-0.268601565382312,-1.52866023692091,-1.46342764737006,-0.293007424256674,-1.09602422061628,-0.673677809763136,-1.02275909604653,-2.20629688824897,0.381931891998316,0.12391358579813,6.20231877368726,1.42453951818056,1.15894464124082,2.90798865896881,0
"35","DTXSID0025492",1.82994134447479,-1.82068276872315,1.6850818227378,1.63789899928674,-1.36724910973408,-0.630976304712653,-1.78869310936434,-2.44222036857178,-1.65938106318731,-1.01242025601062,0.263127210559582,-0.395066813348003,0.14777125313975,-0.184880563322949,1.00567108059184,-0.490563539433066,-1.43379202943623,1.05099402278495,-0.593899024179223,-1.20904256940198,2.39788547452339,-0.712382893105428,-2.69948006290548,1.00517841179904,-1.46342764737006,-3.2684019651569,-0.0545729707953237,0.465448836168656,1.09011780759575,1.47271995101379,0.0278935873019268,0.0545729707953237,3.2684019651569,1.24263230911449,0.799476508534556,2.26596224003872,0
"36","DTXSID0026125",-0.477377896489534,0.712437181672002,-0.177410486391785,-0.325926176121756,-1.36724910973408,-1.04840132406419,-1.03821833683391,-0.141511582077095,-1.68035494492755,-3.25203461431036,0.269390819871105,-0.346298078487284,0.0498823025029022,-0.429424176594802,0.198104620842432,-0.490563539433066,-1.43379202943623,-0.376367447569115,-0.593899024179223,-1.20904256940198,-0.549463598442481,-0.712382893105428,-3.0624183260662,-0.672021841725216,-1.46342764737006,-1.04034198994361,-0.97141400001634,-0.500159334677797,-1.28448708458504,-1.01230180345911,0.429545233252156,0.0498823025029022,3.25203461431036,0.896203492677722,0.757639541482813,1.86598210577572,0
"37","DTXSID0026549",-2.82234570315723,2.30691886066182,-1.19541870504647,-1.1651677040741,-1.36724910973408,-0.665281216136463,-0.986574532339678,-1.13224145554042,-1.17779356314478,-1.76401225893997,0.628703012610795,1.17411286239255,0.18211981129552,-0.716022582170989,0.505280714818138,-0.490563539433066,-1.43379202943623,-2.72745933810151,-0.593899024179223,1.11346901749684,-1.8059206842602,-0.712382893105428,0.0227424377811201,-2.36433402848693,-1.46342764737006,-0.796734568777245,-0.700797075394703,-0.856739360930888,-1.05716043400718,-1.67593549451561,0.859840697623933,0.0227424377811201,2.82234570315723,1.18681998884464,0.696651125644875,2.07853342967008,0
"38","DTXSID0026838",2.73888528788497,-2.39228940836101,1.88174250134155,0.36225187679917,-1.36724910973408,-0.656184461077659,-1.8331859029653,-2.27689400819842,-1.47429108930266,-0.957424838966158,0.283544667492282,-0.30858297735575,0.218530891819829,-0.453047486744726,1.10292695660445,-0.490563539433066,-1.43379202943623,1.39754012746531,-0.593899024179223,-1.20904256940198,0.719497042527162,-0.712382893105428,0.204029625557747,1.19192187239942,-1.46342764737006,-2.51886575917825,0.439260768561496,1.00269249317567,1.72168057464466,1.76849092665201,0.0164448078277641,0.204029625557747,2.73888528788497,1.17247061192452,0.732591858101677,2.11018819029467,0
"39","DTXSID0027064",0.0120534576544132,0.874893805569078,-0.813665623050961,-1.4505098235779,-1.36724910973408,-0.704232666999139,-1.82364092589587,-2.03682012504125,-1.45314116403881,-1.34491998648212,0.375858876551573,-0.00994968642112592,0.215332297788786,-0.510899140718663,0.873657142799004,-0.490563539433066,-1.43379202943623,-0.200388828851545,-0.593899024179223,1.49910455278861,1.07676134097908,-0.712382893105428,-0.0433626562903505,-0.601659517464705,-1.46342764737006,-2.13896049550826,-1.1387433743477,-1.14982979831861,-0.545150642479019,-0.138627854340675,0.306091516348759,0.00994968642112592,2.13896049550826,0.903115934240511,0.606133641457253,1.6789669953058,0
"40","DTXSID0027143",-0.773188055587523,0.495828349809234,0.620800503235182,-0.124508209413192,-0.352984729893449,0.936194015475616,1.3469960397918,0.868916806514634,0.288791577685445,0.645907619567145,1.91491704919026,0.797387452914397,1.71619030800873,-0.180121081526223,-1.30625761247598,-0.490563539433066,-0.299792878882121,-0.415642259581342,-0.593899024179223,-1.20904256940198,-0.549463598442481,-0.712382893105428,0.428620363080973,-0.0986882335150565,2.40341860610188,0.339311821746526,-0.589200136154545,-0.449763649860076,-0.880202084172876,0.807137834557823,0.168241930506672,0.0986882335150565,2.40341860610188,0.754537296776807,0.538532373927304,1.44385873540376,0
"41","DTXSID0027222",0.996294532471361,-0.508995953554162,1.24548736468237,1.5875445076096,-1.36724910973408,-0.80195987133102,-1.1719206312979,-0.86700471420201,-1.52914085753676,-1.47624544910931,-0.158054643991571,-0.811711975981378,-0.131120062210273,-0.284245112749564,-0.0878645636918005,-0.490563539433066,-1.20699219932541,0.173427477905766,-0.593899024179223,-1.20904256940198,2.02621888945234,-0.712382893105428,-3.0624183260662,-0.283436530626258,-0.931152367781402,-2.46447708974964,-1.13427077826036,-0.874116489075741,-1.16144662639432,0.0889482323164006,0.0666331263987178,0.0878645636918005,3.0624183260662,0.981254412774223,0.703298106989293,1.88147598972052,0
"42","DTXSID0027309",-0.724782756826034,1.73531222102396,-0.998758026442722,-0.997319398483635,-1.36724910973408,-0.577916216749258,-2.02085034765511,-2.09653407393175,-0.656789450833839,-1.24071118154599,0.489114734888203,0.294768435051233,1.17040069042282,-0.583178146393428,2.1691994063287,-0.490563539433066,-1.43379202943623,-0.825553443947851,-0.593899024179223,-1.20904256940198,0.227554610417723,-0.712382893105428,0.00849373702806554,-0.88917168080136,-1.46342764737006,-1.66197920342035,-1.2499439306474,-1.13337020345322,-0.191075422519809,-0.923843290323564,0.649207658650948,0.00849373702806554,2.1691994063287,1.00456591405987,0.570304463368024,1.73455562717094,0
"43","DTXSID0027482",-2.12315805438017,0.98921513349665,-0.813665623050961,-0.309141345562709,-1.36724910973408,-1.03093634824716,-0.820366030092496,1.3960141615054,-1.07886936596413,-2.59576767593872,0.333348263073062,-0.466073987348444,2.2822701190581,8.83401840588975,2.8926697361325,-0.490563539433066,-1.43379202943623,-1.3201786529132,-0.593899024179223,-1.20904256940198,-0.549463598442481,-0.712382893105428,-1.66295938735225,-1.01821770463451,-1.46342764737006,-1.95989375178229,-1.06836103838583,-0.635157107580566,-0.962703163384863,-1.14635347094204,0.578071444004098,0.309141345562709,8.83401840588975,1.45197196459394,1.53837989729769,3.42109823313498,1
"44","DTXSID0028038",0.1196207882355,0.0686275980798858,-0.37407116499553,-1.13159804295601,-1.36724910973408,1.90912958194916,-0.69050202729514,-1.56150762813705,-0.836260065437626,0.182204440593219,-0.0434854159492194,0.323847375678168,0.850695516799734,5.26117496874808,0.324850470450641,-0.490563539433066,-1.43379202943623,-0.646204190113428,-0.593899024179223,0.803856826777254,-0.0439803324399007,-0.712382893105428,0.0651437199514716,-0.658508812324039,-0.460902340177969,-1.66760561749917,-0.831082957408669,-0.538859642124461,0.327754893807981,-0.143693760379274,0.190865357704245,0.0434854159492194,5.26117496874808,0.815435159139887,0.983165486010477,2.0738869812333,0
"45","DTXSID00285658",2.56677755895523,-1.47170187294424,1.7660597492217,-0.141293039972239,-0.352984729893449,-0.503636537607653,-1.1604350039323,-1.87466940720371,-1.24189066955769,-0.622893208178666,-0.0577425698950425,-0.638708184524249,-0.173621061118087,-0.335787699304078,0.29886845279779,-0.490563539433066,-0.299792878882121,1.42333239901012,-0.593899024179223,-1.20904256940198,0.522049862171485,-0.712382893105428,0.2984943604771,1.41996487510766,-0.966706591722721,-1.51614091965264,0.515582667065767,0.621149664802503,1.7671119576,2.4180959548324,0.0104538966574851,0.0577425698950425,2.56677755895523,0.932712663418344,0.682760330470109,1.80664588642008,0
"46","DTXSID0029183",-1.08513331427268,2.0662423808143,-1.19541870504647,-0.258786853885568,-1.36724910973408,-1.04840132406419,-1.87503884639774,-1.87887866930896,-2.5696662436285,-3.25203461431036,0.47179325067201,0.282234589299675,1.09375494907792,-0.572030667574833,2.00599612215047,-0.490563539433066,-1.43379202943623,-1.03489038503123,-0.593899024179223,-1.20904256940198,0.521465020200986,-0.712382893105428,-1.62404625933122,-0.989231357883878,-1.46342764737006,-2.31117769166001,-1.42750420476808,-1.12303668341467,-1.2523978292853,-1.0228233006162,0.693025788521832,0.258786853885568,3.25203461431036,1.27441133584518,0.700653660816938,2.17124802169086,0
"47","DTXSID0029216",-1.23034921055714,2.54759534050934,-0.755824246991036,-1.24909185686934,-1.36724910973408,-1.04840132406419,-1.96774474863932,-2.70897199231573,-2.46999131336134,-3.25203461431036,0.622962567467851,0.792205576732402,0.801086819440305,-0.670450671539997,1.11064817131716,-0.490563539433066,-1.43379202943623,-1.06159325248456,-0.593899024179223,2.26303991795994,-0.0734953234898293,-0.712382893105428,-0.352412853963573,-1.35562229780789,-1.46342764737006,-1.7106191454206,-1.82326749345254,-1.69894727034729,-1.46498914564608,-1.13972882458387,0.561973016041121,0.0734953234898293,3.25203461431036,1.34107960741766,0.753675309704513,2.30578400383944,0
"48","DTXSID00294482",0.635943975024719,-0.418742273611342,1.38430666722619,0.513315351830593,-1.36724910973408,-0.911785102640269,0.245716002216793,-1.54458351896889,-2.31378796668027,-1.4919227410931,-0.102873928423431,-1.59763187008635,-1.27954336816698,5.94543792446537,0.117431582385161,-0.490563539433066,-1.20699219932541,0.165608748638948,-0.593899024179223,-1.20904256940198,2.12354264937707,-0.712382893105428,-3.0624183260662,0.169581107515805,-1.25970453938512,-2.19416458726713,-1.37644040096865,-1.11173671381071,-1.239324428978,-0.0260088662518136,0.0701938285868609,0.0260088662518136,5.94543792446537,1.22705606587527,1.15832781427413,2.70971566814615,0
"49","DTXSID0029761",-1.31102470849296,2.02412399684099,-0.987189751230737,-0.829471092893165,-1.36724910973408,-1.04840132406419,1.22471810387115,2.12476464336703,2.12574479611115,-3.25203461431036,1.23176265416606,4.14205397397882,2.07603136542885,-0.0465241603364095,3.4140065647406,-0.490563539433066,-1.43379202943623,-1.18349868379709,0.740900157415531,1.55709308957778,-0.549463598442481,0.440368317893506,0.119071402573198,-1.52361753674555,-1.46342764737006,-0.513334537894,-0.0707440978425942,0.781206832575906,-1.22544786877966,-1.24533348123467,0.423439635455347,0.0465241603364095,4.14205397397882,1.35143212268593,0.964567056842393,2.58607795544419,0
"50","DTXSID00300693",1.31899652421462,-2.68711809617422,1.85860595091758,2.79605230786098,-1.36724910973408,-0.761051421932396,-1.99024313010315,-2.16258473730042,-1.4005044398129,-1.22526388205175,0.276527251671165,-0.418505407907012,0.0989650416809253,-0.430632078564367,0.943465367283981,-0.490563539433066,-1.43379202943623,1.92511841977959,-0.593899024179223,-1.20904256940198,2.39338256229562,-0.712382893105428,-3.0624183260662,2.139573462352,-1.46342764737006,-3.35862844600061,0.690081261632013,1.08753218442228,1.4654168345993,2.86896159226773,0.0287325921515101,0.0989650416809253,3.35862844600061,1.4876661846517,0.894282744034042,2.63234809701527,0
"51","DTXSID00334099",0.20567465270037,0.170915102015082,-0.871506999110886,-1.23230702631029,-0.352984729893449,-0.452646499465308,2.62945171526748,2.18848907849366,1.75727112778362,-1.1782105776325,-1.44324598181546,-1.37123332237951,-1.71135969651751,7.85987666858926,-2.04223034340074,-0.490563539433066,-0.299792878882121,-0.157528843419411,-0.593899024179223,1.64604047338418,-0.549463598442481,-0.712382893105428,0.0118461667057429,-0.789128664585434,1.68844132903375,-0.439008792490439,-0.381638234502624,0.0271788794950349,-1.11120510596644,-0.130444467662937,0.0605772266043452,0.0118461667057429,7.85987666858926,1.14986554708878,1.45418466625486,3.01122191989501,1
"52","DTXSID00334357",2.2763457663863,-2.3441541123915,1.83546940049361,1.52040518537341,-1.36724910973408,-0.777937836264233,-2.11802922601269,-2.39033893041633,-1.78224487812328,-1.32790484357554,0.315311448309257,-0.357103781661171,0.198861821059743,-0.446755190233212,1.03722263373632,-0.490563539433066,-1.43379202943623,0.8779331249889,-0.593899024179223,-1.20904256940198,2.35761180088812,-0.712382893105428,-3.0624183260662,0.915587839085074,-1.46342764737006,-3.35862844600061,-0.39163127474076,-0.301642160714734,0.327754893807981,1.56234751938901,0.0421473226088916,0.198861821059743,3.35862844600061,1.30513324174593,0.866843265916881,2.41469262211954,0
"53","DTXSID00335541",-0.310648534088848,-0.250268737718078,0.458844650267391,1.28541755754675,-1.36724910973408,-1.03093634824716,-0.452277732768136,-0.97511643094142,-1.2849217784845,-2.59576767593872,0.187253703501388,-1.12804023326847,-0.242912758982045,5.20625574004824,1.15162158689,-0.490563539433066,-1.43379202943623,0.0755551040530092,-0.593899024179223,-1.20904256940198,2.3617104165891,-0.712382893105428,-1.43576773073238,0.0176498419540344,-1.46342764737006,-2.73996752402933,-1.18856675072446,-0.667603781640127,-1.02734518544979,-0.151097776897227,0.23362404352068,0.0176498419540344,5.20625574004824,1.11653014644736,1.04628287136586,2.45577222179566,0
"54","DTXSID00337808",1.70623891430654,-1.24907612908529,1.52312596977001,1.36934171034199,-1.36724910973408,-0.746313022266366,-1.97665667737715,-2.06545105028764,-2.10690888672477,-1.16942198953014,0.194649503212969,-0.425033741732011,0.184354911189806,-0.398240434722284,0.755950834379302,-0.490563539433066,-1.43379202943623,0.363989933713091,-0.593899024179223,-1.20904256940198,2.05289294486114,-0.712382893105428,-3.0624183260662,0.325604694416101,-1.24724758501152,-2.76512330291797,-1.31152070419013,-1.27329450959032,-0.545150642479019,0.778690823725688,0.0489914900689431,0.184354911189806,3.0624183260662,1.18012088023958,0.746736263925513,2.13594329806424,0
"55","DTXSID00337929",1.50186098620247,-1.68229379281082,1.54626252019398,1.08399959083819,-1.36724910973408,-0.324720617603465,-1.59223665061361,-2.11042862580871,-1.63832693572269,-0.918765163156341,0.0796204142801485,-0.546504773640179,-0.0091561006457212,3.34257422728871,0.339104126999032,-0.490563539433066,-1.43379202943623,1.07583279076064,-0.593899024179223,-1.20904256940198,2.39769801436245,-0.712382893105428,-3.0624183260662,1.24586546564209,-1.46342764737006,-3.97806401918563,-0.0568728353492324,0.425653946729776,0.587831825334539,1.57637618226513,0.026960688268187,0.0091561006457212,3.97806401918563,1.27976082480533,0.965616047309474,2.51574936536145,0
"56","DTXSID00337944",2.20104863497954,-2.33212028839913,2.07840317994529,1.68825349096388,-1.36724910973408,-0.777937836264233,-2.11802922601269,-2.13255101934416,-1.69936197804164,-1.32790484357554,0.315311448309257,-0.357103781661176,0.208257829354575,-0.446755190233212,1.03722263373632,-0.490563539433066,-1.43379202943623,0.809233192833499,-0.593899024179223,-1.20904256940198,2.32535172891911,-0.712382893105428,-3.0624183260662,0.912696030306977,-1.46342764737006,-3.35862844600061,-0.548311553974138,-0.295552338960703,-0.0527647897232421,1.53857672951558,0.0435054986904732,0.0527647897232421,3.35862844600061,1.29647171099269,0.867127966327941,2.40639550789246,0
"57","DTXSID00338855",0.232566485345642,0.381507021881662,0.0655232930599006,0.832227132452485,-1.36724910973408,-0.944280896896693,-1.77771053685939,-1.85762339775072,-1.95896955457591,-1.79297135968736,0.288878377349041,-0.263555348463611,0.283370633571925,-0.456364050646816,1.05843973567391,-0.490563539433066,-1.43379202943623,-0.279381832035643,-0.593899024179223,-1.20904256940198,2.20966499542367,-0.712382893105428,-1.53758322336436,-0.203796136112199,-1.46342764737006,-2.80397817695505,-0.989217633996516,-0.792810876028084,-1.02734518544979,-0.265275505305657,0.343475124614612,0.0655232930599006,2.80397817695505,0.985779940051536,0.705920757259911,1.88935850934422,0
"58","DTXSID00339564",1.32437489074368,-0.972298177260638,1.69665009794979,2.07430459382196,-1.36724910973408,-1.03093634824716,-1.22940177744642,-1.70574118336562,-1.90661255676031,-2.59576767593872,0.0308940062965761,-0.784092102106428,-0.456698519522327,-0.340158866453714,0.0925373489992623,-0.490563539433066,-1.43379202943623,0.134009640358171,-0.593899024179223,-1.20904256940198,2.72212417145603,-0.712382893105428,-3.0624183260662,0.349173965198515,-1.46342764737006,-3.35862844600061,-0.778303360937742,-0.493359121083847,-1.38374984764557,0.806358464398038,0.0479785289424942,0.0308940062965761,3.35862844600061,1.21996501002391,0.876690652007182,2.34212904459311,0
"59","DTXSID0034229",-0.0632436737523479,0.874893805569078,-0.28152496329965,-1.01410422904268,-1.36724910973408,-0.577962413311223,-1.39590541187145,-2.26026778977513,-1.5115885233684,-0.920028255295562,0.199326902959069,-0.34704123123399,0.102704958748476,-0.440875575097706,0.843266457786188,-0.490563539433066,-1.43379202943623,-0.207587780798433,-0.593899024179223,-1.20904256940198,0.812127938108269,-0.712382893105428,0.0224621712417486,-0.447291086409783,-1.46342764737006,-2.26482093218451,-1.01100218629537,-1.12139589641186,-0.798591201081868,-0.13784848418089,0.31499243068399,0.0224621712417486,2.26482093218451,0.830873956016124,0.59780999375723,1.59607074802538,0
"60","DTXSID0034776",1.04469983123285,-1.35738054501667,1.83546940049361,0.278327724003935,-0.352984729893449,0.487788791963378,0.685649916597492,1.9857553052095,0.970057500397224,0.596575254402306,-0.613721500127789,-0.810659620264104,0.305732959622613,2.46557807463837,0.259855278855633,-0.490563539433066,-0.299792878882121,0.546976803663722,-0.593899024179223,-1.20904256940198,-0.549463598442481,-0.712382893105428,-1.27843220726046,-0.0531571518865569,0.308314592391885,-0.0746780953284945,-0.346780084537774,0.3051780191025,-0.598177378609115,0.393681964792143,0.00987615164106603,0.0531571518865569,2.46557807463837,0.727025241124529,0.57498608384477,1.46300742844583,0
"61","DTXSID0035160",0.662835807669991,1.21184087735561,1.28019219031833,-1.06445872071982,-1.36724910973408,-0.585301278975621,-1.00241321697622,-0.674303040682069,-1.2623833161909,-1.13402558622825,-0.140636964068654,-0.798648825834831,-0.288028075945647,-0.308203698610112,-0.0229777387728539,-0.490563539433066,-0.526592708992943,0.314064486833746,-0.593899024179223,-1.20904256940198,1.95626450455198,-0.712382893105428,0.0901218164587049,0.22328096383207,-0.95191395840407,-1.67828765002563,-1.13484444614052,-1.09328062995325,-0.828177874222729,0.391733539392681,0.0542833797619514,0.0229777387728539,1.95626450455198,0.799931635100366,0.48206185478936,1.41697080923075,0
"62","DTXSID0036766",-0.63335052583211,0.736504829656754,-0.952484925594782,0.412606368476311,-1.36724910973408,-0.485617521073267,-0.554218185848158,0.0932623424855423,-0.822568253452643,-0.683759375579552,-0.151578244343128,-0.482098672460688,-0.424692284327805,-0.354870290569124,-0.386926661309976,-0.490563539433066,-0.299792878882121,-0.323834168428214,-0.593899024179223,-0.346073761718245,0.00060371570952975,-0.712382893105428,0.281619419548514,-0.40282774131169,-0.516958634859173,-0.323341134942494,-0.77609815390877,-0.834575729595662,-0.433644868260529,-0.865000843259834,0.404495603586979,0.00060371570952975,1.36724910973408,0.52476680326288,0.281627153227803,0.885249559394469,0
"63","DTXSID0041270",1.06621329734907,-0.406708449618966,0.852166007474882,1.26863272698771,-1.36724910973408,-0.689864608404242,-1.88909929885269,-1.61531207832705,-1.92409398633298,-1.4410630286202,0.32926218055022,-0.183569332619909,0.45111174725746,-0.481578551630624,1.28991552628605,-0.490563539433066,-1.43379202943623,0.14501783906371,-0.593899024179223,-1.20904256940198,0.654438657015883,-0.712382893105428,-0.0283613356759599,0.133593432361288,-1.46342764737006,-2.28214865670262,-1.02819869374568,-0.840050776272819,-0.568244878402551,0.48837543920596,0.0493073598273065,0.0283613356759599,2.28214865670262,0.910912578047286,0.588654208953234,1.66438996550743,0
"64","DTXSID0041274",-0.821593354349012,0.592098941748242,-0.952484925594782,-0.611268295625554,-0.352984729893449,-0.374520641715203,0.96664166012416,0.243385026259473,0.820650212455609,-0.322865809396302,-0.789587913541103,-0.738771690767601,-0.822675785122763,-0.377596917850996,-0.217178922001777,-0.490563539433066,0.380606611450345,-0.542753820381294,0.147432851209796,-1.20904256940198,-0.549463598442481,0.568066224470149,0.178526993632043,-0.601607614722912,1.1810799581923,0.174066486518531,-0.603335784540768,-0.32153078996462,-1.00057273160063,-0.424267017901696,0.258229779289831,0.147432851209796,1.20904256940198,0.579240713943621,0.297615891671765,0.96018905528348,0
"65","DTXSID0041519",0.0604587564159023,0.856843069580514,-0.35093461457156,-1.60157329860933,-1.36724910973408,-0.919716546619104,-2.21257906079051,-2.16020595954731,-1.75612505304104,-1.9512075251935,0.451718976067074,0.0345510686780375,0.347840959305563,-0.524557571474973,1.08927751390805,-0.490563539433066,-1.43379202943623,-0.356663296313161,-0.593899024179223,0.683910094380909,1.35688850280017,-0.712382893105428,-0.384381141889982,-0.353447822951519,-1.46342764737006,-2.90778143959765,-1.25230192059103,-1.23232310091005,-0.786377327421989,-0.219292665878371,0.307863403565298,0.0345510686780375,2.90778143959765,0.997075717659846,0.713735533118474,1.91065720005149,0
"66","DTXSID0042034",1.18991572751732,-1.72441217678414,1.92801560218949,1.67146866040483,-1.36724910973408,-0.812201430335125,-2.11802922601269,-1.57501447187283,-2.25601916186859,-1.68671440288918,0.315311448309257,-0.357103781661176,0.255237870828728,-0.446755190233212,1.03722263373632,-0.490563539433066,-1.43379202943623,0.740533260678098,-0.593899024179223,-1.20904256940198,2.31541919651472,-0.712382893105428,-3.0624183260662,0.923688397073915,-1.46342764737006,-3.35862844600061,-0.60284138039458,-0.0847048569444991,-1.05716043400718,1.54364263555418,0.040813152107024,0.0847048569444991,3.35862844600061,1.27776051768456,0.808806526400421,2.3130328714771,0
"67","DTXSID0044151",-0.391324032024664,0.700403357679626,-0.582300118811261,-0.997319398483635,-0.352984729893449,0.116074817823042,0.265101115599434,0.591333583400011,-0.337839929486088,-1.00950318364119,0.727803609129436,2.74952730925831,-0.220542332270946,-0.738864716193317,-1.30912563105549,-0.490563539433066,-0.072993048771299,-0.751609242162266,-0.593899024179223,1.29096810619371,-0.549463598442481,-0.712382893105428,-0.0957290641028423,-1.40220834907087,1.94873977146545,0.925315079390733,-0.57329109099026,0.0827597869175765,-0.880202084172876,-0.607029320371163,0.15025746543006,0.072993048771299,2.74952730925831,0.735573395450638,0.574819587988461,1.47134246807587,0
"68","DTXSID0044363",1.34588835685989,-0.478911393573222,-0.0732960094839198,0.765087810216297,-1.36724910973408,-0.645911609291062,-1.87600246738357,-2.32010153984761,-1.37474608854968,-0.999432533993737,0.318634863918328,-0.212851807963441,0.363533974765268,-0.474925450326465,1.24589872657432,-0.490563539433066,-1.43379202943623,0.468398574532195,-0.593899024179223,-1.20904256940198,0.541297031657346,-0.712382893105428,0.106955083677936,0.231828166035805,-1.46342764737006,-2.35349811060071,-0.516953599111686,-0.339951262984334,0.848214190720788,0.702312548066807,0.0534325734797805,0.0732960094839198,2.35349811060071,0.862499600426483,0.613661782012672,1.6479866814027,0
"69","DTXSID0044810",0.313241983281457,0.339388637908346,0.805892906626942,-0.493774481712225,-1.36724910973408,-0.631558897148308,-2.12164018265483,-2.04833051730674,-2.10716332053325,-1.0601615921532,0.404979071911784,-0.0740622307972533,0.266878691108359,-0.50038686085277,1.02026012637548,-0.490563539433066,-1.43379202943623,0.0152984460022033,-0.593899024179223,0.513434432615077,1.43800142965669,-0.712382893105428,-0.3422352496142,0.090324090178466,-1.46342764737006,-2.96265936242442,-0.900662696684578,-0.913249707203306,-0.798591201081868,0.329383926609921,0.179905379880034,0.0152984460022033,2.96265936242442,0.885095809523325,0.709301257422908,1.79300141902465,0
"70","DTXSID0046513",1.54488791843491,-1.10467024117677,0.516686026327316,1.5875445076096,-1.36724910973408,-0.661442801846885,-1.8863291620009,-2.02543305730672,-1.7390267055195,-0.894252310037821,0.244488132709259,-0.468436400678397,0.0265644248137243,-0.417691045704184,0.868459554122116,-0.490563539433066,-1.43379202943623,3.88208914505017,-0.593899024179223,-1.20904256940198,2.47737483720768,-0.712382893105428,-3.0624183260662,4.5833870134068,-1.46342764737006,-3.35862844600061,2.56326636182753,3.76170951312668,3.09956399990661,5.43464815827833,0.0640462970615484,0.0265644248137243,5.43464815827833,1.78264516339396,1.38411257655499,3.55430926138435,1
"71","DTXSID0047032",1.43732058785382,-1.06255185720346,2.17094938164117,2.9471157828924,-1.36724910973408,-0.929067980091741,-0.846661462847753,-0.483170243297027,-1.21611204683083,-1.95153337897115,-0.158054643991571,-0.968000042785999,-0.607731672628637,-0.284245112749564,-0.240162952611954,-0.490563539433066,-1.20699219932541,0.667251743873055,-0.593899024179223,-1.20904256940198,2.40535736846931,-0.712382893105428,-3.0624183260662,0.972701537719223,-1.26878773528254,-2.95434205465573,-0.876535307248954,-0.924326357364598,-1.31736489867534,1.36360812864396,0.0460081130104648,0.158054643991571,3.0624183260662,1.22318333131917,0.793913819038623,2.23939301968861,0
"72","DTXSID0047038",-0.321405267146957,0.664301885702498,-0.524458742751336,-1.24909185686934,-0.352984729893449,-0.702490578448172,-0.760021345138238,-0.393937757021273,-0.543447286641623,-1.13518273378906,-0.198568672185871,-0.338821183133352,-0.0488623349216605,-0.333351449900305,-0.176705573439552,-0.490563539433066,-0.299792878882121,-0.289779788456942,-0.593899024179223,1.33050823970036,1.49601006316654,-0.712382893105428,-0.399444335243439,-0.474639696882602,-0.0783700329553088,-0.664595380157968,-1.22312937503307,-1.33131887271354,-0.971616845412569,-0.318272676171003,0.244673356112552,0.0488623349216605,1.49601006316654,0.613931834615862,0.404109547846587,1.13119205585949,0
"73","DTXSID0047086",0.173404453526044,0.303287165931218,0.852166007474882,0.53010018238964,-1.36724910973408,-0.645911609291061,-1.60817184314321,-2.32833708530527,-1.58111779964903,-0.99943253399373,0.108902116279999,-0.473555554832594,0.0490714493931499,-0.38884431821716,0.56840048492359,-0.490563539433066,-0.980192369214586,-0.0331967455234557,-0.593899024179223,-1.20904256940198,1.70870838603601,-0.712382893105428,-0.225458352427174,-0.157141560024795,-1.12345660092387,-2.04404533626554,-1.20070458228661,-1.26690932524966,0.303931052752113,0.178965485771511,0.214995048131643,0.0331967455234557,2.32833708530527,0.806884984555989,0.622399319903326,1.60355611403225,0
"74","DTXSID0047113",1.86221154364911,-1.07458568119583,1.18764598862245,3.19888824127811,-1.36724910973408,-0.83467515162537,-1.13947840270145,-0.745318476462019,-1.10692035586639,-1.75915317435185,0.0432142593481633,-0.690559800147176,-0.319219626416683,-0.357427638464155,0.292249048517896,-0.490563539433066,-1.43379202943623,0.69910353059965,-0.593899024179223,-1.20904256940198,1.60069171669923,-0.712382893105428,-1.29006561843428,1.17660892939091,-1.46342764737006,-3.00330816558808,-0.272561888027009,-0.443228396346974,-1.13331660844642,1.06121250664757,0.0404414721803597,0.0432142593481633,3.19888824127811,1.08540005204956,0.719618144270699,2.00651127671606,0
"75","DTXSID0047165",-0.359053832850338,0.441676141843542,-0.605436669235231,-0.829471092893165,-0.352984729893449,-0.458185306983402,0.0982132717435247,0.236116173740975,-0.512732304742642,-0.563257336151437,-0.494855018877881,-0.752555343375575,-0.234248225483684,-0.317077073895454,-0.194457382733773,-0.490563539433066,-0.072993048771299,-0.549223342097801,-0.593899024179223,-1.20904256940198,-0.319849379270595,-0.712382893105428,0.115775941824271,-0.727391918494227,0.287553001769217,-0.448916173803146,-0.932984446973699,-0.775743104878182,-1.00057273160063,-0.684966336349613,0.231311565570279,0.072993048771299,1.20904256940198,0.512405911879882,0.27714697373275,0.867154038257802,0
"76","DTXSID00509381",-0.149297538217218,0.41760849385879,-0.37407116499553,-1.28266151798743,-0.352984729893449,-0.393167221783008,-0.651411418389775,-0.848634219961846,-0.0311965892022234,-0.516839166017451,-0.112858367167329,-0.197375288151448,0.0669731864496025,-0.388237985349913,0.234546415169478,-0.490563539433066,-0.072993048771299,-0.230905710581366,-0.593899024179223,1.43169000383576,0.168974738527996,-0.712382893105428,0.182661955730678,-0.655490376559395,-0.0724010756512917,-0.253785610170977,-0.749924837174486,-0.602958603667216,-0.337068859091778,-0.411797095345144,0.236636473654635,0.0311965892022234,1.43169000383576,0.432845355813987,0.337051510657116,0.864271289455095,0
"77","DTXSID0052126",1.49110425314436,-0.912129057298758,1.90487905176552,2.9806854440105,-1.36724910973408,-0.881069220362175,-0.846661462847751,-0.764693950401372,-1.02308142598718,-1.46445487108283,-0.158054643991571,-0.968000042785999,-0.460743599569165,-0.284245112749564,-0.240162952611954,-0.490563539433066,-1.43379202943623,0.667251743873055,-0.593899024179223,-1.20904256940198,2.43307260447957,-0.712382893105428,-3.0624183260662,0.761801113699503,-1.26878773528254,-3.00567289034584,-0.825550622256024,-0.910835630175228,-1.26376277387062,1.10914377147432,0.0420838281017579,0.158054643991571,3.0624183260662,1.18317304884739,0.786685742227892,2.19013079889909,0
"78","DTXSID0052629",-0.353675466321283,0.95913057351571,-0.14270566075583,-0.762331770656977,-0.352984729893449,-0.755994969474483,-0.13362906971288,-0.687001997786885,-0.816306919320824,-1.56895191651752,-0.604595186848742,-1.14994397480041,-0.839640181702987,-0.240019273425789,-0.744190696574543,-0.490563539433066,-0.299792878882121,-0.342651561364881,-0.593899024179223,-1.20904256940198,-0.549463598442481,-0.712382893105428,-0.0812906795025797,-0.414100223478581,-0.0360682920616225,-0.688038772153057,-1.05809732540445,-0.976716174112491,-1.00638020532062,0.26859305414673,0.279471034195261,0.0360682920616225,1.56895191651752,0.627939439276588,0.372255885761541,1.10442697305136,0
"79","DTXSID0052831",1.43732058785382,-1.35738054501667,1.48842114413406,-0.779116601216024,-1.36724910973408,-0.547000097202803,-1.64311858629125,-2.1656354247514,-1.41147844952566,-0.703706166979309,0.269076172442943,-0.153364878047909,0.101910197560525,-0.459982537673991,0.800091400872224,-0.490563539433066,-0.980192369214586,1.01966189550353,-0.593899024179223,1.07688786929947,-1.35120453317964,-0.712382893105428,0.227648002044622,1.10428971804506,-1.30771571770004,-1.97428595591145,0.802660003166565,0.800502117241299,3.26879854261845,1.57208964638631,0.0125021281720107,0.101910197560525,3.26879854261845,1.06558779087771,0.671538314186365,1.92515683303626,0
"80","DTXSID0058273",0.29172851716524,0.766589389637694,-0.339366339359575,-1.38337050134172,-1.36724910973408,-1.03093634824716,-0.888031387096497,-0.790544517068263,-1.64075544771285,-2.59576767593872,-0.0577425698950392,-0.626628548435047,-0.397671963595234,-0.335787699304081,-0.324462663598815,-0.490563539433066,-1.20699219932541,-0.498644745273606,-0.593899024179223,0.488327242729031,2.03117689231643,-0.712382893105428,-0.272224280876277,-0.365764166042005,-1.12086140209603,-2.502638854806,-1.43007752589901,-1.28648941863689,-1.52395315225935,-0.370490476876565,0.201274211772293,0.0577425698950392,2.59576767593872,0.924370616399477,0.661075603226754,1.77054738852972,0
"81","DTXSID0058647",2.09348130439845,-2.41034014434957,2.02056180388537,2.04073493270387,-1.36724910973408,-0.768255324963646,-2.08874491236676,-2.02439069876791,-1.77548850245854,-1.1892958727912,0.306482525497334,-0.371174987675849,0.191709655240502,-0.443040824359177,1.01558634147811,-0.490563539433066,-1.43379202943623,0.92651413183578,-0.593899024179223,-1.20904256940198,2.34980817420333,-0.712382893105428,-3.0624183260662,1.1158107870304,-1.46342764737006,-3.35862844600061,-0.436932281640194,-0.321546009280139,-0.113229266144512,1.73653675010085,0.0439336358493504,0.113229266144512,3.35862844600061,1.31436896052994,0.870251550285466,2.42829094489534,0
"82","DTXSID0058649",2.45921022837415,-2.8977100160408,1.77762802443368,2.32607705220767,-1.36724910973408,-0.747235264751804,-2.06354678202025,-2.38096196877672,-1.74579221027401,-1.14128491353229,0.29885754670522,-0.383282769595448,0.153364341813159,-0.439853866024687,0.997040948113897,-0.490563539433066,-1.43379202943623,1.24989486730427,-0.593899024179223,-1.20904256940198,2.36762696667358,-0.712382893105428,-3.0624183260662,1.32487720181312,-1.46342764737006,-3.35862844600061,0.037336764398152,0.234132889902723,0.848214190720788,2.00580914030639,0.033398911231406,0.037336764398152,3.35862844600061,1.38570471795032,0.922949285501451,2.56707980339218,0
"83","DTXSID0058726",1.72775238042275,-1.58602320087181,1.16450943819848,1.13435408251533,-1.36724910973408,-0.651661857518726,-1.72757171073357,-1.66229551460165,-1.76886880468317,-0.897787120264098,0.0308940062965761,-0.544719861856811,0.0725066727286346,-0.340158866453714,0.41842467515086,-0.490563539433066,-0.980192369214586,0.222008484752647,-0.593899024179223,-1.20904256940198,1.99934651392897,-0.712382893105428,-3.0624183260662,0.212808381829906,-0.99992513671899,-2.25303807951219,-1.37937630608151,-1.35385216885341,-0.545150642479019,0.616971515570404,0.0412460287317061,0.0308940062965761,3.0624183260662,1.05752510843859,0.710665421214283,1.96717684759288,0
"84","DTXSID0060305",3.04545218004107,-2.29000190442581,-0.28152496329965,3.18210341071906,-1.36724910973408,-0.228450863564933,2.65778151001453,1.3810227613668,1.66006926195544,-0.21593846376509,-0.283834547374211,-2.90046870283836,-1.16146779158379,14.1192184440338,1.82826090836698,-0.490563539433066,-1.43379202943623,3.0999873775117,-0.593899024179223,-1.20904256940198,-0.549463598442481,-0.712382893105428,-1.07175439356651,2.7982156340965,-1.46342764737006,-0.872854243307387,4.54109301330269,7.1759510697751,0.276855743592957,2.34678358521212,0.0364288054651267,0.21593846376509,14.1192184440338,2.17463037282723,2.71139261999702,5.64521292642341,1
"85","DTXSID0060434",-0.445107697315207,1.4645511811955,-0.536027017963321,-1.29944634854648,-1.36724910973408,-0.909703773056915,-1.64408366692234,-2.20313570801901,-2.42347921958976,-1.97177023592591,0.30172776927669,-0.175663078826475,-0.104471784536646,-0.464367036567264,0.418782668324785,-0.490563539433066,-1.43379202943623,-0.659925106473125,-0.593899024179223,0.934300658373355,1.65436867464558,-0.712382893105428,-0.451089999100475,-0.614027823154479,-1.46342764737006,-2.93134714494228,-1.33777529637877,-1.26556057201359,-1.39423233771015,-0.491292851643163,0.520799752910321,0.104471784536646,2.93134714494228,1.07191839645865,0.706638251565,1.97641535846185,0
"86","DTXSID0061080",0.270215051049022,0.369473197889286,0.308457072511586,0.0769097572953715,-1.36724910973408,-1.03093634824716,-2.15248135971378,-2.07013241354967,-1.99347545619717,-2.59576767593871,0.194649503212969,-0.34054942164391,0.404984847167088,-0.398240434722284,0.755950834379293,-0.490563539433066,-1.43379202943623,-0.311233618762238,-0.593899024179223,-1.20904256940198,1.88243680639372,-0.712382893105428,-3.0624183260662,-0.491417623605994,-1.11748764361985,-2.53374721670557,-1.64753376262377,-1.41060905469295,-1.21603000661226,-0.125378561624338,0.29270906263421,0.0769097572953715,3.0624183260662,1.08558150531714,0.836921763776053,2.15684136295049,0
"87","DTXSID0061246",0.996294532471361,-0.0697613778324382,1.29176046553031,0.681163657421062,-0.352984729893449,-0.920175073505974,-0.824638706650614,-0.510385494033658,-0.946469217913979,-1.97313978915644,-0.378494735994409,-0.978582047309228,-0.304014473794475,-0.234048309039984,-0.425390722920247,-0.490563539433066,-0.753392539103765,-0.303486402263104,-0.593899024179223,-1.20904256940198,1.90286377819378,-0.712382893105428,-3.0624183260662,0.141652929425424,-0.598447878053145,-1.35252642908517,-1.09962417077195,-1.18171450749478,-1.16144662639432,0.975092103991384,0.0671368572233923,0.0697613778324382,3.0624183260662,0.880861901681012,0.624695739754249,1.68047244856645,0
"88","DTXSID0061454",1.39429365562138,-1.13475480115771,1.12980461256252,1.90645628823149,-1.36724910973408,-0.790528221264456,-2.24353342735241,-2.12331149223446,-2.40297750846579,-1.33694766709499,0.352758258856383,-0.296798613026862,0.330078628087966,-0.46279794113403,1.13097990018867,-0.490563539433066,-1.43379202943623,0.319990511515853,-0.593899024179223,-1.20904256940198,2.3277646236463,-0.712382893105428,-3.0624183260662,0.304854296389058,-1.46342764737006,-3.35862844600061,-1.03385571479399,-0.874677836590312,-1.02734518544979,0.911573435968947,0.070165631449527,0.296798613026862,3.35862844600061,1.25091620681201,0.817158178495494,2.29687867528624,0
"89","DTXSID0061610",0.087350589061174,0.820741597603386,-0.14270566075583,1.03364509916105,0.492235586640407,-0.883105797094943,0.230011997553072,0.399826082156185,-0.0500508550939967,-1.62972136498225,-0.66669998062295,-1.0218940795871,-0.652124475917661,-0.263459540650774,-0.628477508617197,-0.490563539433066,0.153806781339523,-0.090998131883767,-0.593899024179223,-1.20904256940198,-0.549463598442481,-0.712382893105428,-3.0624183260662,0.130743916251051,0.314543069578685,-0.453074827687492,-0.905113225780295,-1.08510101270435,-1.16491169086522,0.292363844020157,0.136585627551582,0.0500508550939967,3.0624183260662,0.67368255554123,0.600626526949289,1.44248451003632,0
"90","DTXSID0061826",0.743511305605806,-1.11670406516915,0.343161898147541,-0.930180076247447,-1.36724910973408,4.20497711196726,1.4289824514614,0.87449048774397,1.57114192253089,1.3372729073768,9.11578016962956,5.83241481132727,7.78424073072581,-0.121360707038157,0.788526643534749,-0.490563539433066,-1.43379202943623,0.38763682222737,-0.593899024179223,-1.20904256940198,-0.549463598442481,-0.712382893105428,0.411431016056872,1.77634063328432,1.83636766222026,0.826078181797607,0.534688012822633,0.766541890791164,-0.82188838018398,0.421739290544385,0.0272132109322012,0.121360707038157,9.11578016962956,1.67772833140556,2.17728493273753,4.46465304530961,1
"91","DTXSID0061951",0.974781066355143,-0.0697613778324382,1.29176046553031,0.697948487980109,-0.352984729893449,-0.94620657359337,-0.824638706650614,-0.510385494033658,-0.946469217913979,-1.81081127782627,-0.378494735994409,-0.978582047309228,-0.304014473794479,-0.234048309039984,-0.425390722920247,-0.490563539433066,-0.753392539103765,-0.303486402263104,-0.593899024179223,-1.20904256940198,1.90583857991223,-0.712382893105428,-3.0624183260662,0.141624832826188,-0.598447878053145,-1.35358647811451,-1.09962417077195,-1.18171450749478,-1.16144662639432,0.975092103991384,0.0670904088353568,0.0697613778324382,3.0624183260662,0.876294605259299,0.615521582663583,1.66416223106868,0
"92","DTXSID0062474",0.689727640315262,-0.340522417660898,0.643937053659152,-0.0573688871770042,-1.36724910973408,-0.595710902803409,-1.66786391636758,-2.19986256990812,-1.42264683465541,-0.914437806225533,0.19885916298446,-0.240988120117657,0.316796910923819,-0.436541366535142,1.01285883793807,-0.490563539433066,-1.20699219932541,-0.0455446167436148,-0.593899024179223,-1.20904256940198,0.599166031617151,-0.712382893105428,-0.00749275292892721,-0.0620948894847695,-1.12112092197881,-1.71534859493613,-0.94043934454853,-0.936977981283456,0.327754893807981,0.191825093407955,0.120755552595863,0.00749275292892721,2.19986256990812,0.742200562772934,0.559990771146968,1.45898874984105,0
"93","DTXSID0064048",-1.40783530601594,2.31293577265801,-1.33423800759029,-0.829471092893165,-1.36724910973408,-1.03093634824716,-2.15002847966049,-1.6050024951276,-2.22010449146321,-2.59576767593871,0.53118119655609,0.399827676147408,1.62878014378235,-0.61039047540935,2.19818627551777,-0.490563539433066,-1.20699219932541,-1.18516731504306,-0.593899024179223,-1.20904256940198,-0.0437473063052886,-0.712382893105428,-0.193107120874071,-1.21581107412294,-1.46342764737006,-1.56722712864368,-1.76712144799043,-1.61068036813373,-1.21603000661226,-1.33690947500935,0.621753658688532,0.0437473063052886,2.59576767593871,1.26780145540972,0.648603798170926,2.0980143170685,0
"94","DTXSID0067185",1.50723935273152,-2.10949454454017,1.78919629964567,1.50362035481436,-1.36724910973408,-0.698253023355399,-1.72757171073357,-2.37382030248502,-1.63517721817968,-0.987328861742263,0.0707264244654278,-0.544719861856817,-0.00721499670415772,-0.353464398500182,0.496315327280497,-0.490563539433066,-1.43379202943623,0.80021781658743,-0.593899024179223,0.952541514441221,1.52404695473452,-0.712382893105428,-3.0624183260662,0.768610728931529,-1.10762588807408,-2.72940780485241,-0.298104615941426,0.00664740283946993,1.09011780759575,1.36555655404342,0.0326477227384689,0.00664740283946993,3.0624183260662,1.13691082290101,0.777255760436646,2.13179819625991,0
"95","DTXSID0067717",0.721997839489589,-0.400691537622778,1.75449147400971,1.88967145767244,-0.352984729893449,-1.03093634824716,1.34184593793102,1.23445287317682,-0.36754122675427,-2.59576767593871,-0.986781417450534,-1.42618364823571,-0.973062813954699,0.404604040388654,-0.990246461176837,-0.490563539433066,-0.299792878882121,0.0380490411615064,-0.593899024179223,-1.20904256940198,-0.549463598442481,-0.712382893105428,-2.76004868861786,-0.327575874891204,0.993966122705499,-0.848146946700389,-0.759051983239954,-0.498365958174367,-1.3412375268281,0.000879404260751866,0.0240942481601116,0.000879404260751866,2.76004868861786,0.929790851065544,0.66672777705609,1.78320240569734,0
"96","DTXSID0074009",0.915619034535546,-0.448826833592282,1.71978664837376,1.00007543804295,-1.36724910973408,-0.790528221264456,-2.04163536432764,-2.2327967471239,-2.05602406362426,-1.33694766709499,0.194649503212969,-0.393811275612495,0.255097595500408,-0.398240434722285,0.755950834379297,-0.490563539433066,-1.43379202943623,0.0607281235531274,-0.593899024179223,-1.20904256940198,2.05527278623591,-0.712382893105428,-3.0624183260662,-0.0795706125656777,-1.19716024763434,-2.67962627158979,-1.48764399958455,-1.52441925504582,-0.70688048918971,0.358999992681732,0.0619222019395483,0.0607281235531274,3.0624183260662,1.11865463102814,0.790389923206243,2.13035373273213,0
"97","DTXSID0074716",0.200296286171316,0.71845409366819,-0.269956688087665,-1.50086431525504,-1.36724910973408,-0.907242013351696,-2.21257906079051,-2.31188843568207,-1.71234253746889,-1.89124087680395,0.451718976067074,0.0345510686780375,0.347956735664644,-0.524557571474973,1.08927751390805,-0.490563539433066,-1.43379202943623,-0.355900493457862,-0.593899024179223,1.10790478274145,0.257302627602264,-0.712382893105428,-0.520142572434605,-0.309779631733929,-1.46342764737006,-2.92445682625155,-1.22624546240935,-1.05345736527793,-0.449497920639709,-0.0945934403128503,0.313000806353141,0.0345510686780375,2.92445682625155,0.951117384639723,0.72954187594167,1.88493098584506,0
"98","DTXSID00799583",-3.11277749572617,2.65589975644073,-0.744255971779051,-1.4505098235779,-1.36724910973408,-0.850338696526918,-2.01663376447762,-2.53049960582625,-1.92696771959557,-1.81277599326172,0.970357569496205,1.89064670845638,0.791593375319594,-0.750032424606612,0.877001797921412,0.757361253861575,-1.43379202943623,-1.38154137510419,-0.593899024179223,0.845829325762691,-0.140428362155046,-0.712382893105428,-0.255624074389145,-1.41212715724974,-1.46342764737006,-1.64155287404724,-1.68863511292503,-1.57365661380183,-0.962703163384863,-1.46745397677326,0.746728735694127,0.140428362155046,3.11277749572617,1.33593182320972,0.690661484503368,2.21997852337404,0
"99","DTXSID00861931",-0.601080326657784,0.53794673378255,0.250615696451661,-1.04767389016078,-1.36724910973408,-1.04840132406419,0.177250309857711,-1.09097591640439,-0.784293208992057,-3.25203461431036,8.26870179405089,5.25888022162577,7.5240900703078,-0.306378572950803,0.663344548730633,-0.490563539433066,-1.43379202943623,-0.376496170550946,-0.593899024179223,-1.20904256940198,-0.549463598442481,-0.712382893105428,0.165213592771127,-0.41484422026938,-1.46342764737006,-0.569720992031754,-0.746825673425016,-0.167238765589731,-1.3412375268281,-0.0201635900534297,0.348083405638669,0.0201635900534297,8.26870179405089,1.41444093903231,2.03807377982228,4.02317537720483,1
"100","DTXSID00862948",-0.224594669623979,0.92904601353477,-0.929348375170811,-1.1987373651922,-1.36724910973408,-0.64959763135674,-1.64099540890289,-1.97668618911465,-0.615851387950377,-0.826641583986389,0.200663302886528,-0.104308836335032,0.663563215596531,-0.453345592858129,1.12270068156048,-0.490563539433066,-0.980192369214586,-0.603487230216662,-0.593899024179223,-1.20904256940198,0.417108166447762,-0.712382893105428,-0.0270113073578038,-0.704618526890179,-0.91168837657265,-1.41050295676694,-1.49843786514922,-1.41830765989013,-0.449497920639709,-0.449596548094692,0.394567674311738,0.0270113073578038,1.97668618911465,0.825988877238787,0.480612270617781,1.44117258362955,0
"101","DTXSID00865479",0.926375767593654,-0.0697613778324382,1.29176046553031,1.0504299297201,-0.352984729893449,-0.97798023908854,-0.824638706650614,-0.384675602052648,-0.717487513961676,-2.10516992711844,-0.378494735994409,-0.978582047309228,-0.304014473794479,-0.234048309039984,-0.425390722920247,-0.490563539433066,-0.753392539103765,-0.303486402263104,-0.593899024179223,-1.20904256940198,1.90583857991223,-0.712382893105428,-3.0624183260662,0.141234656231843,-0.598447878053145,-1.36952798467118,-1.09962417077195,-1.07822277032034,-1.16144662639432,0.975092103991384,0.0658737769256793,0.0697613778324382,3.0624183260662,0.882547153746645,0.635479411598188,1.69596080059233,0
"102","DTXSID00865611",-0.740917856413197,-3.02406516796075,0.713346704931062,0.932936115806767,2.8588524729352,0.488412332621195,0.562130459834551,0.692147489343451,0.697600863864978,1.23046484686329,-0.317152945672102,-0.125285167148444,-0.262202867449154,-0.246396162724515,-0.410462307233391,-0.490563539433066,4.00940389322349,3.08751555082757,-0.593899024179223,0.701926015000861,-0.549463598442481,-0.712382893105428,0.640446476681429,1.45794213854687,0.694999217739078,2.16426776799382,2.33171548538989,2.08577757800095,3.2642718183375,2.38107587224263,0.0515347606437213,0.125285167148444,4.00940389322349,1.28226748766488,1.09366776488303,2.68216222671515,0
"103","DTXSID00866401",1.54488791843491,-2.59084750423521,1.75449147400971,2.29250739108957,-1.36724910973408,-0.69501573170565,-1.97665667737714,-2.2835937491979,-1.78722326019204,-0.996809723735589,0.272363976325833,-0.425033741732006,0.0874605377152708,-0.428931139436625,0.93359618134164,-0.490563539433066,-1.43379202943623,2.11109929093728,-0.593899024179223,-1.20904256940198,2.38432324619456,-0.712382893105428,-3.0624183260662,2.3465397605265,-1.46342764737006,-3.35862844600061,0.903592418728175,1.39617817449485,1.72168057464466,3.09069240272643,0.0297508697549473,0.0874605377152708,3.35862844600061,1.52383094865028,0.89250881269325,2.66624222889764,0
"104","DTXSID00870987",0.985537799413252,-0.653401841462674,1.52312596977001,1.36934171034199,-1.36724910973408,-1.03093634824716,-1.72757171073357,-1.99014786489802,-2.3829663106777,-2.59576767593871,0.194649503212969,-0.544719861856811,-0.0773384963395486,-0.398240434722285,0.544996984861521,-0.490563539433066,-1.43379202943623,-0.120671162954913,-0.593899024179223,-1.20904256940198,2.57655720736634,-0.712382893105428,-3.0624183260662,0.0157174625810579,-1.46342764737006,-3.35862844600061,-1.26364718380585,-0.957883813880726,-1.5088466712262,0.495389770644021,0.112845122891897,0.0157174625810579,3.35862844600061,1.22162864565541,0.890964462899739,2.36206315816707,0
"105","DTXSID00871050",1.35126672338895,-1.37543128100523,2.13624455600522,2.04073493270387,-1.36724910973408,-0.749694578046303,-2.19360164832478,-1.99721945590782,-2.0752088340303,-1.06625271087139,0.337935563014814,-0.320790991945888,0.285108711912541,-0.4563918125681,1.09347699360774,-0.490563539433066,-1.43379202943623,0.368571518362733,-0.593899024179223,-1.20904256940198,2.42394987920965,-0.712382893105428,-3.0624183260662,0.504331509392333,-1.46342764737006,-3.35862844600061,-0.908976961764152,-0.491692509168571,-0.807126261944272,1.07134431872477,0.0511698111770338,0.285108711912541,3.35862844600061,1.25822517788754,0.827994677297361,2.31805836482816,0
"106","DTXSID00873115",1.11461859611056,-1.2430592170891,1.48842114413406,1.70503832152293,-1.36724910973408,-0.906604613700839,-0.414214613885628,-1.46591403366709,-1.78858817068251,-1.44392948305633,-0.263865888152936,-1.17579213160579,-0.773652446521299,-0.258129820806723,-0.599267835250048,-0.490563539433066,-1.43379202943623,-0.00339022395263204,-0.593899024179223,-1.20904256940198,2.85271796689616,-0.712382893105428,-3.0624183260662,0.574725222548207,-1.46342764737006,-3.35862844600061,-0.605877298255912,-0.696925973991299,-1.65919920248388,0.904169419450994,0.0452017140223181,0.00339022395263204,3.35862844600061,1.18765017361639,0.802523820538289,2.2148806639054,0
"107","DTXSID00873291",1.14688879528488,-0.262302561710454,1.69665009794979,1.016860268602,-0.352984729893449,-0.735721800434643,-0.924964595993164,-0.945077806723547,-1.14580836628782,-1.07130243976608,-0.314812042749144,-0.930375137814519,-0.362934822033665,-0.246886376480163,-0.31799603589301,-0.490563539433066,-0.526592708992943,0.136593635030497,-0.593899024179223,-1.20904256940198,2.07486600408494,-0.712382893105428,-3.0624183260662,0.357271893117772,-0.694470234682985,-1.43488408444183,-1.02282527510716,-0.892528196747055,-0.971616845412569,1.26891465423014,0.0270091970289671,0.136593635030497,3.0624183260662,0.897347858721671,0.612550660289575,1.68141270389233,0
"108","DTXSID00873317",2.27096739985724,-2.42839088033813,1.9974252534614,2.17501357717624,-1.36724910973408,-0.738125022451906,-2.08874491236676,-2.38525974286154,-1.81385283001779,-1.13839871590702,0.306482525497334,-0.371174987675843,0.174363178388504,-0.443040824359177,1.01558634147811,-0.490563539433066,-1.43379202943623,1.06391399614658,-0.593899024179223,-1.20904256940198,2.35699143590166,-0.712382893105428,-3.0624183260662,1.12083399251845,-1.46342764737006,-3.35862844600061,-0.177966286887356,0.252900033143049,0.587831825334539,1.7840783298477,0.0326876084537736,0.174363178388504,3.35862844600061,1.34609152254477,0.889493239101634,2.48464286859487,0
"109","DTXSID00873337",1.11999696263961,-0.960264353268262,2.27506385854904,1.99038044102673,-1.36724910973408,-0.983275850004401,-1.22940177744642,-1.98016057257148,-1.88339032418573,-2.15422970200047,0.0308940062965761,-0.784092102106428,-0.467973729476127,-0.340158866453714,0.0925373489992623,-0.490563539433066,-1.43379202943623,0.202709572513572,-0.593899024179223,-1.20904256940198,2.72529729328905,-0.712382893105428,-3.0624183260662,0.354897613847232,-1.46342764737006,-3.35862844600061,-0.567779832120623,-0.337397299447903,-1.28448708458504,0.830129254271466,0.0472418110494671,0.0308940062965761,3.35862844600061,1.20953071432753,0.883351474385852,2.34022060154142,0
"110","DTXSID00880728",1.77615767918424,-1.76051364876127,1.98585697824941,1.18470857419247,-0.352984729893449,-0.60059279469494,-1.1719206312979,-1.32406049279962,-1.4191619671897,-0.65745433241154,-0.158054643991571,-0.811711975981378,-0.272434050949704,-0.284245112749564,-0.0316102038203969,-0.490563539433066,-0.526592708992943,0.811817187505826,-0.593899024179223,-1.20904256940198,2.27923488214273,-0.712382893105428,-3.0624183260662,1.16184149254502,-0.931152367781402,-1.76370313912078,-0.612934404699587,-0.580617010714967,-0.337068859091778,2.13206710619148,0.0311635311414439,0.0316102038203969,3.0624183260662,1.03322677757132,0.725034338107781,1.96127073034928,0
"111","DTXSID00880844",1.87834664323628,-2.21178204847537,1.75449147400971,1.88967145767244,-1.36724910973408,-0.679681838490698,-1.32626815336336,-1.70201138914255,-1.35756604038389,-0.955625560098085,0.0216248272258362,-0.73754749983566,-0.330788999528878,-0.337138440401683,0.226304522139732,-0.490563539433066,-1.20699219932541,1.66585603181687,-0.593899024179223,-1.20904256940198,2.35856298418136,-0.712382893105428,-3.0624183260662,1.85922633249078,-1.32821778843993,-3.03168486268126,0.240884144006768,0.0316817307646948,0.126567320859388,2.3623709884078,0.03522370248468,0.0216248272258362,3.0624183260662,1.23521495796328,0.864277976640406,2.341490768063,0
"112","DTXSID00881215",1.57715811760923,-0.948230529275886,1.98585697824941,2.79605230786098,-1.36724910973408,-0.748136808303372,-1.1719206312979,-0.370251602721489,-0.987938675124216,-1.20915704811688,-0.158054643991571,-0.811711975981378,-0.298892419902026,-0.284245112749564,-0.0316102038203969,-0.490563539433066,-1.20699219932541,0.823950520422932,-0.593899024179223,-1.20904256940198,1.97951450247261,-0.712382893105428,-3.0624183260662,0.790689535329346,-0.931152367781402,-1.92059039546357,-0.817091632405897,-0.809274786852936,-0.773556304092821,0.927940209324421,0.0335172811390878,0.0316102038203969,3.0624183260662,1.05985083234652,0.710522059109203,1.9693190680063,0
"113","DTXSID00883355",1.11999696263961,-0.87602758532163,-0.21211531202774,2.04073493270387,-1.36724910973408,-0.710394128534916,-1.36108678261741,-2.11696548433538,-1.32863133826195,-1.10415767018781,0.130951444348477,-0.542294365534825,-0.114675764428404,-0.390772463421563,0.547204391420639,-0.490563539433066,-1.43379202943623,0.346497910737507,-0.593899024179223,-1.20904256940198,2.31626205700161,-0.712382893105428,-1.43361242296418,0.489492550115815,-1.46342764737006,-3.02316369933001,-0.06036161111241,0.419781881745594,-0.737970425120255,0.55423221770775,0.0509827051987483,0.06036161111241,3.02316369933001,0.974924673809314,0.716728491279262,1.89233714264677,0
"114","DTXSID00883895",0.958645966767981,-0.803824641367374,1.49998941934604,0.127264248972512,-1.36724910973408,-1.03093634824716,-0.695648277495904,-2.00823727987576,-2.01738624080128,-2.59576767593872,-0.158054643991571,-1.04056235951672,-0.816326925285967,-0.284245112749564,-0.389227205860052,-0.490563539433066,-1.43379202943623,-0.0519712307995121,-0.593899024179223,-1.20904256940198,2.78727232909017,-0.712382893105428,-3.0624183260662,0.269149181385889,-1.46342764737006,-3.35862844600061,-0.624349886981911,-0.627868075663429,-1.58874076446406,0.650094747361245,0.0524888960280671,0.0519712307995121,3.35862844600061,1.15723220488966,0.888872546175475,2.29498906399426,0
"115","DTXSID00883936",1.12537532916867,-0.51501286555035,1.2223508142584,0.983290607483908,-1.36724910973408,-0.562800797116962,-1.43863314942703,-1.00248283551488,-1.50654721558171,-0.528484228087722,-0.158054643991571,-0.683555761201589,0.116060859290478,-0.284245112749564,0.0808985159224199,-0.490563539433066,-0.526592708992943,0.148726967947603,-0.593899024179223,-1.20904256940198,-0.549463598442481,-0.712382893105428,-3.0624183260662,-0.0332974429899371,-0.714712785540087,-1.53978816723029,-1.02150925853334,-1.21086788411331,-0.545150642479019,0.410828108307401,0.0249827951974265,0.0332974429899371,3.0624183260662,0.811476192061388,0.6170444852237,1.60129313314772,0
"116","DTXSID00884362",0.420809313862544,0.333371725912158,0.574527402387242,-1.18195253463315,-1.36724910973408,-0.984813285431587,-1.66832213125463,-1.55062853913965,-1.86754670935539,-2.16847286245009,0.270640530742061,-0.282808596480448,-0.0756707958915639,-0.445036719084981,0.515038589312613,-0.490563539433066,-1.43379202943623,-0.170682425155479,-0.593899024179223,0.314444906623166,1.62625679840619,-0.712382893105428,-0.255068278851253,-0.0653222304998705,-1.46342764737006,-2.94883795392644,-1.02026846882975,-0.838656569040547,-1.22544786877966,0.0823235859582326,0.215366838387232,0.0653222304998705,2.94883795392644,0.898275435508893,0.712845811211094,1.81071807385909,0
"117","DTXSID00885233",0.388539114688218,0.32735481391597,-0.269956688087665,-1.53443397637314,-1.36724910973408,-0.894856276370156,-1.66832213125463,-1.70010468987263,-1.79703262242603,-1.88322804829132,0.270640530742061,-0.282808596480448,-0.0867611663379236,-0.445036719084981,0.515038589312613,-0.490563539433066,-1.43379202943623,-0.23938235731088,-0.593899024179223,0.314444906623166,1.62819041952318,-0.712382893105428,-0.253561604200344,-0.080633597579474,-1.46342764737006,-2.95140653426678,-0.98164130067468,-0.784302782934184,-1.11120510596644,0.0441344481287918,0.22671868857749,0.0441344481287918,2.95140653426678,0.88381104212346,0.711919830706669,1.795068425428,0
"118","DTXSID00885298",1.49648261967342,-0.851959937336878,0.204342595603721,-1.11481321239696,-1.36724910973408,-0.557412615505778,-1.87600246738357,-2.09401203819689,-1.38633635771558,-0.659280923415189,0.318634863918328,-0.212851807963435,0.373198440439949,-0.474925450326465,1.24589872657432,-0.490563539433066,-1.43379202943623,0.399698642376794,-0.593899024179223,-1.20904256940198,0.649407127306597,-0.712382893105428,0.152947985620955,0.166847431402413,-1.46342764737006,-2.27293438437063,-0.745892136432116,-0.658559221962782,0.448332701600946,0.514094654478849,0.0526458496936942,0.152947985620955,2.27293438437063,0.871507438488754,0.586729294533522,1.62252093549166,0
"119","DTXSID00885475",-0.219216303094924,0.74853865364913,-0.466617366691411,0.395821537917264,-1.36724910973408,-0.559285750636368,-1.21714867461243,-2.01074823789882,-1.24846784376945,-0.730186180752973,-0.12985459078304,-0.629309352257511,-0.107542620866229,-0.323058073379294,0.123053387927558,-0.490563539433066,-0.526592708992943,-0.361159065641583,-0.593899024179223,-1.20904256940198,1.77767521771282,-0.712382893105428,-0.251511547279642,-0.416930363637383,-0.600004997349845,-1.38171854850862,-1.37834534998926,-1.50721451328284,0.0418688011375664,-0.215785500159341,0.303353890152962,0.0418688011375664,2.01074823789882,0.724693077459401,0.539044715992026,1.41467031392919,0
"120","DTXSID00893676",2.0881029378694,-2.36220484838007,1.46528459371009,0.815442301893438,-1.36724910973408,-0.510349305750863,-1.83134722841349,-2.04861083247354,-1.36241574391707,-0.759239465487604,0.301727769276687,-0.24767015679706,0.288139370015222,-0.464367036567264,1.23642290361491,-0.490563539433066,-1.43379202943623,1.80649780826269,-0.593899024179223,-1.20904256940198,0.561129271683019,-0.712382893105428,0.373078345192465,1.70459012762964,-1.46342764737006,-2.27207819092386,1.01226853197742,1.25422322837407,2.61301396417821,2.45433666726237,0.011466306920685,0.24767015679706,2.61301396417821,1.23676324807702,0.718053185631609,2.15587132568548,0
"121","DTXSID00934518",0.571403576676067,0.0325261261027581,0.863734282686867,-0.695192448420789,-1.36724910973408,-0.717808339596245,-2.12164018265483,-2.22731969333091,-2.08534089764042,-1.19431734200571,0.404979071911784,-0.0740622307972533,0.267064692472126,-0.50038686085277,1.02026012637548,-0.490563539433066,-1.43379202943623,-0.0526386832978986,-0.593899024179223,1.13616188466079,0.197803557721225,-0.712382893105428,-0.533146757648345,0.106889399196708,-1.46342764737006,-2.98642892335161,-0.968016714870241,-0.755544434242158,-0.300328188573991,0.325097390731106,0.102077263707794,0.0325261261027581,2.98642892335161,0.873313534969206,0.72824574959901,1.80546809445594,0
"122","DTXSID00938273",1.73313074695181,-1.94703792064309,1.89331077655353,1.45326586313722,-1.36724910973408,-0.829320205670956,-2.15248135971379,-2.11286725330269,-1.65734576687657,-1.44526496620843,0.325653900746085,-0.34054942164391,0.23806495326556,-0.451139339976118,1.06279279731425,-0.490563539433066,-1.43379202943623,0.623252321675817,-0.593899024179223,-1.20904256940198,2.33106169555092,-0.712382893105428,-3.0624183260662,0.70762451463084,-1.46342764737006,-3.35862844600061,-0.741544096268493,-0.610676048369989,-0.300328188573991,1.31684591905689,0.0509359312505083,0.23806495326556,3.35862844600061,1.26549872136193,0.810225447332451,2.30258729394746,0
"123","DTXSID00941560",1.61480668331261,-1.23102539309672,1.58096734582994,2.00716527158577,-1.36724910973408,-0.847112004023258,-1.97665667737715,-1.83887844765519,-1.48702157864462,-1.58447389846285,0.194649503212969,-0.425033741732011,0.184354911189806,-0.398240434722284,0.755950834379302,-0.490563539433066,-1.43379202943623,0.363989933713091,-0.593899024179223,-1.20904256940198,2.14768995962255,-0.712382893105428,-3.0624183260662,0.316444602079756,-1.24724758501152,-2.71334398494621,-1.17689496254846,-1.21237556200821,-0.545150642479019,0.77713208340612,0.0468544003784719,0.184354911189806,3.0624183260662,1.18319845107985,0.736917054763164,2.1264522811767,0
"124","DTXSID00959685",1.99129234034642,-2.1455960165173,2.02056180388537,3.01425510512859,-1.36724910973408,-0.707293165814189,-2.0224069773729,-2.13008714544824,-1.81568452173191,-1.09614036593529,0.286352581486147,-0.403050576811121,0.133335244820468,-0.434669194340327,0.966904683897062,-0.490563539433066,-1.43379202943623,1.48445674530883,-0.593899024179223,-1.20904256940198,2.34694926409452,-0.712382893105428,-3.0624183260662,1.7283267782431,-1.46342764737006,-3.35862844600061,0.127545521434112,0.461406248154839,0.611332794265371,2.40172918147692,0.0298908727236976,0.127545521434112,3.35862844600061,1.40069266137466,0.914429797177965,2.57116280176246,0
"125","DTXSID00961400",1.4749691535572,-1.03848420921871,1.10666806213855,1.80574730487721,-1.36724910973408,-0.844935895200902,-1.46959085242415,-1.98042726989346,-1.88037989410285,-1.4778516899577,0.0308940062965761,-0.668680486271792,-0.227760217385119,-0.340158866453714,0.24966159553664,-0.490563539433066,-0.980192369214586,0.178009062555409,-0.593899024179223,-1.20904256940198,2.26511368051595,-0.712382893105428,-3.0624183260662,0.299552788103038,-1.2163647189603,-2.84030524176831,-1.23875842024885,-1.28134939031548,-1.00638020532062,0.75998593989086,0.0560107569054383,0.0308940062965761,3.0624183260662,1.13659255940426,0.754634263454651,2.10252441662622,0
"126","DTXSID00964350",0.350890548984838,0.140830542034142,0.979417034806717,-0.309141345562709,-1.36724910973408,-1.03093634824716,-0.695648277495903,-2.08020044666243,-2.58432390223866,-2.59576767593871,-0.263865888152936,-1.04056235951672,-0.772412135252847,-0.258129820806722,-0.489681419916139,-0.490563539433066,-1.43379202943623,-0.311233618762238,-0.593899024179223,-1.20904256940198,2.34601007418615,-0.712382893105428,-3.0624183260662,-0.282266184566898,-1.08582621792028,-2.70971535557653,-1.4814379414434,-1.55282748497613,-1.66386183067309,0.00399688489988972,0.227909086514457,0.00399688489988972,3.0624183260662,1.12994436099925,0.864693717984046,2.23675232001883,0
"127","DTXSID00964774",-0.552675027896295,1.59090633311545,-0.570731843599276,-1.36658567078267,-1.36724910973408,-0.866717061745355,-1.98408252353436,-2.00600750018989,-2.1397772921486,-1.36375228382112,0.30172776927669,0.00719188625207824,0.305056359316085,-0.464367036567264,0.643817155104409,-0.490563539433066,-1.43379202943623,-0.615925684275887,-0.593899024179223,1.14129019127378,1.25524944408632,-0.712382893105428,-0.528271919217735,-0.638035284544507,-1.07336926354668,-2.23440567926566,-1.65799032098928,-1.59133047200734,-1.02275909604653,-0.593000657495041,0.566736669130758,0.00719188625207824,2.23440567926566,1.03709701173288,0.602310735975754,1.80805475378184,0
"128","DTXSID00990114",1.14688879528488,-0.972298177260638,1.55783079540597,-0.695192448420789,-0.352984729893449,-0.267109044153068,-0.942305501316431,-0.778144987036033,-0.732904882480744,0.304683726466859,-0.154816444167351,-0.674857539396343,-0.112115413259578,-0.319181221940283,0.149236657315513,-0.490563539433066,-0.526592708992943,0.754502087965768,-0.593899024179223,-1.20904256940198,1.17945068683026,-0.712382893105428,0.353237569655706,0.454667880946374,-0.724055501320287,-0.818914056160425,-0.628886287462443,-0.618707222497763,-0.271218803815919,0.901441623891748,0.0178766736909106,0.112115413259578,1.55783079540597,0.646603760648575,0.35010335159228,1.09473605068669,0
"129","DTXSID00993069",-0.751674589471306,1.78946442898965,-0.836802173474931,-1.24909185686934,-1.36724910973408,-0.600568234374506,-1.12636393569241,-1.7531678328187,-1.53249514705471,-0.811331761085389,0.016294938392395,-0.216457178086459,-0.0233460827624898,-0.384435381099325,0.198092661080447,-0.490563539433066,-1.43379202943623,-0.916470009263847,-0.593899024179223,0.788812952891667,0.138409718921383,-0.712382893105428,-0.342600951325387,-0.789977359973579,-0.613759551137363,-1.8598414318589,-1.0846794681349,-1.07026601458592,-0.798591201081868,-0.866169898499511,0.581516604342357,0.016294938392395,1.8598414318589,0.838568378493813,0.514301184133499,1.49687389418469,0
"130","DTXSID00997542",0.087350589061174,1.15167175739373,-0.339366339359575,-0.409850328916991,-1.36724910973408,-0.667940118041442,-2.2548570054223,-2.40091850699524,-1.86271945989425,-1.33157215152068,0.566513408031478,0.421506596196555,0.473815912672191,-0.597818544356378,1.04616658877047,-0.490563539433066,-1.43379202943623,-0.236855572852701,-0.593899024179223,2.23664386961524,1.51237147261804,-0.712382893105428,-0.709371889039912,-0.493567303361387,-1.46342764737006,-2.85420819249931,-1.19286202430361,-1.20633492181112,-0.449497920639709,-0.233321328754492,0.341993393565396,0.087350589061174,2.85420819249931,1.02661386817954,0.725241187341335,1.95492258797644,0
"131","DTXSID101017702",0.313241983281457,0.562014381767302,-0.37407116499553,0.1944035712087,-1.36724910973408,-0.796137150716395,-0.998395944846231,-1.23055951996329,-1.62728122370765,-1.50254428029581,-0.0577425698950392,-0.665561991000668,-0.212362255176521,-0.335787699304081,0.176991649758147,-0.490563539433066,-1.43379202943623,-0.236145212693704,-0.593899024179223,-1.20904256940198,2.05100890377279,-0.712382893105428,-1.44111586771546,-0.0876494675034819,-1.12086140209603,-2.39940638779458,-1.30646961312152,-1.3422255210134,-1.46662249762983,-0.313986140292189,0.229930316546272,0.0577425698950392,2.39940638779458,0.88731718549466,0.623227851799197,1.68504883579763,0
"132","DTXSID10145592",0.410052580804436,0.351422461900722,1.09509978692657,-0.493774481712225,-1.36724910973408,-0.717808339596245,-2.12164018265483,-2.28031775993837,-2.10172562250084,-1.19431734200571,0.404979071911784,-0.0740622307972533,0.255788320662003,-0.50038686085277,1.02026012637548,-0.490563539433066,-1.43379202943623,0.0839983781576048,-0.593899024179223,0.545734752283541,1.4664198926038,-0.712382893105428,-0.350643815211321,0.0931433687797049,-1.46342764737006,-2.97056895902798,-0.720737148792059,-0.54780525392857,-0.580529046446983,0.353154716483348,0.115442643357952,0.0740622307972533,2.97056895902798,0.893189491453741,0.725103583290403,1.82132207806546,0
"133","DTXSID10146165",0.211053019229424,0.104729070057014,0.516686026327316,1.25184789642866,-1.36724910973408,-0.649296115831197,-1.08142230215803,-0.314132894549807,-1.16641124714697,-0.451582221054169,-0.0259363024985772,-0.557264631334494,-0.172250452675314,-0.352412283951613,0.0205156005249166,-0.490563539433066,-0.753392539103765,0.195353292477779,-0.593899024179223,0.0278868167207004,-0.549463598442481,-0.712382893105428,0.541721543535748,0.170409910290273,-0.994475219180539,-1.19641382395613,-0.273949802598998,0.239168890195085,-0.932840738755778,0.0702433484815728,0.125232894114039,0.0205156005249166,1.36724910973408,0.532831805131938,0.403473469594331,1.04927784621268,0
"134","DTXSID10164864",-0.563431760954403,0.802690861614822,-0.663278045295156,-0.829471092893165,-0.352984729893449,-0.56327536687461,0.145516610614257,0.172027444469073,-1.0122072797461,-1.76413284378246,-0.562526716111055,-0.766121696979283,-0.829771188891489,-0.294411103647791,-1.07816387230448,-0.490563539433066,-0.526592708992943,-0.627024465820494,-0.593899024179223,1.37038904064102,-0.549463598442481,-0.712382893105428,-0.115110708156411,-0.848212807188313,0.53098265182,-0.338915701450536,-1.3476148016797,-1.22764054922512,-1.16144662639432,-0.585206955897196,0.280020846929211,0.115110708156411,1.76413284378246,0.714181889549928,0.387465304472942,1.21013747927529,0
"135","DTXSID10166025",2.27096739985724,-2.38025558436863,2.00899352867338,2.82962196897907,-1.36724910973408,-0.71796994598554,-2.0053972504514,-2.41319527441288,-1.83258339577121,-1.06203373468087,0.281161841206535,-0.411223804794522,0.10519054025795,-0.432532370310374,0.954495633925428,-0.490563539433066,-1.43379202943623,1.80783748077731,-0.593899024179223,-1.20904256940198,2.38789204450256,-0.712382893105428,-3.0624183260662,1.94139655236031,-1.46342764737006,-3.35862844600061,0.690270369472799,1.46359381064433,1.63062120155076,2.67100157168247,0.0259773838172785,0.10519054025795,3.35862844600061,1.53298796297975,0.890712265655054,2.67309966301822,0
"136","DTXSID10167799",0.894105568419328,-0.701537137432178,1.24548736468237,1.48683552425532,-1.36724910973408,-0.991219266378194,-2.04163536432764,-1.6067861938236,-2.19547982794667,-2.22781936432351,0.194649503212969,-0.393811275612495,0.193632948791009,-0.398240434722285,0.755950834379297,-0.490563539433066,-1.20699219932541,-0.00797180860227415,-0.593899024179223,-1.20904256940198,1.86756279780146,-0.712382893105428,-3.0624183260662,0.0590752854566412,-1.19716024763434,-2.62181282837408,-1.46432320415432,-1.39576201276713,-1.239324428978,0.54721788626969,0.0568426586704012,0.00797180860227415,3.0624183260662,1.14566495898634,0.768942306063942,2.12991111074818,0
"137","DTXSID10169495",1.34588835685989,-1.11068715317296,1.60410389625391,1.99038044102673,-1.36724910973408,-0.87409140045231,-2.19360164832478,-1.84822995430069,-1.7693889966501,-1.6038513774331,0.337935563014814,-0.320790991945888,0.285108711912541,-0.4563918125681,1.09347699360774,-0.490563539433066,-1.43379202943623,0.505971382673535,-0.593899024179223,-1.20904256940198,2.31378305556957,-0.712382893105428,-3.0624183260662,0.502621468474546,-1.46342764737006,-3.35862844600061,-0.841432721789947,-0.767969220400777,-0.807126261944272,1.13330424642764,0.0454084408847815,0.285108711912541,3.35862844600061,1.24658464131769,0.782171357845019,2.24776397935931,0
"138","DTXSID10171876",-0.251486502269251,0.910995277546206,-0.443480816267441,-0.644837956743648,-1.36724910973408,-1.04840132406419,-1.1719206312979,-2.20482522081473,-2.06340528487791,-3.25203461431036,-0.158054643991571,-0.811711975981378,0.23899015270927,-0.284245112749564,-0.256627643306026,-0.490563539433066,-1.20699219932541,-0.614495428922201,-0.593899024179223,-1.20904256940198,2.38815309853092,-0.712382893105428,-3.0624183260662,-0.870733524103479,-0.931152367781402,-2.71664644538378,-1.81363650599611,-1.6576384999306,-1.79256696016426,-0.497138127841547,0.333893098876936,0.158054643991571,3.25203461431036,1.1888575258943,0.871185885841531,2.30397545977146,0
"139","DTXSID10179796",0.990916165942306,-0.683486401443614,1.58096734582994,1.35255687978294,-1.36724910973408,-0.790528221264456,-1.72757171073357,-2.62787994521087,-1.87109825600588,-1.33694766709499,0.194649503212969,-0.544719861856817,0.120131736842806,-0.398240434722285,0.544996984861521,-0.490563539433066,-1.43379202943623,0.0167287013558894,-0.593899024179223,-1.20904256940198,2.40986915107563,-0.712382893105428,-3.0624183260662,0.0225945308751158,-1.46342764737006,-3.35862844600061,-1.07920571523686,-1.08603935419317,-1.239324428978,0.542931350390875,0.0633447218912929,0.0167287013558894,3.35862844600061,1.16175959772125,0.854339246515072,2.25531383326054,0
"140","DTXSID10182245",0.0604587564159023,0.983198221500462,0.100228118695856,-0.35949583723985,-1.36724910973408,-0.664430709978738,-1.52170987006053,-1.63243785676811,-1.10723233309394,-1.17991094354867,0.19885916298446,-0.422022780780583,0.173850669840887,-0.436541366535142,0.755886858677169,-0.490563539433066,-0.980192369214586,-0.165347572686229,-0.593899024179223,-1.20904256940198,1.02400819050516,-0.712382893105428,0.107745536759714,-0.487615280291974,-1.46342764737006,-1.71942570658745,-0.90035297881249,-0.734189261394012,-0.348898579968148,-0.146811241018412,0.333110781817363,0.0604587564159023,1.71942570658745,0.734913832886077,0.500539221270038,1.37560403611173,0
"141","DTXSID10183732",2.69047998912348,-1.53187099290612,1.67351354752582,0.395821537917264,-1.36724910973408,-0.678344917785138,-1.79821283311531,-2.33833534523139,-1.56243470296871,-0.965623501086405,0.233267894252341,-0.457219775869738,0.0403160019542081,-0.421941341970646,0.840314725038992,-0.490563539433066,-1.20699219932541,2.1545742861715,-0.593899024179223,-1.20904256940198,0.994466733883157,-0.712382893105428,0.161828951684579,1.9431465575928,-1.46342764737006,-2.84976414079937,1.19030605561951,2.29586480042051,2.67559442986376,2.38809020368069,0.0233543761850427,0.0403160019542081,2.84976414079937,1.31082967496702,0.826567506485937,2.36883608326902,0
"142","DTXSID10186667",0.29172851716524,0.586082029752054,-0.408775990631485,0.681163657421062,-1.36724910973408,-0.878422753870341,-2.3314331999056,-1.97788515539056,-2.35089004911653,-1.18284615933633,0.451718976067074,-0.00737725408493621,0.751113153104257,-0.524557571474973,1.69331778453522,-0.490563539433066,-1.43379202943623,-0.230800825188763,-0.593899024179223,-1.20904256940198,1.30235047129518,-0.712382893105428,-1.47404842741845,-0.121572048672292,-1.46342764737006,-2.79798482282761,-1.16070505270622,-1.00872079104826,-1.20563414869697,-0.27267952182361,0.31895286332447,0.00737725408493621,2.79798482282761,1.0320721724731,0.703392144738604,1.93241411773852,0
"143","DTXSID1020437",-0.445107697315207,1.21785778935179,-0.524458742751336,-1.06445872071982,-1.36724910973408,-1.04840132406419,-0.309865344069212,-2.81357003335209,-4.30119597170827,-3.25203461431036,0.272043483798411,0.0456416556307871,1.2386663231443,1.20422982551945,2.07673066488959,-0.490563539433066,-1.43379202943623,-0.539497605692734,-0.593899024179223,-1.20904256940198,-0.549463598442481,-0.712382893105428,-2.69327683628616,-0.966625569130278,-1.46342764737006,-3.04872718938378,-1.25355902809548,-0.895692451522422,-1.70521287629275,-0.499476238320901,0.463510976754696,0.0456416556307871,4.30119597170827,1.30787167988173,1.00978663003335,2.60039856632442,0
"144","DTXSID1020647",-1.18732227832471,1.93387031689817,-0.593868394023246,-0.728762109538883,-0.52202879320022,-1.04840132406419,0.399875392412317,-1.10577242445795,-0.992950718028326,-3.25203461431036,-0.627533954439154,-0.690580947349763,-0.54410756406802,-0.349873707551117,-0.362929023297345,-0.490563539433066,-0.753392539103765,-0.896827835739887,-0.593899024179223,-1.20904256940198,-0.549463598442481,-0.712382893105428,-0.235026157828265,-1.13602801817483,1.26282872126905,-0.650529344960914,-1.55938040773119,-1.49438196384596,-1.44042080955721,-0.795247213959121,0.489437195970788,0.235026157828265,3.25203461431036,0.937310873289871,0.598443883256615,1.70331904385834,0
"145","DTXSID1020778",1.01780799858758,-0.436793009599906,1.29176046553031,1.48683552425532,-1.36724910973408,-0.800590782618694,-1.1719206312979,-1.14573543772979,-1.6654380738031,-1.49933936585658,-0.158054643991571,-0.811711975981378,-0.295059243720699,-0.284245112749564,-0.0878645636918005,-0.490563539433066,-1.20699219932541,0.104727545750365,-0.593899024179223,-1.20904256940198,2.07084091522915,-0.712382893105428,-3.0624183260662,-0.0358499419924843,-0.931152367781402,-2.27913159408064,-1.33034411398462,-1.21885835935718,-1.16144662639432,0.245991319512979,0.0419706364986037,0.0358499419924843,3.0624183260662,1.00580157582476,0.701215714663893,1.90335769059454,0
"146","DTXSID1020805",0.388539114688218,0.32735481391597,-0.269956688087665,-1.53443397637314,-1.36724910973408,-0.894856276370156,-1.66832213125463,-1.70010468987263,-1.79703262242603,-1.88322804829132,0.270640530742061,-0.282808596480448,-0.0867611663379236,-0.445036719084981,0.515038589312613,-0.490563539433066,-1.43379202943623,-0.23938235731088,-0.593899024179223,0.314444906623166,1.62819041952318,-0.712382893105428,-0.253561604200344,-0.080633597579474,-1.46342764737006,-2.95140653426678,-0.98164130067468,-0.784302782934184,-1.11120510596644,0.0441344481287918,0.22671868857749,0.0441344481287918,2.95140653426678,0.88381104212346,0.711919830706669,1.795068425428,0
"147","DTXSID1020809",-1.8488613613984,2.39717254060464,-0.628573219659201,-0.930180076247447,-1.36724910973408,-1.03093634824716,-0.0541730286649612,-1.84129669160652,-1.10609277141288,-2.59576767593871,0.031228784799257,-0.713562562475523,-0.0647292213985642,2.91194970966401,0.642806032320952,-0.490563539433066,-1.43379202943623,-0.980588356769606,-0.593899024179223,-0.029946877607212,-0.335534956343778,-0.712382893105428,-0.179705528868055,-1.44962180744025,-1.46342764737006,-1.62932153909328,-1.21841659830037,-0.878622241481612,-1.44042080955721,-1.29677191178045,0.67019103062888,0.029946877607212,2.91194970966401,1.07658649649794,0.754811225060622,2.04274486457553,0
"148","DTXSID1020930",-0.778566422116578,2.4693754845589,-0.640141494871186,1.73860798264102,-0.352984729893449,-0.746376370495366,-0.788465929965546,-1.07389267847859,-1.07287546185931,-1.1993079892057,0.0815400821675798,0.0339279104516718,0.483994390132973,-0.381271679904933,0.957521777206663,0.757361253861575,-0.980192369214586,-0.683858046058144,0.968201751945378,-1.20904256940198,2.0674289997888,1.98572119057943,-2.36819621758134,0.00534892000217615,-0.415486360690882,-1.10231408704367,-1.22014861883326,-1.33287173065801,-1.05716043400718,-0.628461999765236,0.495848814072642,0.00534892000217615,2.4693754845589,0.98602149777937,0.635506592471447,1.79946993614282,0
"149","DTXSID1020980",-0.961430884104426,1.53675412514976,-0.536027017963321,-0.879825584570306,-1.36724910973408,-1.04840132406419,-2.25931908271475,-2.74463177096865,-2.03322248556939,-3.25203461431036,1.14936712325387,1.9732587755016,1.32913776338474,-0.834707314684679,1.60158771911341,-0.490563539433066,-1.43379202943623,-1.14873871118466,-0.593899024179223,-1.20904256940198,-0.341227478150696,-0.712382893105428,-0.341765686430479,-1.29398405451743,-1.46342764737006,-1.3263513722837,-1.74021368023303,-1.58991223628321,-1.21603000661226,-0.831877611468993,0.716333071226415,0.341227478150696,3.25203461431036,1.3080054411726,0.670907749952386,2.16676736111165,0
"150","DTXSID1020982",-2.08550948867679,1.95192105288673,-0.755824246991036,-0.846255923452212,-1.36724910973408,-0.77119681206352,-1.25555260885893,-1.93363856264393,-1.18498155945852,-1.52049180115555,1.15908172272654,2.50888039372272,1.08569656868797,-0.909126238428256,0.972022852974084,-0.490563539433066,-1.43379202943623,-1.48313718039438,-0.593899024179223,2.23855728503623,-1.60056020562959,-0.712382893105428,-0.285516499463189,-1.68731956749344,-1.46342764737006,-0.487444878908119,-1.5351790613604,-1.3197107757112,-1.02275909604653,-1.31547679561528,0.830891009158,0.285516499463189,2.50888039372272,1.26590518072144,0.543514679451043,1.96160397041878,0
"151","DTXSID1021166",1.14151042875583,-0.63535110547411,0.956280484382747,1.50362035481436,-0.352984729893449,-0.331497133280588,-1.18484503986827,-1.21068329872281,-0.650604511842056,-0.258347431604019,0.0731308664050622,-0.221245739019464,0.487815406033379,-0.409475686306591,0.984779522247767,-0.490563539433066,-0.526592708992943,0.446897069048444,-0.593899024179223,-1.20904256940198,0.103666593471749,-0.712382893105428,-1.39922416423362,0.663313687411403,-0.817742179005077,-1.06362229747264,0.0726836405666437,0.0597344368453318,1.18678966041357,0.2600199823891,0.0112189539829575,0.0597344368453318,1.50362035481436,0.666944872820691,0.427284820592135,1.21386944317862,0
"152","DTXSID1021324",-0.837728453936176,0.784640125626258,-0.154273935967815,-0.963749737365541,-1.36724910973408,-1.04840132406419,-0.601404456138417,-2.42041551845313,-4.30119597170827,-3.25203461431036,7.78691218288353,5.3130799779951,8.25401119910569,-0.432660319976612,0.659355458214357,-0.490563539433066,-1.43379202943623,-0.67861377642796,-0.593899024179223,-1.20904256940198,-5.32402035656127,-0.712382893105428,-0.0510779237816655,-0.621751855182358,-1.46342764737006,-1.14867084651918,-1.25355902809548,-0.916884544292814,-1.62677247444894,-0.325287007609064,0.41136022997668,0.0510779237816655,8.25401119910569,1.86756193004414,2.16520429986812,4.63902343387534,1
"153","DTXSID1021407",-0.536539928309131,0.65828497370631,-0.3972077154195,0.53010018238964,-1.36724910973408,1.52327055178638,-1.25030174530327,-0.739682997332092,-0.51590925852004,0.367967165736261,1.95119174893711,4.84633864178509,1.91677718996412,-1.28042519284044,0.469663544870692,-0.490563539433066,-1.43379202943623,-2.09041883605176,-0.593899024179223,-1.20904256940198,-2.36022540446548,-0.712382893105428,-0.218323319807089,-2.02885282534955,-1.46342764737006,0.164974527536088,0.0381598117120535,0.646582119146733,0.0908354502281737,-0.826811705430393,0.353025872128896,0.0381598117120535,4.84633864178509,1.09064005497625,0.965046073491075,2.32589902904482,0
"154","DTXSID1021453",-1.13353861303417,-2.81949016009035,0.609232228023197,0.664378826862016,2.8588524729352,0.525125068336038,0.601976684117044,1.21401849333465,1.10800266941381,1.15545875119764,-0.260875489521997,-0.0365943383038609,-0.00256358072080605,-0.126411588415296,-0.137124482952364,-0.490563539433066,4.00940389322349,3.71873491358781,-0.593899024179223,0.694799587166342,-0.549463598442481,-0.712382893105428,0.749006151617771,1.47715992059897,0.701227694925879,2.46234540082181,2.75474139494502,2.94943138355193,3.81359975749993,2.10985505663762,0.0552225850144743,0.00256358072080605,4.00940389322349,1.36800858856651,1.22088154323847,2.93073696391174,0
"155","DTXSID10215825",0.571403576676067,0.182948926007458,0.111796393907841,-1.50086431525504,-1.36724910973408,-0.624114132768201,-1.42907204175766,-1.92631987115464,-1.49121783348916,-0.559145529729824,0.19885916298446,-0.36680909429628,0.0913697801750128,-0.436541366535142,0.835532158205227,-0.490563539433066,-1.43379202943623,-0.090306841796152,-0.593899024179223,-1.20904256940198,1.66368972003007,-0.712382893105428,0.231426921429765,-0.334203645581946,-1.46342764737006,-2.16060995837677,-0.904476704289287,-0.677786609004662,-0.773435981663246,-0.0236707557724601,0.135981810861533,0.0236707557724601,2.16060995837677,0.815198604451548,0.603258603085953,1.58736961640157,0
"156","DTXSID10218210",-0.316026900617903,0.971164397508086,-0.408775990631485,-0.829471092893165,-1.36724910973408,-0.344563594166084,-1.35907115535802,-0.628822154762153,-0.0164121799007556,0.0468219900825056,0.203068822755949,-0.056942498503309,0.8287185069148,-0.476114799798422,1.26891356131108,-0.490563539433066,-1.43379202943623,-0.635286574246955,-0.593899024179223,-1.20904256940198,-0.0245846252355796,-0.712382893105428,0.212263113148853,-0.696956877888162,-0.994734739063323,-0.689384218997993,-0.84883638577437,-0.378782121934566,-0.138298996847435,-0.272289836743717,0.41386538317481,0.0164121799007556,1.43379202943623,0.615107810012489,0.428468317698194,1.16354725666618,0
"157","DTXSID10219262",0.0550803898868481,0.98921513349665,-0.825233898262946,-0.393065498357944,-1.36724910973408,-0.556023542106178,-1.05640663553784,-1.16120666252864,-1.85015104585327,-0.588912029609931,0.128926307365706,-0.380336804450516,0.101340839524505,-0.428029005940142,0.750459831558124,-0.490563539433066,-1.20699219932541,-0.385654572332384,-0.593899024179223,-1.20904256940198,0.760359811264594,-0.712382893105428,0.150137086472342,-0.554162892329916,-1.46342764737006,-1.89213215613736,-0.967941835388364,-0.590417425004642,-1.12725579963811,-0.825642650190716,0.381040649520686,0.0550803898868481,1.89213215613736,0.78538829452623,0.479887429938798,1.39964420484789,0
"158","DTXSID1022051",-0.192324470449653,0.814724685607198,-0.455049091479426,-0.812686262334118,-0.352984729893449,-0.978988441010429,0.14765492576136,-0.00856290938370281,-0.976572710641925,-2.38071250098208,-0.745638367447871,-1.25674823002575,-0.853920831035207,-0.237016015721854,-0.931706284422212,-0.490563539433066,-0.526592708992943,-0.663348184286281,-0.593899024179223,-1.20904256940198,-0.549463598442481,-0.712382893105428,-0.103845018222408,-0.568695082313475,0.275615087161183,-0.598301544707507,-1.25911950155749,-1.17797591053563,-1.20563414869697,0.118953983468104,0.181120508956584,0.00856290938370281,2.38071250098208,0.70662410835668,0.487594082027883,1.33074453335237,0
"159","DTXSID1022180",0.388539114688218,0.32735481391597,-0.269956688087665,-1.53443397637314,-1.36724910973408,-0.894856276370156,-1.66832213125463,-1.70010468987263,-1.79703262242603,-1.88322804829132,0.270640530742061,-0.282808596480448,-0.0867611663379236,-0.445036719084981,0.515038589312613,-0.490563539433066,-1.43379202943623,-0.23938235731088,-0.593899024179223,0.314444906623166,1.62819041952318,-0.712382893105428,-0.253561604200344,-0.080633597579474,-1.46342764737006,-2.95140653426678,-0.98164130067468,-0.784302782934184,-1.11120510596644,0.0441344481287918,0.22671868857749,0.0441344481287918,2.95140653426678,0.88381104212346,0.711919830706669,1.795068425428,0
"160","DTXSID10233382",0.388539114688218,0.351422461900722,-0.894643549534856,-0.460204820594132,-1.36724910973408,-0.63700847107601,-1.80504688425156,-1.90556812495341,-2.18075084411845,-1.03583920301763,0.341882119050586,-0.113453591344167,0.169359732564557,-0.489495536180289,0.848330108908303,-0.490563539433066,-1.43379202943623,0.17157291346382,-0.593899024179223,1.6987678432611,0.143543781479015,-0.712382893105428,-0.12350391091072,-0.125677756131008,-1.46342764737006,-2.35675979992177,-0.953627411881247,-0.753797741929307,-0.583871677207372,0.403034406709557,0.116060060318235,0.113453591344167,2.35675979992177,0.833233868277863,0.653097942787092,1.66919923504534,0
"161","DTXSID10239480",0.248701584932805,0.279219517946466,-0.14270566075583,0.244758062885841,-0.352984729893449,-0.651543651917925,-0.525815820407083,-0.611612131578178,-0.672462452931851,-0.789885753450486,-0.500345879449389,-0.842740605319737,-0.3645495131448,-0.247043701364871,-0.304146449556334,-0.490563539433066,-0.072993048771299,-0.0860542158778578,-0.593899024179223,-1.20904256940198,0.680517752080997,-0.712382893105428,-1.50959255651635,-0.0318171611158816,0.0410091131250329,-0.681352309044892,-1.15371991770719,-1.25190099887876,-0.798591201081868,0.0749195694402799,0.114037127732846,0.0318171611158816,1.50959255651635,0.538895712843172,0.387590914183356,1.03501208299787,0
"162","DTXSID1024120",-0.412837498140881,2.3670879806237,-0.778960797415006,-1.4505098235779,-1.36724910973408,-0.00488213976076356,-1.10796167877928,-1.71979637836589,-1.590763022138,-0.782562627837726,0.752886387278335,1.14080907781905,0.240469275614722,1.45540317522293,0.71294632419527,0.757361253861575,-1.43379202943623,-1.41234430790475,-0.593899024179223,0.890497765882331,-0.373289230005145,-0.712382893105428,0.0537663151599063,-1.5032194568286,-1.46342764737006,-1.00556422755785,-1.34062417996765,-1.16535823734053,-0.971616845412569,-2.54025700171663,0.631907331586569,0.00488213976076356,2.54025700171663,1.07008419040773,0.594988359031199,1.83166928996767,0
"163","DTXSID1024170",-2.49964371141397,2.30691886066182,-0.21211531202774,1.48683552425532,-1.36724910973408,-1.03093634824716,-2.32706931457508,-2.01572950971013,-2.55033916148875,-2.59576767593871,0.6110020994862,0.670242629944693,1.26045076578265,-0.545420773377709,2.90693502529938,0.757361253861575,-1.43379202943623,-0.808051885936575,-0.593899024179223,-1.20904256940198,2.42533812001159,-0.712382893105428,-3.0624183260662,-0.0719961570524628,-1.46342764737006,-2.43842434629771,-1.36874840663284,-1.09628917159015,-1.5088466712262,-0.920336124604534,0.531206181026143,0.0719961570524628,3.0624183260662,1.47523368162387,0.840871269764671,2.55154890692265,0
"164","DTXSID1024174",1.65783361554505,-1.17085627313484,1.60410389625391,-0.527344142830319,-1.36724910973408,0.0664595969130853,-0.741846575187267,-1.46990796129293,-0.426789791425149,0.453196309383162,-0.21461485784693,-1.06316646142016,-0.304365712481945,2.29984566808198,-0.384589771502646,-0.490563539433066,-1.43379202943623,1.78914881082248,-0.593899024179223,-1.20904256940198,2.36414534688458,-0.712382893105428,0.769132250682335,0.708521532115431,-1.46342764737006,-3.11975047434977,0.317877718461847,1.00908892102419,0.857173583938379,0.880788314657459,0.0406023248122837,0.0664595969130853,3.11975047434977,1.04903014662986,0.710552241368453,1.95853701558148,0
"165","DTXSID1025142",-0.0309734745780217,1.07345190144328,-0.431912541055455,-1.55121880693218,-1.36724910973408,-0.990525489850409,-2.2758408890588,-1.96724930273913,-1.96443980445934,-2.38776852926778,0.483852660173841,0.11010814657389,0.4289329266696,-0.541485330574743,1.13916799214182,-0.490563539433066,-1.43379202943623,-0.610581296770946,-0.593899024179223,1.2191894778492,0.153878687857344,-0.712382893105428,-0.564097294250472,-0.486882378429318,-1.46342764737006,-2.88515346993283,-1.41435259066947,-1.36516803355422,-1.02275909604653,-0.340095040644969,0.354811598623764,0.0309734745780217,2.88515346993283,1.05001331349272,0.724882180630247,1.97786250469944,0
"166","DTXSID1025221",1.92675194199777,-1.11670406516915,1.96272042782544,3.53458485245905,-1.36724910973408,-0.960980779750623,-1.82468935730678,-0.340716748430157,-1.33300538416939,-2.08948040756462,0.135592054675472,-0.569844000501492,0.0723797619983392,0.228105618959169,0.59180423635522,-0.490563539433066,-1.43379202943623,0.696815122033751,-0.593899024179223,-0.418399157789512,-0.549463598442481,-0.712382893105428,-3.0624183260662,1.01558483661676,-1.46342764737006,-3.68968991208778,-0.342084250605365,-0.420744933770391,-1.1917847914969,1.05575691552908,0.0498151266426065,0.0723797619983392,3.68968991208778,1.17304719082863,0.951750768447652,2.39128817444163,0
"167","DTXSID1025306",0.646700708082827,-0.48492830556941,0.886870833110837,-0.476989651153179,-1.36724910973408,-0.986079408724563,-0.41421461388563,-1.66703026067236,-1.63333650335367,-2.18020252399684,-0.460372484452605,-1.17579213160578,-0.849984224753381,-0.219527916972844,-0.72711865313961,-0.490563539433066,-0.753392539103765,-0.267234196565,-0.593899024179223,-1.20904256940198,2.33113606559388,-0.712382893105428,-3.0624183260662,-0.272196801712813,-0.751564608895323,-2.36230467176757,-1.41648219870542,-1.5407099654037,-1.53050470854972,0.0484209840076065,0.113446775002033,0.0484209840076065,3.0624183260662,1.05062168072328,0.73388652143944,1.98999642816576,0
"168","DTXSID1026241",0.598295409321338,0.531929821786362,1.36117011680222,0.412606368476311,-0.352984729893449,-0.372874030166162,-0.610689634627789,-0.840570277700968,-1.35277856980541,-0.389988337151881,-0.192145716496534,-0.63752736577617,-0.444451737020219,-0.32521001553436,-0.185585942821699,-0.490563539433066,-0.299792878882121,0.376909907074725,-0.593899024179223,0.938232843773619,1.34734535912412,-0.712382893105428,0.428978548501384,0.261009548761403,-0.663327848748983,-0.839666554465644,-0.532877311485308,-0.684480935942682,-0.433644868260529,1.14460511374451,0.0337268879068466,0.185585942821699,1.36117011680222,0.611884174962121,0.332931216260063,1.038036131775,0
"169","DTXSID1026661",-0.767809689058469,1.21184087735561,-0.269956688087665,-1.04767389016078,-1.36724910973408,-0.901066580155338,-0.759131446562099,-1.83525322849247,-2.03746892082959,-2.05812973854713,-0.18393860644904,-0.831535822503103,-0.543455839973668,-0.315002440992492,-0.208446992819981,-0.490563539433066,-0.980192369214586,-0.591139358996503,-0.593899024179223,-1.20904256940198,1.51058659158697,-0.712382893105428,-0.133148166099653,-0.729692322903346,-0.891445825715549,-1.90318112871243,-1.48483214642545,-1.42706499125032,-1.239324428978,-0.532599470111742,0.480204127691401,0.133148166099653,2.05812973854713,0.958901823261192,0.557164438818636,1.67207230494905,0
"170","DTXSID1026796",-1.10664678038889,2.09632694079524,-0.871506999110886,-0.930180076247447,-1.36724910973408,-0.809091713181747,-2.06484214319334,-1.56184799477262,-1.10260782034368,-1.89123978171235,0.531181196556093,0.420691679587441,1.41087611733031,-0.61039047540935,2.39771481719941,-0.490563539433066,-1.43379202943623,-1.01229711796083,-0.593899024179223,-1.20904256940198,0.431328528131828,-0.712382893105428,-0.0969333105449113,-0.974812596078797,-1.46342764737006,-1.48295323081089,-1.56490094013714,-1.41237144164704,-0.786377327421989,-1.00801526758029,0.883825780053172,0.0969333105449113,2.39771481719941,1.12818303696009,0.552695806844713,1.83563366972132,0
"171","DTXSID1026904",-0.595701960128729,1.23590852534036,-0.883075274322871,-0.476989651153179,-1.36724910973408,-0.535113576253671,-1.9870105049334,-2.19020008365581,-1.26859797565598,-0.84917745900708,0.456396375813175,0.197904400792615,1.0057171299008,-0.562150003861051,1.99670644369222,-0.490563539433066,-1.43379202943623,-0.639572572790169,-0.593899024179223,-1.20904256940198,0.251709190901715,-0.712382893105428,-0.0958843324489535,-0.64685305880866,-1.46342764737006,-1.8005194573322,-1.2114973424355,-1.22784565970075,0.068075026299021,-0.661195546476186,0.565153051306213,0.068075026299021,2.19020008365581,0.937138612145472,0.577001630713425,1.67570069945866,0
"172","DTXSID1026908",-0.407459131611827,1.29006073330605,-0.35093461457156,-0.863040754011259,-1.36724910973408,-0.668943169304608,-2.2410406646086,-2.55242797835182,-1.70029841966227,-1.23699508910669,0.526670846800923,0.273434102170455,0.706476030282358,-0.575070072302467,1.60465919091871,-0.490563539433066,-1.43379202943623,-0.651248223994095,-0.593899024179223,1.64634038689923,-0.23545675038344,-0.712382893105428,-0.648666293271822,-0.470860666835331,-1.46342764737006,-2.5458970094265,-1.03970338796391,-1.14228311778952,0.303931052752113,-0.506100884679069,0.459838932340368,0.23545675038344,2.55242797835182,1.00831042714209,0.658531877732081,1.85123123063915,0
"173","DTXSID1027184",2.91099301681471,-2.42237396834195,-0.0501594590599497,5.06200443333232,-1.36724910973408,-0.622601919522054,2.65778151001453,1.38102276136683,1.66006926195542,-0.900732910990548,-0.283834547374208,-2.90046870283833,-1.16146779158374,14.1192184440337,1.78166443396888,-0.490563539433066,-1.43379202943623,1.41158523503851,-0.593899024179223,-1.20904256940198,-0.549463598442481,-0.712382893105428,-1.16554637739399,1.14145502250723,-1.46342764737006,-1.41282691040819,1.86135463480113,3.44444241160424,-0.737686174277461,1.01406061198061,0.0324408188301262,0.0501594590599497,14.1192184440337,1.93077236501037,2.53192836200082,5.17164066837142,1
"174","DTXSID1027267",2.67972325606538,-2.7472872161361,2.30976868418499,2.96390061345145,-1.36724910973408,-0.731574622600337,-2.06354678202025,-2.54751691220455,-1.76249968303826,-1.11358009700852,0.29885754670522,-0.383282769595443,0.145310620417586,-0.439853866024687,0.997040948113897,-0.490563539433066,-1.43379202943623,1.31859479945967,-0.593899024179223,-1.20904256940198,2.38925324709544,-0.712382893105428,-3.0624183260662,1.32937500575919,-1.46342764737006,-3.35862844600061,0.301441655578108,1.05367389772817,1.3521800592103,2.02957993017982,0.0289729367377559,0.145310620417586,3.35862844600061,1.48830819324347,0.930746143702467,2.67966325718263,0
"175","DTXSID1027269",2.92712811640188,-3.096268111915,2.11310800558125,3.2660275635143,-1.36724910973408,-0.707299611385699,-1.88126243483279,-2.4292593380395,-1.67562082466417,-1.02160521520821,0.194649503212969,-0.470870979226606,0.00401400490617769,-0.398240434722288,0.755950834379304,-0.490563539433066,-1.20699219932541,1.54857509281459,-0.593899024179223,-1.20904256940198,2.03314997508887,-0.712382893105428,-3.0624183260662,1.68560850389429,-1.32510354984653,-2.95091728086862,0.401361660857358,0.917160658180435,1.87630456243939,2.33041681185664,0.0320423942939003,0.00401400490617769,3.2660275635143,1.48841502450274,0.958901670629584,2.71580916290861,0
"176","DTXSID1027423",-0.321405267146957,0.844809245588138,-0.443480816267441,-1.29944634854648,-1.36724910973408,-1.04840132406419,0.98030302615286,0.951006128951115,-1.34618852053108,-3.25203461431036,-0.660466095050484,-0.856860344615193,-0.412617478214769,0.708813361197863,-0.205707524028314,-0.490563539433066,-0.980192369214586,-0.285017038129167,-0.593899024179223,-1.20904256940198,-0.549463598442481,-0.712382893105428,-2.78975361640201,-0.872182365120371,1.33289908962056,-1.30229641354091,-0.934449789808404,-0.448687044867741,-1.47226865263537,-0.324117952369387,0.224580115277931,0.205707524028314,3.25203461431036,0.966533505355667,0.670914090070959,1.82530354064649,0
"177","DTXSID1027471",2.37853473043833,-2.90974384003317,1.95115215261346,2.64498883282956,-1.36724910973408,-0.639305248557365,-1.78016454211353,-2.42486164721595,-1.6403679755066,-0.987978710192902,0.253789341375953,-0.415948634070156,0.109572426453163,-0.213519711605326,0.970100235887516,-0.490563539433066,-1.43379202943623,1.42295576510031,-0.593899024179223,-1.20904256940198,2.39727649835906,-0.712382893105428,-2.69969322445065,1.41503280523494,-1.46342764737006,-3.27753469525585,0.379632739058054,1.05462788151999,1.61424231082485,1.91618157193117,0.0267871869808798,0.109572426453163,3.27753469525585,1.4255854111096,0.876646704850252,2.54769319331792,0
"178","DTXSID1027500",-1.3648083737835,2.51149386853221,-0.964053200806767,-1.31623117910553,-1.36724910973408,-0.79527230929915,-2.49777514154611,-2.71970745229651,-1.7749418525034,-1.71563988214912,0.683944114816271,0.682511084184088,1.17115534750347,-0.666772522916738,2.11362938248036,-0.490563539433066,-1.43379202943623,-1.20919083746714,-0.593899024179223,1.79846038262846,-0.251983426597074,-0.712382893105428,-0.699600711031747,-1.03252907834433,-1.46342764737006,-2.34656702079347,-1.50809081673297,-1.52528575684234,-0.482255702091527,-1.17129331605514,0.745928262557767,0.251983426597074,2.71970745229651,1.30215023345885,0.662765617695728,2.15049022410938,0
"179","DTXSID1027635",1.15764552834299,-0.617300369485546,0.273752246875631,-0.460204820594132,-1.36724910973408,-0.53145723165265,-1.65689717862688,-1.2072226796291,-1.38460097431142,-0.772819715062837,0.291404173211935,-0.185200657349234,0.41777964871569,-0.478517007475448,1.28164537522992,-0.490563539433066,-1.43379202943623,0.34701757018268,-0.593899024179223,-1.20904256940198,-0.0177491582257102,-0.712382893105428,0.357103251147043,0.213238980459844,-1.46342764737006,-1.42509901647867,0.0794424236192851,0.153242150745405,0.158340912966254,0.168054303534528,0.017436868993806,0.0177491582257102,1.65689717862688,0.696869739552763,0.513309307736135,1.35390565345502,0
"180","DTXSID1027928",1.40505038867949,-0.496962129561786,1.3033287407423,0.832227132452485,-1.36724910973408,-0.505976237017672,-1.96359226772737,-2.03658337074183,-1.52542028426676,-0.998973187651273,0.703858155417575,0.839967060805964,0.570351110104756,-0.641690951536538,0.73730462155906,-0.490563539433066,-1.43379202943623,-0.320144109615703,-0.593899024179223,-1.20904256940198,-0.00656228482461212,-0.712382893105428,-0.205238801388607,-0.44909890126466,-1.46342764737006,-1.95031253940169,-1.02150400047223,-0.915404559271452,-0.0527647897232421,0.276386755744574,0.129198410467069,0.00656228482461212,2.03658337074183,0.90096863975439,0.559125536241275,1.61664932614322,0
"181","DTXSID10282698",-1.61221323412,2.30691886066182,-0.975621476018752,-1.18195253463315,-1.36724910973408,-1.04840132406419,-1.65456934789996,-2.2938223342556,-2.37294843149011,-3.25203461431036,1.0726720796929,2.22883550290381,1.58719878209286,-0.717609219869853,2.25889912037215,0.757361253861575,-1.43379202943623,-1.90792302043923,-0.593899024179223,0.447708329014702,0.491717003016445,-0.712382893105428,-0.0858720637200027,-1.31911625912593,-1.46342764737006,-1.59442146335798,-1.60119584746894,-1.42658412669277,-1.44042080955721,-1.51304713112065,0.769683103231853,0.0858720637200027,3.25203461431036,1.42399382911953,0.690651093511758,2.30802722881458,0
"182","DTXSID1029205",-0.746296222942252,1.88573502092866,-0.617004944447216,-0.963749737365541,-1.36724910973408,-1.04840132406419,-1.4979565807521,-1.67954321581604,-2.16004832495579,-3.25203461431036,0.0354043560517425,-0.407865425271781,0.274077172757642,-0.384857162734664,0.41836571266991,-0.490563539433066,-1.43379202943623,-0.777120230154185,-0.593899024179223,-1.20904256940198,1.0941143510034,-0.712382893105428,-0.274802368612277,-0.930320230094259,-0.729764938741521,-1.3773152679252,-1.77594494148315,-1.68262785534493,-1.21603000661226,-0.841619738466299,0.53625713208796,0.0354043560517425,3.25203461431036,1.06259763029318,0.678536831534082,1.9311247746568,0
"183","DTXSID1029627",-1.82196952875312,2.90259314828443,-1.25326008110639,-1.08124355127887,-1.36724910973408,-1.04840132406419,-4.24960993102963,-4.49460294432069,-4.30119597170827,-3.25203461431036,1.35146213105645,2.4674889769244,3.15423078616375,-1.09413665474589,3.80017219210958,-0.490563539433066,-1.43379202943623,-1.58906665940624,-0.593899024179223,2.5968940032832,-0.549463598442481,-0.712382893105428,-1.03744759524378,-1.48919072222955,-1.46342764737006,-2.42969932736388,-2.14701494609066,-2.13717179232045,-2.05462921177881,-1.40159719827147,0.208885923634398,0.490563539433066,4.49460294432069,1.99219637111815,1.15454772729544,3.47001746205632,1
"184","DTXSID10299842",1.75464421306803,-2.05534233657448,0.956280484382747,1.65468382984579,-1.36724910973408,-0.672621023936213,-1.89753557032565,-2.32938867975889,-1.54530253710305,-0.890212526922064,0.24796524639505,-0.463051685771687,0.0168719040733816,-0.419078952205667,0.876495891246584,-0.490563539433066,-1.43379202943623,3.85362706351181,-0.593899024179223,-1.20904256940198,2.39260719686638,-0.712382893105428,-3.0624183260662,4.19344901880955,-1.46342764737006,-3.35862844600061,3.12885020405879,4.13169105229639,4.50663308790392,5.11004048672808,0.0820071742103036,0.0168719040733816,5.11004048672808,1.8929258858837,1.41508201905189,3.70423087027012,1
"185","DTXSID10304622",1.24369939280786,-0.478911393573222,1.24548736468237,1.40291137146008,-1.36724910973408,-0.688445906930296,-2.01013620026054,-2.23623438544722,-1.84743362571724,-1.09870169078822,0.270640530742061,-0.194719517908502,0.369582036829238,-0.445036719084981,1.17779638882319,-0.490563539433066,-1.43379202943623,0.16566119133525,-0.593899024179223,-1.20904256940198,1.23880708764929,-0.712382893105428,-1.61473029522439,0.29272687366998,-1.20131256575887,-2.38717505284062,-1.08782669633659,-1.07078032769694,0.068075026299021,0.503183472241866,0.0544396842526116,0.068075026299021,2.38717505284062,1.0048981426466,0.628130203394379,1.8089048029914,0
"186","DTXSID10306287",2.2763457663863,-2.4464416163267,1.7660597492217,1.95681077990863,-1.36724910973408,-0.730426189518782,-2.08874491236676,-2.32938867975887,-1.54530253710303,-1.02224266488405,0.306482525497334,-0.371174987675843,0.174363178388504,-0.443040824359177,1.01558634147811,-0.490563539433066,-1.43379202943623,1.06391399614658,-0.593899024179223,-1.20904256940198,2.38443459638285,-0.712382893105428,-3.0624183260662,1.12004075973462,-1.46342764737006,-3.35862844600061,-0.177966286887356,-0.0125015950218635,0.587831825334539,1.7840783298477,0.0381775625692725,0.0125015950218635,3.35862844600061,1.30981939089854,0.886910521419631,2.44506485831567,0
"187","DTXSID1032305",-0.310648534088848,0.941079837527146,-0.431912541055455,-1.33301600966457,-1.36724910973408,-1.04840132406419,0.415854364180703,-1.00770848638057,-0.434965975776738,-3.25203461431036,-0.246017393339864,-0.46201571950758,0.3957628509323,0.939822785002251,0.569141355194749,-0.490563539433066,-1.20699219932541,-0.494735380640197,-0.593899024179223,-1.20904256940198,2.3798897604241,-0.712382893105428,-2.71716041964131,-0.865646018681282,0.304162274267351,-2.19094366906259,-1.44079150076705,-1.17458019066857,-1.00638020532062,-0.389195360711393,0.318843148789991,0.246017393339864,3.25203461431036,1.01106653021297,0.7522507696468,1.97394751536087,0
"188","DTXSID10323974",1.25983449239502,-1.70034452879939,1.51155769455803,0.849011963011532,1.50649996648103,-0.121458269621569,0.604005047540149,0.337033378959498,-0.102502995758201,0.908143605852382,-0.962816009518179,-1.12684877183087,-1.02417323233578,-0.254132927373558,-0.621752533926961,-0.490563539433066,0.607406441561167,0.546500051879161,-0.593899024179223,-1.20904256940198,-0.549463598442481,-0.712382893105428,-3.0624183260662,0.789490276091323,0.51774713779805,0.108017277767149,-0.219182358429475,-0.831979945515939,-0.82188838018398,1.05419817520951,0.0156445620652209,0.102502995758201,3.0624183260662,0.833476513767543,0.595354894369086,1.59553077855997,0
"189","DTXSID10334000",2.27096739985724,-2.44042470433051,1.88174250134155,2.25893772997148,-1.36724910973408,-0.767406155031431,-2.08874491236676,-2.32938867975887,-1.6480088310621,-1.28413561191019,0.306482525497334,-0.371174987675849,0.174363178388504,-0.443040824359177,1.01558634147811,-0.490563539433066,-1.43379202943623,1.06391399614658,-0.593899024179223,-1.20904256940198,2.37974928367629,-0.712382893105428,-3.0624183260662,1.1202735749104,-1.46342764737006,-3.35862844600061,-0.177966286887356,0.383736487128077,0.587831825334539,1.7840783298477,0.0304793071074321,0.174363178388504,3.35862844600061,1.3489785917229,0.879708186962689,2.47500507103514,0
"190","DTXSID10337354",-1.05286311509835,1.7172614850354,-0.836802173474931,-0.946964906806494,-1.36724910973408,-0.413335117845281,-2.02085034765511,-1.98020556614204,-1.42160643992027,-0.365094973628755,0.489114734888203,0.294768435051233,1.18703936454044,-0.583178146393428,2.16919940632869,-0.490563539433066,-1.43379202943623,-0.825553443947851,-0.593899024179223,-1.20904256940198,-0.422579198614542,-0.712382893105428,-0.00452393195579337,-0.822458416058896,-1.46342764737006,-1.62593753642268,-1.44035185895157,-1.35130087353943,-0.191075422519809,-0.789012252680845,0.76525898856806,0.00452393195579337,2.16919940632869,1.00738113200534,0.57805144594895,1.74728698281999,0
"191","DTXSID10337955",1.72775238042275,-1.08661950518821,2.19408593206514,1.94002594934959,-1.36724910973408,-0.670640640673043,-2.11050826484266,-2.50548584103246,-1.72233403696293,-1.07694159886763,0.359908450047751,-0.203966013025864,0.403471511150046,-0.477586158135654,1.33644204449837,-0.490563539433066,-1.43379202943623,0.768566265610351,-0.593899024179223,-1.20904256940198,1.54942428068901,-0.712382893105428,-1.45389103382694,0.843945165696435,-1.46342764737006,-2.96025386655014,-0.150513224622764,0.0406671083695453,1.3521800592103,0.961453126195155,0.0338563790993139,0.0406671083695453,2.96025386655014,1.17223397565643,0.723078668401363,2.09777467121017,0
"192","DTXSID10337990",1.8406980775329,-1.71237835279176,1.98585697824941,2.29250739108957,-1.36724910973408,-0.765109288868321,-2.11802922601269,-1.60298828875749,-1.8423078066021,-1.10146074766125,0.315311448309257,-0.357103781661176,0.236445854239067,-0.446755190233212,1.03722263373632,-0.490563539433066,-1.43379202943623,0.740533260678098,-0.593899024179223,-1.20904256940198,2.32954950467737,-0.712382893105428,-3.0624183260662,0.916939097883437,-1.46342764737006,-3.35862844600061,-0.673173492286444,-0.622758418209738,-0.773435981663246,1.52922428759817,0.0465211628909427,0.236445854239067,3.35862844600061,1.2977064231156,0.802728908253916,2.32519942568061,0
"193","DTXSID10338482",0.867213735774056,-0.63535110547411,1.24548736468237,1.11756925195628,-1.36724910973408,-0.692226642410571,-1.39923243652158,-1.67542746857265,-1.45459859311695,-1.01420206423526,-0.204059532757382,-0.702487929294054,-0.3006220758342,-0.27243222752022,0.00589270276053926,-0.490563539433066,-0.980192369214586,-0.0372539032100795,-0.593899024179223,-1.20904256940198,1.70186634208356,-0.712382893105428,-3.0624183260662,0.0820348728373657,-0.623102266917564,-1.32598443223508,-1.30702945281145,-1.46023168317391,-0.449497920639709,0.411217793387294,0.028737069110727,0.00589270276053926,3.0624183260662,0.913358987644693,0.644643759808554,1.73850300019964,0
"194","DTXSID10339055",3.00242524780864,-1.82068276872315,0.192774320391736,2.93033095233336,-1.36724910973408,0.635211653872552,1.71753104126628,0.252597047721158,0.11001894035797,2.83615226933292,-0.137634745378333,-2.36461823529399,-0.880755356784537,11.4623394167058,1.72282145902308,-0.490563539433066,-1.43379202943623,3.26157285985334,-0.593899024179223,-1.20904256940198,0.787956343767133,-0.712382893105428,-0.953073040387127,3.25082068979623,-1.46342764737006,-1.02175036081359,3.04480605917388,4.7639047548576,0.925747401257636,2.62190125161605,0.0259377581020416,0.11001894035797,11.4623394167058,1.93225943430587,2.14365499248058,4.67613782468102,1
"195","DTXSID10339116",3.30361377343568,-2.32610337640294,1.96272042782544,2.77926747730193,-1.36724910973408,-0.344544908018131,2.08629047132212,0.390072730996044,0.0743708729544411,-0.0756685273078123,-0.185960505016885,-2.59786329658753,-1.22970999323117,12.4848791276923,1.49686533400578,-0.490563539433066,-1.43379202943623,2.00085044075729,-0.593899024179223,-1.20904256940198,-0.549463598442481,-0.712382893105428,-1.11253802773451,1.79652050207633,-1.46342764737006,-1.45013248201777,1.42091035198048,1.79208280080066,-0.417873626435358,1.39283450963588,0.0117344992927849,0.0743708729544411,12.4848791276923,1.6847164658213,2.20222700080017,4.50356702684552,1
"196","DTXSID10339676",-0.864620286581447,1.58488942111926,-0.825233898262946,0.563669843507734,-1.36724910973408,-1.04840132406419,-1.67289011389204,-1.99695022389344,-2.75520016978108,-3.25203461431036,0.830803432259851,0.886851979446866,0.932779851766498,-0.59634965395006,0.855917519427446,-0.490563539433066,-1.43379202943623,-0.629651368153431,-0.593899024179223,-1.20904256940198,1.42877954432948,-0.712382893105428,-3.0624183260662,-0.807608693815599,-1.46342764737006,-2.31623331010765,-1.55400846306331,-1.43853424912948,-1.66153583435699,-0.638204126762543,0.59288811538874,0.490563539433066,3.25203461431036,1.31579743535693,0.74094717670785,2.26420982154298,0
"197","DTXSID10348102",1.13075369569772,0.26718569395409,0.0655232930599006,1.73860798264102,-1.36724910973408,-1.04840132406419,2.34197049079664,0.889320252217233,0.214773978971239,-3.25203461431036,6.16859306762923,3.01056292364743,4.00702488511024,0.707621999298724,-0.861189448495246,-0.490563539433066,-0.980192369214586,0.00628306975613255,-0.593899024179223,-1.20904256940198,-0.549463598442481,-0.712382893105428,0.511358143126381,0.187754436226482,1.7764185692973,-0.136609421312043,-0.130302778581884,0.426300595382312,-1.45903318538211,-0.157332738175502,0.0783515948636201,0.00628306975613255,6.16859306762923,1.21325832302148,1.36641474519314,2.9622691968687,0
"198","DTXSID1034929",2.62056122424578,-1.88686880068121,1.06039496129061,0.513315351830593,-0.352984729893449,-0.187963412365985,-0.444559975142644,-0.276287630534407,-0.536043305162896,0.25411743328779,-0.283567056360104,-0.83442382482837,-0.341749687793874,-0.303509892457246,-0.100284863726194,-0.490563539433066,-0.753392539103765,0.712762469227356,-0.593899024179223,-1.20904256940198,0.0750590340716177,-0.712382893105428,0.678288344636966,0.856807961609886,-0.686425118316701,-0.338874930334023,-0.0591950064434099,0.141194378413573,0.048339474016938,1.65743067888272,0.0119318694476895,0.048339474016938,2.62056122424578,0.633676337025927,0.579762163382652,1.37577190615572,0
"199","DTXSID1040586",2.78729058664646,-2.27195116843725,1.55783079540597,1.31898721866485,-1.36724910973408,-0.646878425884887,-1.81735049521384,-1.89259245154782,-1.65068295730688,-0.910314439268241,0.233267894252341,-0.351550750018704,0.0689255205065142,-0.421941341970646,0.714832262142989,-0.490563539433066,-1.20699219932541,1.59648864716308,-0.593899024179223,1.17016051842465,-0.141311238299229,-0.712382893105428,-0.508428964559245,1.91152846686006,-1.3396366632824,-2.84703247599299,0.186022592024961,0.393330009839261,1.52209943974677,2.28014743655054,0.0273548483324482,0.0689255205065142,2.84703247599299,1.16372231752626,0.789610504830577,2.1744237637094,0
"200","DTXSID1041184",0.83494353659973,-0.641368017470298,1.52312596977001,1.63789899928674,-1.36724910973408,-1.03093634824716,-0.924964595993163,-1.06955235861585,-1.89017215490566,-2.59576767593872,-0.158054643991571,-0.930375137814519,-0.478200336701498,-0.284245112749564,-0.244126674445709,-0.490563539433066,-1.43379202943623,-0.00797180860227415,-0.593899024179223,-1.20904256940198,2.24422227538638,-0.712382893105428,-3.0624183260662,0.122723419826467,-1.17821529619115,-2.73234332524136,-1.41792138019425,-1.31865681261097,-1.58874076446406,0.438106063899859,0.0389133002023944,0.00797180860227415,3.0624183260662,1.13873267334344,0.789578774506694,2.14939350471201,0
"201","DTXSID1041267",-0.751674589471306,2.59573063647885,-0.686414595719126,-1.26587668742839,-1.36724910973408,-0.930283369230583,-2.49777514154611,-2.54366986529803,-1.95099071971019,-1.85343953809965,0.683944114816271,0.682511084184088,1.17097806495363,-0.666772522916738,2.11362938248036,-0.490563539433066,-1.43379202943623,-1.20995364032244,-0.593899024179223,1.43508178635825,0.424783964351229,-0.712382893105428,-0.586610361700952,-1.0523825525192,-1.46342764737006,-2.29258606253,-1.54860658351754,-1.51156235087601,-0.962703163384863,-1.13154543790613,0.643226151204468,0.424783964351229,2.59573063647885,1.28702734863527,0.648220265957091,2.11674928906034,0
"202","DTXSID1041425",-0.869998653110502,1.22989161334417,-0.25838841287568,-0.275571684444615,-1.36724910973408,-0.650297945583316,-1.54100941762362,-2.32744980248503,-1.61979828319868,-1.34990268609909,0.0635064408448995,-0.433525632131476,0.161532771432778,-0.385938411637348,0.474628167300036,-0.490563539433066,-0.980192369214586,-0.591139358996503,-0.593899024179223,-1.20904256940198,1.61946433448238,-0.712382893105428,-0.287376986419878,-0.732978709877257,-0.890407746184416,-1.72586754299653,-1.70818279478137,-1.6474503457966,-0.482255702091527,-0.486226945604564,0.495999991951729,0.0635064408448995,2.32744980248503,0.905537329813688,0.584935899498459,1.65425528117172,0
"203","DTXSID1041847",1.9106168424106,-0.358573153649462,1.31489701595428,0.345467046240123,-1.36724910973408,-0.464757383431123,-1.66460712758398,-2.1674529395032,-1.27809485177381,-0.484820582673203,0.281037601426331,-0.224420934204612,0.316796910923801,-0.469911038395161,1.2238821176009,-0.490563539433066,-1.43379202943623,0.994541843974949,-0.593899024179223,-1.20904256940198,0.596831160789907,-0.712382893105428,0.224536533164492,0.59357923551814,-1.46342764737006,-1.84182059836007,0.570747762760488,0.532275835716916,2.49355862615961,0.984444545908797,0.0147536328391218,0.224420934204612,2.49355862615961,0.953600950026134,0.627371426991914,1.75663637657578,0
"204","DTXSID1041924",1.62556341637072,-0.57518198551223,0.678641879295107,-0.695192448420789,-1.36724910973408,-0.632249700050733,-1.15419057613472,-0.706535523338546,-1.21860512204115,-0.929556624802911,-0.0704607267306422,-0.745500903141761,-0.193677597988777,-0.323387084174645,0.123070548661934,-0.490563539433066,-0.753392539103765,0.872007100306794,-0.593899024179223,-1.20904256940198,1.43017082064338,-0.712382893105428,0.32282109723106,0.528367234130321,-1.07466686296059,-1.95977143843275,-0.601074404594484,-0.707714506449378,-0.416740139187891,0.419790865144924,0.028514524750725,0.0704607267306422,1.95977143843275,0.771048942690126,0.446295922976427,1.34230772409995,0
"205","DTXSID1044649",-0.681755824593599,0.393540845874038,-1.27639663153036,-1.13159804295601,-1.36724910973408,-0.624516810466013,-1.09044758067635,-1.33140416865054,-1.23637013541595,-1.20392840829179,0.696243959459972,0.49122789404822,0.819244169654244,3.77804395213573,2.02254387923986,2.00528604715622,-1.43379202943623,-1.04404878681267,-0.593899024179223,-0.146116014718303,0.962115956724656,-0.712382893105428,-1.48396391820951,-0.245347137685982,-1.46342764737006,-1.86359237457812,-0.947728648228763,-0.877521792102699,-0.113229266144512,-1.09374598515659,0.550874340638107,0.113229266144512,3.77804395213573,1.10435696447786,0.710278905528478,2.01351396355431,0
"206","DTXSID1044697",0.16802608699699,0.574048205759678,0.829029457050912,-1.11481321239696,-1.36724910973408,-0.738949116170681,-1.66197396202475,-1.8177540450688,-1.27505008082561,-1.20447908209521,0.117772535617893,-0.254746675190123,0.0430259903729113,-0.389579390585021,0.329817360604378,-0.490563539433066,-1.43379202943623,-0.317097665712351,-0.593899024179223,0.789664621476675,1.54430101106278,-0.712382893105428,-0.369726014795721,-0.262938513892636,-0.902864700558016,-2.16089535619236,-1.11421929655025,-1.06532106097188,-0.300328188573991,0.0499797243271755,0.236568470019537,0.0430259903729113,2.16089535619236,0.799809598358726,0.569986562900794,1.52939239887174,0
"207","DTXSID1044772",0.689727640315262,-0.442809921596094,0.713346704931062,0.865796793570579,-1.36724910973408,-0.508226778220581,-1.67346152208939,-1.6317257878675,-1.65446034841347,-0.652516528359983,0.198476466641597,-0.269462970905706,0.374674834433871,-0.433006880938502,0.989538921989271,-0.490563539433066,-1.20699219932541,0.0717363222586664,-0.593899024179223,-1.20904256940198,0.639369363821007,-0.712382893105428,-0.210687955211459,-0.0629328753965862,-1.16082746404467,-1.98582418188469,-1.23489439185786,-1.15862546699936,0.196935222211263,0.269762109386406,0.0607218810072582,0.0629328753965862,1.98582418188469,0.788965226284134,0.531126028982637,1.46880654338191,0
"208","DTXSID1044774",0.904862301477437,-0.563148161519854,-0.131137385543845,0.0265552656182306,-1.36724910973408,-0.454080631416299,-1.32957215209902,-1.9248151542808,-1.02949008914385,-0.577537823622167,0.200262382908288,-0.307505505109421,0.149370132546779,-0.449591121906189,0.978188313000824,-0.490563539433066,-1.43379202943623,0.31931829149962,-0.593899024179223,-1.20904256940198,-0.153021689429835,-0.712382893105428,0.220811140104818,-0.0266639468199555,-1.46342764737006,-1.66014450317726,0.301374915824245,0.869402968958985,1.03663571542952,0.515653394798418,0.0360872436140131,0.0265552656182306,1.9248151542808,0.71331665996319,0.526043786428925,1.38665270659221,0
"209","DTXSID1044803",3.65320759782421,-2.41635705634576,1.34960184159024,2.79605230786098,-1.36724910973408,-0.539223203158623,2.08629047132213,0.442669492846672,0.208626069655856,-0.921340588477644,-0.185960505016885,-2.59786329658753,-1.23619967486254,12.4848791276923,1.49686533400578,-0.490563539433066,-1.43379202943623,2.00085044075729,-0.593899024179223,-1.20904256940198,-0.549463598442481,-0.712382893105428,-1.13933392828363,1.7909872431123,-1.46342764737006,-1.48397250872372,1.52917804943984,1.96987687244112,-0.417873626435358,1.39283450963588,0.013059535109081,0.185960505016885,12.4848791276923,1.73199547190596,2.18901639863213,4.53393646215509,1
"210","DTXSID1047152",1.53950955190585,-0.719587873420742,0.771188080990987,-0.0237992260589102,-1.36724910973408,-0.446342207553767,-1.4979565807521,-1.44210080992744,-1.29292093912909,-0.397762544800716,0.0831779002001113,-0.407865425271781,0.289776398713989,-0.387021814638486,0.703147635139226,-0.490563539433066,-0.980192369214586,0.556397418926671,-0.593899024179223,-1.20904256940198,0.341889191975599,-0.712382893105428,0.139034668425882,0.163615504417337,-0.995513298711673,-1.70535967139039,-0.795465503715008,-0.77987531456598,0.611332794265371,0.385108893034513,0.0329710822183662,0.0237992260589102,1.70535967139039,0.727635958433333,0.469088934567302,1.32806979467948,0
"211","DTXSID1047233",0.318620349810512,0.345405549904534,0.481981200691361,-0.728762109538883,-1.36724910973408,-0.672466783892319,-1.90712927969413,-1.94548307004265,-1.86098521195194,-1.12655844790994,0.270640530742061,-0.158381638180597,0.178474569591359,-0.445036719084981,0.675771260757944,-0.490563539433066,-1.43379202943623,-0.125920200102942,-0.593899024179223,1.25431686407068,0.152245582424152,-0.712382893105428,-0.566603863340912,-0.0530467177198113,-1.20131256575887,-2.44649702736732,-1.30474510559049,-1.37946173015913,-0.300328188573991,0.0908966577158619,0.258756543931805,0.0530467177198113,2.44649702736732,0.81963192735018,0.651690535020905,1.65379581217694,0
"212","DTXSID1047609",-0.493512996076697,1.23590852534036,-0.293093238511635,-0.678407617861742,-1.36724910973408,-0.644072572075726,-1.35444712451368,-2.24989965627756,-1.50513264839793,-1.02543273297298,0.19991157792733,-0.32233140240614,0.131703936019965,-0.446315427839985,0.8526233513655,-0.490563539433066,-1.43379202943623,-0.393568651956116,-0.593899024179223,-1.20904256940198,0.807005511679809,-0.712382893105428,0.00234527451386347,-0.63529647071984,-1.46342764737006,-2.1965293120249,-1.20572148375225,-1.30408037349741,-1.00638020532062,-0.359579294639582,0.498234141503523,0.00234527451386347,2.24989965627756,0.88712187327839,0.568837453028348,1.61523381315468,0
"213","DTXSID1047655",0.0712154894740111,0.279219517946466,0.713346704931062,1.20149340475152,-1.36724910973408,-0.686056100610785,-1.72693056319954,-2.47832963390048,-1.70786784753234,-1.11312410165501,0.324429979882513,-0.303227417987274,0.166847479521024,-0.434093645137697,0.667880046961407,-0.490563539433066,-1.43379202943623,-0.00234613754444115,-0.593899024179223,-1.20904256940198,1.03507364342795,-0.712382893105428,-3.0624183260662,-0.312222476827476,-1.46342764737006,-2.39802016983313,-1.15138268875879,-1.00545653737729,0.0418688011375664,0.012180271577627,0.258615360545123,0.00234613754444115,3.0624183260662,0.938846259956722,0.776124005950407,1.93228498757324,0
"214","DTXSID1052165",0.947889233709872,-0.238234913725702,1.65037699710185,0.53010018238964,-0.352984729893449,-0.994623587681248,-0.82463870665061,-0.70078765265849,-0.949274633889616,-2.25935779103338,-0.378494735994409,-0.978582047309228,-0.397694006086148,-0.234048309039984,-0.425390722920247,-0.490563539433066,-0.526592708992943,-0.0493872361271854,-0.593899024179223,-1.20904256940198,-0.549463598442481,-0.712382893105428,-3.0624183260662,0.162740024254198,-0.598447878053145,-1.35701125190162,-1.0644777007876,-1.06286055525585,-1.16144662639432,1.04718384377145,0.0224133842482129,0.0493872361271854,3.0624183260662,0.850346534208352,0.629999070863736,1.65674534491393,0
"215","DTXSID1058630",2.45921022837415,-2.8977100160408,1.77762802443368,2.34286188276671,-1.36724910973408,-0.758789324931866,-2.06354678202025,-2.38096196877672,-1.74579221027401,-1.24832442236581,0.29885754670522,-0.383282769595443,0.153364341813159,-0.439853866024687,0.997040948113897,-0.490563539433066,-1.43379202943623,1.24989486730427,-0.593899024179223,-1.20904256940198,2.36088408277842,-0.712382893105428,-3.0624183260662,1.32512422121112,-1.46342764737006,-3.35862844600061,0.037336764398152,0.234132889902723,0.848214190720788,2.00580914030639,0.0339514716968766,0.037336764398152,3.35862844600061,1.39000080245284,0.922250015069147,2.57048082174135,0
"216","DTXSID1058634",2.4645885949032,-3.37304606373965,2.17094938164117,2.74569781618384,-1.36724910973408,-0.683212245767939,-2.04163536432764,-2.1158513215689,-1.87109825600587,-0.988332076686104,0.292205969461036,-0.393811275612489,0.150198963386256,-0.437089575067819,0.98096827386493,-0.490563539433066,-1.43379202943623,1.29847587415115,-0.593899024179223,-1.20904256940198,2.33977086785636,-0.712382893105428,-3.0624183260662,1.52417059953978,-1.46342764737006,-3.35862844600061,-0.0663763641618523,0.328861946720854,0.367399254315011,2.17999837101823,0.0306071751098269,0.0663763641618523,3.37304606373965,1.41683806802357,0.987131963010779,2.68036698067736,0
"217","DTXSID1058636",2.35702126432211,-2.05534233657448,1.80076457485765,0.74830297965725,-1.36724910973408,-0.719783902867513,-1.72757171073357,-2.32533983784135,-1.83293463868049,-1.06890658299123,0.194649503212969,-0.544719861856811,-0.110947295240297,-0.398240434722285,0.626133080829897,-0.490563539433066,-1.43379202943623,0.946633057144302,-0.593899024179223,-1.20904256940198,2.40287533152531,-0.712382893105428,-3.0624183260662,1.04775311338835,-1.46342764737006,-3.35862844600061,0.0262688236972515,0.226664849402239,-0.113229266144512,1.65158540268433,0.0324715886188858,0.0262688236972515,3.35862844600061,1.22056904777004,0.891475108509599,2.36165718666232,0
"218","DTXSID1058638",2.27096739985724,-2.43440779233432,1.75449147400971,2.10787425494006,-1.36724910973408,-0.767406155031431,-2.08874491236676,-2.38525974286154,-1.76249968303826,-1.28413561191019,0.306482525497334,-0.371174987675849,0.174363178388504,-0.443040824359177,1.01558634147811,-0.490563539433066,-1.43379202943623,1.06391399614658,-0.593899024179223,-1.20904256940198,2.3594704373337,-0.712382893105428,-3.0624183260662,1.12033885429665,-1.46342764737006,-3.35862844600061,-0.177966286887356,-0.0391532937556233,0.587831825334539,1.7840783298477,0.0414551854963425,0.0391532937556233,3.35862844600061,1.33301971640258,0.890316700356962,2.47262509285949,0
"219","DTXSID1059781",2.4054265630836,-2.93381148801793,2.11310800558125,1.45326586313722,-1.36724910973408,-0.672621023936216,-1.72757171073357,-2.32938867975887,-1.54530253710303,-0.890212526922048,0.194649503212969,-0.544719861856806,-0.119620533666304,-0.398240434722287,0.643442114636491,-0.490563539433066,-1.43379202943623,1.38729473161507,-0.593899024179223,-1.20904256940198,2.66332225748792,-0.712382893105428,-3.0624183260662,1.46247185483882,-1.46342764737006,-3.35862844600061,0.802060032893503,1.96938536488528,0.701100954087938,2.11881781347515,0.0211282379938688,0.119620533666304,3.35862844600061,1.42557458134597,0.888919925889776,2.56339208648488,0
"220","DTXSID1060714",-1.0474847485693,1.3141283812908,-0.35093461457156,-0.661622787302695,-0.52202879320022,-0.901066580155338,-0.0560061296903736,-0.663713807890377,-1.04014492361338,-2.05812973854713,-0.451351784942272,-0.659325000458414,-0.249753496019575,-0.33206263506162,-0.18766445652434,-0.490563539433066,-0.526592708992943,-0.892622885000049,-0.593899024179223,-1.20904256940198,-0.549463598442481,-0.712382893105428,-0.190991080031016,-0.98324104744325,0.486345231981264,-0.667490129430405,-1.5383058344988,-1.31794611829375,-1.39423233771015,-0.601573729252671,0.489466355721236,0.0560061296903736,2.05812973854713,0.755003686834463,0.455215013885057,1.33767890460734,0
"221","DTXSID1061316",1.0393214647038,-0.0697613778324382,1.29176046553031,0.462960860153452,-0.352984729893449,-0.963152528524127,-0.824638706650614,-0.636095386014669,-1.07274462790721,-1.96780255744876,-0.378494735994409,-0.978582047309228,-0.304014473794479,-0.234048309039984,-0.425390722920247,-0.490563539433066,-0.753392539103765,-0.303486402263104,-0.593899024179223,-1.20904256940198,1.89522845378308,-0.712382893105428,-3.0624183260662,0.142287668478138,-0.598447878053145,-1.34759312398707,-1.09962417077195,-0.916573388215569,-1.16144662639432,0.975092103991384,0.0650714600796407,0.0697613778324382,3.0624183260662,0.875441056698153,0.624256202109755,1.67448899539864,0
"222","DTXSID1062043",2.13650823663088,-1.89890262467359,2.26349558333705,1.92324111879054,0.661279649947178,-0.657617131948732,-0.318115314116262,0.157898824457984,-0.429670285243045,-0.777244610207925,-0.607752431677361,-1.22196815134352,-0.843626702337944,-0.199020655561094,-0.739591903665419,-0.490563539433066,0.834206271671988,0.953688983555821,-0.593899024179223,-1.20904256940198,-0.549463598442481,-0.712382893105428,-3.0624183260662,1.52631181480366,-0.385382054288014,-0.438478767975767,0.523970055500195,1.00180436816721,-0.599916304857242,2.9461192380864,0.00680894946864563,0.157898824457984,3.0624183260662,1.02211936778244,0.775328194553618,2.01453945681107,0
"223","DTXSID1062629",-1.15505207915038,1.50065265317263,-0.605436669235231,-1.03088905960173,-1.36724910973408,-1.04840132406419,-0.565443393727802,-1.75145500456984,-2.4650888356464,-3.25203461431036,-0.259656228381444,-0.888899014632362,-0.346404142452878,-0.305872441012744,-0.369177309301316,-0.490563539433066,-0.980192369214586,-0.708420297998784,-0.593899024179223,-1.20904256940198,1.0395763194984,-0.712382893105428,-0.0605197515940318,-1.05581531128838,-0.737550535225022,-1.71877336872324,-1.63664296696914,-1.56181832619796,-1.56932874582594,-1.09062850451745,0.580457842072801,0.0605197515940318,3.25203461431036,1.0692288800722,0.680421344780812,1.94016820139164,0
"224","DTXSID1064663",0.877970468832165,0.104729070057014,0.424139824631436,0.412606368476311,-0.352984729893449,-0.467473272120223,-0.799529826876953,-1.48754354002835,-0.931613173753749,-0.518891461013849,-0.218355707327405,-0.69851893531263,-0.212724891341761,-0.310541796424581,0.058035598616949,-0.490563539433066,-0.299792878882121,0.121466300906341,-0.593899024179223,-1.20904256940198,0.592301389964577,-0.712382893105428,0.128982246929956,0.0943396630080332,-0.551993819034925,-1.00776586784956,-0.689043915480369,-0.786254593856835,0.0908354502281737,0.865980281621553,0.0345751561494781,0.058035598616949,1.48754354002835,0.537010103286299,0.357606567899489,0.994746510197645,0
"225","DTXSID1065760",0.0066750911253587,0.59811585374443,0.574527402387242,-0.896610415129353,-0.52202879320022,-0.471818197985606,-0.827497936325698,-1.77135019628417,-0.865765692785291,-0.550233615849246,-0.153197344255238,-0.606430321103833,-0.181858037400467,-0.336931636324937,0.179650398405103,-0.490563539433066,-0.526592708992943,0.0330765200485242,-0.593899024179223,-1.20904256940198,0.762324799338484,-0.712382893105428,0.202660573373723,-0.380329037447785,-0.62050706808973,-1.14622457952839,-1.16405844120849,-1.24802832512894,-0.583871677207372,-0.0895275342742509,0.149144022373056,0.0066750911253587,1.77135019628417,0.61019267410215,0.408106446045419,1.13256892504029,0
"226","DTXSID1068198",1.24907775933692,-0.797807729371186,1.15294116298649,0.345467046240123,-0.352984729893449,-0.413843553763601,-0.942305501316431,-1.65225237171475,-1.10752483050509,-0.404926351822621,-0.154816444167351,-0.674857539396337,-0.196764144311683,-0.319181221940283,0.149236657315513,-0.490563539433066,-0.299792878882121,0.493428043221706,-0.593899024179223,-1.20904256940198,0.274556477569297,-0.712382893105428,0.258272356106611,0.479955826369973,-0.724055501320287,-1.15560193632642,-0.315876169916867,-0.33870456402796,0.558733962216673,1.30944190253894,0.0189066190778431,0.149236657315513,1.65225237171475,0.637609822956613,0.405349300067057,1.15645692704245,0
"227","DTXSID1073941",1.42118548826666,-1.28517760106241,1.12980461256252,2.02395010214482,-1.36724910973408,-1.03093634824716,-2.24353342735241,-1.62047192431041,-1.51701959786204,-2.59576767593872,0.352758258856383,-0.296798613026862,0.330078628087966,-0.46279794113403,1.13097990018867,-0.490563539433066,-1.43379202943623,0.319990511515853,-0.593899024179223,-1.20904256940198,2.32865706416184,-0.712382893105428,-3.0624183260662,0.296627025529226,-1.46342764737006,-3.35862844600061,-1.03385571479399,-0.344671655418415,-1.02734518544979,0.911573435968946,0.0594731914493314,0.296627025529226,3.35862844600061,1.24651280988687,0.830082301209791,2.3090181554354,0
"228","DTXSID10862297",-0.106270605984783,0.802690861614822,-0.940916650382797,-1.1987373651922,-1.36724910973408,-0.903841686266476,-1.97720525600857,-1.90990384827879,-1.64980525987057,-1.41833307877005,0.399494881769653,0.0134218651456825,0.742670844979749,-0.525864850476217,1.58969112167009,-0.490563539433066,-1.43379202943623,-0.530968516266918,-0.593899024179223,-1.20904256940198,-0.549463598442481,-0.712382893105428,0.041867161349999,-0.706807413170802,-1.46342764737006,-1.91382239012238,-1.26371044879664,-1.1484473599063,-1.02734518544979,-0.55637025998517,0.324033475521868,0.0134218651456825,1.97720525600857,0.9729335774187,0.552754339819564,1.68045913238774,0
"229","DTXSID10862590",-0.902268852284828,1.98200561286767,-0.744255971779051,-0.0573688871770042,-1.36724910973408,-1.03093634824716,-1.85291877604811,-1.80079000457002,-1.91647389238818,-2.59576767593871,0.430221688553155,0.158191421626204,0.883619930612991,-0.545413801257555,1.81154660305972,-0.490563539433066,-1.43379202943623,-0.850435119584148,-0.593899024179223,-1.20904256940198,1.01230730374591,-0.712382893105428,-1.52159238306938,-0.784930138578474,-1.46342764737006,-2.31827186593331,-1.3455187572739,-1.31932632764417,-1.59602027145335,-0.780828866003107,0.686016311981523,0.0573688871770042,2.59576767593871,1.18371224374521,0.626305606783002,1.98538342042745,0
"230","DTXSID10862873",1.52875281884774,-1.18289009712722,1.11823633735054,2.07430459382196,-1.36724910973408,-0.910404161018219,-2.24353342735241,-2.22635008599667,-1.98755320098488,-1.94026126233843,0.352758258856383,-0.296798613026862,0.31755061702819,-0.46279794113403,1.13097990018867,-0.490563539433066,-1.43379202943623,0.251290579360452,-0.593899024179223,-1.20904256940198,2.32310410095406,-0.712382893105428,-3.0624183260662,0.300626729314855,-1.46342764737006,-3.35862844600061,-1.10162880925519,-1.02915070224178,-0.786377327421989,0.873384298139506,0.0681725789587821,0.251290579360452,3.35862844600061,1.27100458154956,0.823343280029814,2.32488397998773,0
"231","DTXSID10863365",0.964024333297035,-1.02043347323014,1.78919629964567,1.77217764375912,-1.36724910973408,-0.974865173843915,-2.00539725045141,-1.62751722325379,-2.21103544452921,-2.07631123601136,0.194649503212969,-0.411223804794528,0.168570275926094,-0.398240434722284,0.755950834379297,-0.490563539433066,-1.20699219932541,0.109309130400007,-0.593899024179223,-1.20904256940198,2.09067292668551,-0.712382893105428,-3.0624183260662,0.264487862398441,-1.22466935520937,-2.64578624488384,-1.27071520720325,-1.14254236398447,-1.20563414869697,0.743619166535386,0.0574450161490832,0.109309130400007,3.0624183260662,1.19031923327665,0.759749965797238,2.16279918949711,0
"232","DTXSID10863522",-1.37556510684161,2.60174754847503,-0.709551146143096,-1.53443397637314,-1.36724910973408,-0.966278974812361,-2.32609694060208,-2.56548909737338,-2.11352574341366,-2.26296904126522,0.683944114816271,0.74307421706394,0.574431254312908,-0.666772522916738,1.19204396204712,-0.490563539433066,-1.43379202943623,-1.33581611144684,-0.593899024179223,1.29597591747356,-0.770788846295464,-0.712382893105428,-0.572306997014984,-1.22039259141961,-1.46342764737006,-2.41428784532189,-1.50342922396815,-1.57125639427806,-0.962703163384863,-1.13739071410452,0.733439774985913,0.490563539433066,2.60174754847503,1.30538618981409,0.641894555759089,2.12701122118572,0
"233","DTXSID10864675",0.399295847746327,-0.226201089733326,-0.293093238511635,-0.208432362208427,-1.36724910973408,-0.616686390385084,-1.47882198658698,-1.93275349376061,-1.45293941465873,-0.907830911870041,0.198157553022542,-0.396460888889695,0.045535546413248,-0.430069509743388,0.82351577327202,-0.490563539433066,-1.43379202943623,0.350354832674614,-0.593899024179223,-1.20904256940198,0.800798901563823,-0.712382893105428,0.16599581087447,0.0565240955745551,-1.46342764737006,-2.34428383826873,-0.394327491735804,-0.490809532623916,-0.138298996847435,0.362896843480655,0.0684228248024966,0.045535546413248,2.34428383826873,0.726148038770204,0.595612377106449,1.48853188146646,0
"234","DTXSID10866912",2.09348130439845,-2.41635705634576,1.9974252534614,2.27572256053053,-1.36724910973408,-0.758789324931866,-2.08874491236676,-2.02439069876791,-1.77548850245854,-1.24832442236581,0.306482525497334,-0.371174987675843,0.191709655240502,-0.443040824359177,1.01558634147811,-0.490563539433066,-1.43379202943623,0.92651413183578,-0.593899024179223,-1.20904256940198,2.32693002649751,-0.712382893105428,-3.0624183260662,1.11501080031557,-1.46342764737006,-3.35862844600061,-0.436932281640194,-0.190709555295111,-0.113229266144512,1.73653675010085,0.0425919183300456,0.113229266144512,3.35862844600061,1.31813282554781,0.882191040558973,2.4473373574633,0
"235","DTXSID10868471",-1.55842956882946,-2.68110118417803,0.0192501922119605,-0.611268295625554,2.8588524729352,0.639836200763078,0.911666170446808,0.734815801566053,0.782634437247775,1.500975785001,-0.157423128232665,0.53044948284269,-0.313139936552228,-0.355761812129754,-0.398185314682023,-0.490563539433066,4.00940389322349,3.02162368668324,-0.593899024179223,0.723676903496925,-0.549463598442481,-0.712382893105428,0.684322104736463,0.763858593208908,0.945435904625013,2.35364960419763,2.94875242438446,2.45738363370737,2.91457618394617,1.497270111047,0.0598135204050844,0.0192501922119605,4.00940389322349,1.29066839605537,1.07658975361425,2.6687032806816,0
"236","DTXSID10870958",1.57177975108018,0.17693201401127,-0.455049091479426,-1.36658567078267,-1.36724910973408,-0.819850514609214,3.99126060029681,3.32968707603979,3.55081309005199,-1.32595450194008,-0.984920073903908,-3.60654798409018,-1.28835579714542,22.2205011909175,1.2266868365902,-0.490563539433066,-1.43379202943623,-0.264526246428687,-0.593899024179223,-1.20904256940198,-0.549463598442481,-0.712382893105428,-1.35816022152854,-0.538237537610435,-1.46342764737006,-2.37669687589673,0.514805025110491,1.56938566445011,-0.928580474372553,-0.253195267828997,0.0861998897912869,0.17693201401127,22.2205011909175,2.05127773057559,3.94676188808067,7.10313294731884,1
"237","DTXSID10871102",0.83494353659973,-1.08060259319202,1.62724044667788,1.03364509916105,-0.352984729893449,-0.888457227322293,-0.338444012144404,-1.03760723600957,-0.814410485896306,-1.72973456308181,-0.538975122972476,-1.21220014716823,-0.826564341680461,-0.20768999979712,-0.766457366336397,-0.490563539433066,-0.526592708992943,0.0880984435048386,-0.593899024179223,-1.20904256940198,2.23554577037422,-0.712382893105428,-3.0624183260662,0.246036546157527,-0.579502926609961,-1.56779792427486,-1.02515952326093,-1.16913287897299,-1.22544786877966,1.13642172706678,0.023694261740662,0.0880984435048386,3.0624183260662,0.97193331927046,0.626009675910216,1.77322570443554,0
"238","DTXSID10871182",1.53950955190585,-1.37543128100523,1.65037699710185,1.36934171034199,-1.36724910973408,-0.770877021709749,-2.19360164832478,-2.16330406783335,-1.9291866649762,-1.2624918103995,0.337935563014814,-0.320790991945888,0.273833501958745,-0.4563918125681,1.09347699360774,-0.490563539433066,-1.43379202943623,0.437271450518134,-0.593899024179223,-1.20904256940198,2.34632576742974,-0.712382893105428,-3.0624183260662,0.505272585712852,-1.46342764737006,-3.35862844600061,-0.927167288758729,-0.827540865602743,-0.545150642479019,1.0951151085982,0.0501209324245511,0.273833501958745,3.35862844600061,1.23705989701734,0.795024146022719,2.25469080392642,0
"239","DTXSID10871243",1.50723935273152,-1.37543128100523,1.95115215261346,1.45326586313722,-1.36724910973408,-0.848907603387799,-2.19360164832478,-2.32938867975888,-1.61377339974242,-1.51464652111922,0.337935563014814,-0.320790991945888,0.262558292004945,-0.4563918125681,1.09347699360774,-0.490563539433066,-1.43379202943623,0.505971382673535,-0.593899024179223,-1.20904256940198,2.36629741243615,-0.712382893105428,-3.0624183260662,0.50599545776261,-1.46342764737006,-3.35862844600061,-0.812053547245835,-0.624267546634211,-0.191075422519809,1.11888589847162,0.0495452100944695,0.191075422519809,3.35862844600061,1.23581701358109,0.821046871770716,2.28675700944761,0
"240","DTXSID10871248",1.5341311853768,-1.41754966497855,1.62724044667788,1.21827823531057,-1.36724910973408,-0.893697018926666,-2.19360164832478,-2.08880931702978,-1.66855008985392,-1.72784091474631,0.337935563014814,-0.320790991945888,0.273833501958745,-0.4563918125681,1.09347699360774,-0.490563539433066,-1.43379202943623,0.437271450518134,-0.593899024179223,-1.20904256940198,2.32593926912246,-0.712382893105428,-3.0624183260662,0.503401108863583,-1.46342764737006,-3.35862844600061,-0.927167288758729,-0.703459141053758,-0.545150642479019,1.0951151085982,0.0511385252395922,0.273833501958745,3.35862844600061,1.23603449928138,0.78990864540718,2.24711756540257,0
"241","DTXSID10871309",1.34588835685989,-1.36941436900905,1.48842114413406,2.00716527158577,-1.36724910973408,-0.855935020169356,-2.19360164832478,-1.92272470510425,-1.89428810789681,-1.43564643498044,0.337935563014814,-0.320790991945888,0.285108711912541,-0.4563918125681,1.09347699360774,-0.490563539433066,-1.43379202943623,0.368571518362733,-0.593899024179223,-1.20904256940198,2.30009896766468,-0.712382893105428,-3.0624183260662,0.503442286802772,-1.46342764737006,-3.35862844600061,-0.908976961764152,-0.701158184126057,-0.807126261944272,1.07134431872477,0.0535842799540383,0.285108711912541,3.35862844600061,1.24529704050766,0.789720193345144,2.25613888798944,0
"242","DTXSID10871445",-0.251486502269251,0.910995277546206,-0.512890467539351,-0.0741537177360512,-1.36724910973408,-0.976467207398294,-2.51259164665721,-2.13624042067907,-2.2184778629939,-2.09115284858072,0.525167396882533,0.15382552824663,1.03397324407807,-0.563621222317118,1.99966072352923,-0.490563539433066,-1.43379202943623,-0.601999764648828,-0.593899024179223,-1.20904256940198,1.37672051425653,-0.712382893105428,-1.64653254145458,-0.488504579745522,-1.46342764737006,-2.6815017429494,-1.68312605521343,-1.57318458892952,-0.962703163384863,-0.557539315224846,0.388086294334823,0.0741537177360512,2.6815017429494,1.16009577149737,0.72324457728297,2.08584883041958,0
"243","DTXSID10872295",0.506863178327414,1.07946881343947,-0.466617366691411,-0.325926176121756,-1.36724910973408,-0.643342575622987,-1.82376121158102,-1.31123753017782,-1.75715097254928,-1.27809172447307,0.375858876551573,-0.00792072446938349,0.404016961991378,-0.510899140718663,1.18120204545913,-0.490563539433066,-1.43379202943623,-0.228374158605341,-0.593899024179223,0.184684681011298,0.0228882521880831,-0.712382893105428,0.200125260165226,-0.256375296254129,-1.46342764737006,-1.85470427117824,-0.6752602209328,-0.669517079180466,-0.504530993478764,-0.333080709206909,0.300540256782467,0.00792072446938349,1.85470427117824,0.755440415454456,0.552002517941182,1.46200363841917,0
"244","DTXSID10872997",1.11999696263961,-0.66543566545505,1.74292319879773,1.38612654090104,-1.36724910973408,-0.777818755066388,-2.04163536432765,-2.5346235899501,-1.73147151933323,-1.21920420737812,0.194649503212969,-0.393811275612495,0.23899015270927,-0.398240434722285,0.755950834379297,-0.490563539433066,-0.980192369214586,0.0607281235531274,-0.593899024179223,-1.20904256940198,2.12785794816619,-0.712382893105428,-3.0624183260662,-0.021006811170821,-1.19716024763434,-2.75978228665474,-1.38076650757286,-1.06247925335666,-0.22019345047698,0.498117566203266,0.0556799475013393,0.021006811170821,3.0624183260662,1.09815726768029,0.805684952882237,2.12943400736956,0
"245","DTXSID10875105",2.93250648293093,-2.10949454454017,2.00899352867338,1.85610179655435,-0.352984729893449,-0.651521660178241,-1.27610520869209,-1.79292486591398,-1.07988008152755,-0.769811080554925,-0.0919226163907183,-0.761650954583014,-0.300622075834221,-0.302461694740946,0.0996499692128812,-0.490563539433066,-0.299792878882121,1.61108201928853,-0.593899024179223,-1.20904256940198,2.23706645315519,-0.712382893105428,-3.0624183260662,1.77867048501364,-1.03080800277021,-1.980605478971,0.402031082458141,0.338506219235841,0.796608085787462,2.91689285709448,0.0280366326224165,0.0919226163907183,3.0624183260662,1.19490004016878,0.887216100991838,2.33053664943833,0
"246","DTXSID10880754",1.96440050770115,-2.67508427218184,2.02056180388537,2.77926747730193,-1.36724910973408,-0.71473073726773,-1.99024313010315,-2.36882707724311,-1.73486744974874,-1.04976079126952,0.276527251671165,-0.418505407907012,0.0927010361510408,-0.430632078564367,0.943465367283981,-0.490563539433066,-1.43379202943623,1.99381835193499,-0.593899024179223,-1.20904256940198,2.36165877072594,-0.712382893105428,-3.0624183260662,2.14500019583519,-1.46342764737006,-3.35862844600061,0.909643240121373,1.76984025587248,1.89171998900496,2.89273238214116,0.0284389090241162,0.0927010361510408,3.35862844600061,1.57051303862144,0.904121612660801,2.72778870282726,0
"247","DTXSID10880759",0.157269353938881,0.47777761382067,0.910007383534807,-0.628053126184601,-1.36724910973408,-0.651253492220093,-1.66197396202475,-2.22050184867053,-1.34006405051083,-0.977588532579399,0.117772535617893,-0.254746675190117,0.184056737731201,-0.389579390585021,0.329817360604378,-0.490563539433066,-1.43379202943623,-0.24839773355695,-0.593899024179223,1.29857571468749,1.45406535893634,-0.712382893105428,-0.52210562259542,-0.176826579556582,-0.902864700558016,-2.31125923389304,-1.04982720360247,-1.14423300888143,0.068075026299021,0.208971236923215,0.260603186235368,0.068075026299021,2.31125923389304,0.809451669286372,0.612223796520884,1.5930981288331,0
"248","DTXSID10880815",1.73313074695181,-1.91695336066215,1.89331077655353,1.16792374363342,-1.36724910973408,-0.762199855013952,-2.15248135971379,-2.1799125290259,-1.83826649301004,-1.31660131417623,0.325653900746085,-0.340549421643916,0.23806495326556,-0.451139339976118,1.06279279731425,-0.490563539433066,-1.43379202943623,0.623252321675817,-0.593899024179223,-1.20904256940198,2.38410574925411,-0.712382893105428,-3.0624183260662,0.708928972010049,-1.46342764737006,-3.35862844600061,-0.741544096268493,-0.555853123544373,-0.300328188573991,1.31684591905689,0.0504607808862527,0.23806495326556,3.35862844600061,1.25670808489324,0.819683198300486,2.30590257871787,0
"249","DTXSID10880830",-0.380567298966555,1.04938425345853,-0.443480816267441,0.110479418413465,-1.36724910973408,-0.608610972814183,-1.57046662179888,-2.32787540969149,-1.6000788209969,-1.01053299130135,0.0831779002001113,-0.451082615772313,0.110413988687493,-0.387021814638486,0.514816066362113,-0.490563539433066,-0.980192369214586,-0.405158487838821,-0.593899024179223,-1.20904256940198,1.67152336455533,-0.712382893105428,-0.261825014278942,-0.544617387058192,-0.995513298711673,-1.84801780807008,-1.56434904203406,-1.55710793977411,-0.22019345047698,-0.264496135145872,0.408471725184008,0.0831779002001113,2.32787540969149,0.844470680746057,0.605951424693714,1.62008850435401,0
"250","DTXSID10883588",-2.08550948867679,2.16251297275331,-0.674846320507141,-0.812686262334118,-1.36724910973408,-1.04840132406419,-0.349933523988947,-1.10941388518962,-2.28074426368482,-3.25203461431036,0.799366190706521,2.28338211022113,0.781431760879312,-0.9016523602907,0.218337986683765,-0.490563539433066,-1.43379202943623,-1.69348006774319,-0.593899024179223,2.68731281805825,-0.549463598442481,-0.712382893105428,-0.430090302632687,-1.46583681844586,-1.46342764737006,-0.524831992750723,-1.28231045294526,-0.933079508977635,-1.47226865263537,-1.4752476783711,0.823365673177383,0.218337986683765,3.25203461431036,1.24451630661838,0.748748950141309,2.20291496279925,0
"251","DTXSID10883604",0.388539114688218,0.273202605950278,0.308457072511586,0.462960860153452,-1.36724910973408,-1.03093634824716,-2.15248135971379,-1.83550623315248,-1.93102590057382,-2.59576767593871,0.194649503212969,-0.34054942164391,0.53613619237543,-0.398240434722284,0.755950834379293,-0.490563539433066,-1.20699219932541,-0.311233618762238,-0.593899024179223,-1.20904256940198,2.00142887513189,-0.712382893105428,-3.0624183260662,-0.557882944008585,-1.11748764361985,-2.68602733688236,-1.75416598125206,-1.67467990446035,-1.21603000661226,-0.101997456830803,0.242167002418549,0.101997456830803,3.0624183260662,1.10892949953564,0.827585469198551,2.16823890010978,0
"252","DTXSID10884378",-0.0363518411070762,0.923029101538582,0.181206045179751,-0.930180076247447,-0.352984729893449,-0.624441547849687,-0.787286548260045,-1.29564395547216,-1.43578672741519,-0.964649136981065,-0.261340092290039,-0.636457590824443,-0.498913141530727,-0.286622692756286,-0.52635155410016,-0.490563539433066,-0.299792878882121,-0.516851895926034,-0.593899024179223,1.1942710744995,0.0346478255118497,-0.712382893105428,-0.517872105981071,-0.20454802980722,-0.42534811623665,-1.22805221037038,-1.01169145218458,-1.0031709739251,-0.798591201081868,0.373028655557853,0.192716690152516,0.0346478255118497,1.43578672741519,0.638198555270935,0.376471873610367,1.1200825534922,0
"253","DTXSID10897342",2.48072369449036,-2.91576075202936,2.2287907577011,2.86319163009717,-1.36724910973408,-0.726215204539962,-2.04163536432764,-2.3772781624183,-1.77548850245854,-1.09327395427338,0.292205969461036,-0.393811275612489,0.135165350114524,-0.437089575067819,0.98096827386493,-0.490563539433066,-1.43379202943623,1.43587573846195,-0.593899024179223,-1.20904256940198,2.35950522991089,-0.712382893105428,-3.0624183260662,1.53044968721658,-1.46342764737006,-3.35862844600061,0.253958303165921,0.854633803165062,1.10883653985394,2.22753995076508,0.0272326140566964,0.135165350114524,3.35862844600061,1.47346004345743,0.929239771167473,2.6628869505518,0
"254","DTXSID10933496",-0.0524869406942392,0.77862321363007,-0.316229788935605,-0.946964906806494,-1.36724910973408,-0.978988441010429,0.125459524696078,-1.41982416057366,-1.59669328173215,-2.38071250098208,-0.500345879449389,-1.30657095090124,-1.14974982558583,-0.247043701364871,-0.891198965882657,-0.490563539433066,-0.753392539103765,-0.473858419994222,-0.593899024179223,-1.20904256940198,1.34627837667102,-0.712382893105428,0.221101177822198,-0.494649467412868,-0.997070418008373,-2.12782998070016,-1.19732918937371,-1.36701411415792,-1.52395315225935,-0.608198375610839,0.242597515684297,0.0524869406942392,2.38071250098208,0.9391568143071,0.567325510002554,1.66533346711037,0
"255","DTXSID10935470",0.0819722225321198,0.80870777361101,0.759619805779002,-1.01410422904268,-0.352984729893449,-0.863058361083194,-0.8880313870965,-0.913622800545453,-0.711874689650427,-1.57353000938823,-0.212484064200431,-0.626628548435047,-0.452700701449156,-0.294667031489644,-0.408008828255457,-0.490563539433066,-0.299792878882121,-0.280573711497047,-0.593899024179223,0.17255692036078,1.10264211592963,-0.712382893105428,-0.140648057695292,-0.0586764530389928,-0.553031898566059,-1.16824098244551,-0.823930866857657,-0.669548732996355,-0.928580474372553,0.352375346323564,0.149145144501264,0.0586764530389928,1.57353000938823,0.610314635937836,0.36130608637603,1.07278642649915,0
"256","DTXSID10938269",2.2171837345667,-2.42839088033813,1.93958387740147,1.95681077990863,-1.36724910973408,-0.770343385111928,-2.08874491236676,-2.20482522081472,-1.74579221027401,-1.35536393119933,0.306482525497334,-0.371174987675849,0.183036416814505,-0.443040824359177,1.01558634147811,-0.490563539433066,-1.43379202943623,0.995214063991182,-0.593899024179223,-1.20904256940198,2.34816376992007,-0.712382893105428,-3.0624183260662,1.11657641352709,-1.46342764737006,-3.35862844600061,-0.349616060314757,-0.139550907191309,0.196935222211263,1.76030753997427,0.0423313544647435,0.139550907191309,3.35862844600061,1.32080425298878,0.882434559452602,2.45032048908811,0
"257","DTXSID10938325",2.22794046762481,-2.68110118417803,1.6850818227378,2.04073493270387,-1.36724910973408,-0.760285799878027,-2.08874491236676,-1.96851963566524,-1.63333650335366,-1.16437226063544,0.306482525497334,-0.371174987675843,0.191709655240498,-0.443040824359177,1.01558634147811,-0.490563539433066,-1.43379202943623,1.06391399614658,-0.593899024179223,-1.20904256940198,2.34325011925848,-0.712382893105428,-3.0624183260662,1.11519346623343,-1.46342764737006,-3.35862844600061,-0.233059058268572,-0.204961487628339,-0.113229266144512,1.79849667780371,0.0393654001899759,0.113229266144512,3.35862844600061,1.30472065032017,0.889037052916519,2.44268807805331,0
"258","DTXSID10971075",0.533755010972686,0.20701657399221,0.910007383534807,-1.36658567078267,-1.36724910973408,-0.811035095592132,-1.14650755223069,-1.51650164663055,-1.16252079071844,-1.51143549588671,-0.0325033625842377,-0.71680943824459,-0.353229753885775,-0.340780039718199,0.142239986856916,-0.490563539433066,-0.980192369214586,0.0840841934788255,-0.593899024179223,-1.20904256940198,2.06042910921456,-0.712382893105428,0.178398533389698,0.0221897286977959,-1.16238458334137,-1.96499014134644,-0.959250024042623,-0.88558468097134,-0.773435981663246,0.152077215258946,0.0617837245919231,0.0221897286977959,2.06042910921456,0.811569383270128,0.562127396456427,1.53109245073435,0
"259","DTXSID10984185",1.94288704158493,-2.56677985625046,1.81233285006964,2.37643154388481,-1.36724910973408,-0.711923423045629,-1.97665667737714,-2.36663605516066,-1.72433606571287,-1.03912424031303,0.272363976325833,-0.425033741732006,0.0815262166869558,-0.428931139436625,0.93359618134164,-0.490563539433066,-1.43379202943623,2.17979922309268,-0.593899024179223,-1.20904256940198,2.36213645028388,-0.712382893105428,-3.0624183260662,2.34987205071659,-1.46342764737006,-3.35862844600061,1.12967128214363,2.07696931304356,2.15292582803253,3.11446319259985,0.0300806044082396,0.0815262166869558,3.35862844600061,1.59052666445206,0.906932522402393,2.75140029312712,0
"260","DTXSID201015935",0.463836246094979,-0.15399814577907,1.12980461256252,0.647593996302969,-1.36724910973408,-1.03093634824716,-2.08874491236675,-1.69115139820155,-2.48427330231945,-2.59576767593872,0.194649503212969,-0.371174987675843,0.355134650207511,-0.398240434722285,0.755950834379301,-0.490563539433066,-0.980192369214586,-0.193952679759957,-0.593899024179223,-1.20904256940198,-0.549463598442481,-0.712382893105428,-3.0624183260662,-0.192737552181265,-1.16264410322415,-2.64003751745548,-1.46700694604756,-1.26914595570205,-1.44042080955721,0.230793601397181,0.156435644181672,0.15399814577907,3.0624183260662,1.06410692143043,0.821110631408678,2.11512852963354,0
"261","DTXSID201015959",2.28172413291535,-2.3441541123915,1.83546940049361,1.67146866040483,-1.36724910973408,-0.763816207155268,-2.11802922601269,-2.39033893041633,-1.78224487812328,-1.19707877722347,0.315311448309257,-0.357103781661171,0.198861821059743,-0.446755190233212,1.03722263373632,-0.490563539433066,-1.43379202943623,0.8779331249889,-0.593899024179223,-1.20904256940198,2.36435468478329,-0.712382893105428,-3.0624183260662,0.915379467512597,-1.46342764737006,-3.35862844600061,-0.39163127474076,-0.301642160714734,0.327754893807981,1.56234751938901,0.0421094416444797,0.198861821059743,3.35862844600061,1.30573419702667,0.869603014210377,2.41882605521595,0
"262","DTXSID201030882",-0.127784072101,1.00124895748903,-0.23525186245171,-1.08124355127887,-1.36724910973408,-0.972661482599367,-1.59189004301725,-0.784090237052985,-0.966287809724214,-2.17689679718516,0.0977176745061356,-0.463851331147472,0.412228503751311,-0.387995422632508,0.544957224407378,-0.490563539433066,-1.20699219932541,-0.219177616681138,-0.593899024179223,-1.20904256940198,1.54440017112006,-0.712382893105428,0.028903063020395,-0.647216022226297,-1.06921694542214,-1.77361052043349,-1.42742688560263,-1.26454874550038,-1.02734518544979,-0.542731282188941,0.308671652576142,0.028903063020395,2.17689679718516,0.865627024738961,0.537908111708072,1.55414940772529,0
"263","DTXSID20143246",-0.208459570036816,1.47658500518788,-0.21211531202774,-1.34980084022362,-1.36724910973408,-0.677701035533004,-1.33364992827658,-1.74000670705521,-2.0763491050473,-1.3819360072502,0.0977176745061356,-0.342617612159071,-0.255876028175023,-0.387995422632508,0.0249773877431158,-0.490563539433066,-1.43379202943623,-0.615162881420588,-0.593899024179223,1.18569051350554,0.23945381729154,-0.712382893105428,-0.531895318010861,-0.573384140629922,-1.06921694542214,-2.35056259021176,-1.45166250288399,-1.27121175915062,-1.20563414869697,-0.608198375610839,0.378319177511678,0.0249773877431158,2.35056259021176,0.908858240819234,0.611231404925874,1.69123443912435,0
"264","DTXSID20148039",-0.310648534088848,0.862859981576702,0.285320522087616,-0.846255923452212,-1.36724910973408,-0.824684078126934,-1.46741869922006,-1.80961995931545,-1.55412869841827,-1.95863550012477,0.413467634951802,0.216033348314515,-0.0276609955409443,-0.48852275324627,0.15193908407367,-0.490563539433066,-1.20699219932541,-0.00482524682416431,-0.593899024179223,1.88860098566574,1.61470465173286,-0.712382893105428,-0.604735008617191,-0.503208334733795,-1.46342764737006,-2.38823510186996,-0.990516043232102,-0.799376010377507,-0.807126261944272,-0.310478974573158,0.300042361868328,0.00482524682416431,2.38823510186996,0.898783891508536,0.634562271049258,1.71102359845159,0
"265","DTXSID20158092",-1.06899821468551,1.9158195809096,-0.917780099958826,-1.21552219575125,-1.36724910973408,-0.967389017256816,-0.756673714348304,-0.987896035445853,-0.810212935734267,-2.00705037735439,-0.0108979708896513,0.0941852123301229,0.507627417996025,-0.387779963216445,1.03172108559566,-0.490563539433066,-0.753392539103765,-0.923440120354145,0.481936258397524,-1.20904256940198,1.05623520912175,1.14582985069328,0.0656391391754605,-0.723238241413204,-0.213839411768218,-0.949667026818254,-1.38091578763972,-1.43546689408376,-1.20563414869697,-1.03100668729393,0.514321341727297,0.0108979708896513,2.00705037735439,0.903755011820061,0.487507383294876,1.5277644624375,0
"266","DTXSID20164491",1.32975325727273,-1.12272097716534,1.84703767570559,2.07430459382196,-1.36724910973408,-1.00018763970344,-1.72757171073357,-2.08880931702978,-1.90240405140365,-2.3109044669463,0.194649503212969,-0.544719861856811,-0.107092522606511,-0.398240434722284,0.568436301474607,-0.490563539433066,-1.43379202943623,0.202709572513572,-0.593899024179223,-1.20904256940198,2.63357424030338,-0.712382893105428,-3.0624183260662,0.227974186060827,-1.46342764737006,-3.35862844600061,-0.860279833272895,-0.606502448538383,-1.02734518544979,0.764662160849567,0.0597152539515202,0.107092522606511,3.35862844600061,1.24104278417903,0.865779845200947,2.34924098603624,0
"267","DTXSID20169527",2.2171837345667,-2.68711809617422,1.6850818227378,1.92324111879054,-1.36724910973408,-0.79136344532377,-2.08874491236676,-2.08026176187058,-1.8736235184381,-1.40337489045824,0.306482525497334,-0.371174987675849,0.191709655240502,-0.443040824359177,1.01558634147811,-0.490563539433066,-1.43379202943623,1.06391399614658,-0.593899024179223,-1.20904256940198,2.31051077367927,-0.712382893105428,-3.0624183260662,1.11834221762684,-1.46342764737006,-3.35862844600061,-0.233059058268572,-0.0882569357742686,-0.113229266144512,1.79849667780371,0.0409796902356177,0.0882569357742686,3.35862844600061,1.31650667150494,0.896172222637676,2.46360711648117,0
"268","DTXSID20170496",1.0500781977619,-0.72560478541693,1.24548736468237,1.38612654090104,-0.352984729893449,-0.900204893948515,-0.924964595993166,-0.202638413413478,-0.780752943652565,-1.68725878691376,-0.314812042749144,-0.930375137814514,-0.184901628080997,-0.246886376480163,-0.31799603589301,-0.490563539433066,-0.980192369214586,-0.290127817259673,-0.593899024179223,-1.20904256940198,1.90464865922485,-0.712382893105428,-3.0624183260662,0.325811938203742,-0.694470234682985,-1.42147038710899,-0.936107015430383,-0.683943761827648,-1.11120510596644,1.10096038479658,0.0663696023281982,0.184901628080997,3.0624183260662,0.892277216649893,0.606847108541368,1.66904151558284,0
"269","DTXSID20176372",2.01280580646263,-2.39228940836101,1.97428870303743,1.36934171034199,-1.36724910973408,-0.698253023355399,-1.72757171073357,-2.32771633201033,-1.63517721817968,-0.987328861742263,0.0707264244654278,-0.544719861856811,-0.119620533666283,-0.353464398500182,0.496315327280497,-0.490563539433066,-0.980192369214586,0.848651030381095,-0.593899024179223,-1.20904256940198,2.00135266120356,-0.712382893105428,-3.0624183260662,1.02223756276746,-1.10762588807408,-2.42558144459605,-0.366015837224706,-0.10944466366871,1.09011780759575,1.52259964124,0.0370033099867479,0.0707264244654278,3.0624183260662,1.18729978959598,0.783182008688744,2.18977276071757,0
"270","DTXSID20176690",1.53950955190585,-1.33932980902811,1.83546940049361,2.39321637444385,-1.36724910973408,-0.925279303925302,-2.24353342735241,-2.32938867975888,-1.62233225757235,-1.84750211300691,0.352758258856383,-0.296798613026862,0.305022605968418,-0.46279794113403,1.13097990018867,-0.490563539433066,-1.43379202943623,0.319990511515853,-0.593899024179223,-1.20904256940198,2.3626689638095,-0.712382893105428,-3.0624183260662,0.30147470593926,-1.46342764737006,-3.35862844600061,-1.01716287017584,-0.799393096854871,-0.449497920639709,0.897155088012933,0.066935703534926,0.296798613026862,3.35862844600061,1.28208883261122,0.847953988448439,2.36746993782522,0
"271","DTXSID20176695",0.791916604367295,-0.448826833592282,0.0770915682718856,0.865796793570579,-1.36724910973408,-0.686072174481184,-1.85601011506401,-2.34696248693701,-1.58093744210365,-1.0674283162083,0.263935440077731,-0.385628796425766,0.17740446105757,-0.440881623245133,0.909339942663214,-0.490563539433066,-1.20699219932541,0.480746445752354,-0.593899024179223,-1.20904256940198,0.986724008967203,-0.712382893105428,0.0909433242638296,0.13563423048542,-1.46342764737006,-2.59404769802859,-0.724313147510431,-0.432562601098476,0.327754893807981,0.392512909552466,0.0559165364163015,0.0770915682718856,2.59404769802859,0.836900961336053,0.639768278576385,1.65580435791383,0
"272","DTXSID20178851",0.506863178327414,0.0686275980798858,0.262183971663646,0.160833910090606,-1.36724910973408,-1.03093634824716,-1.72757171073357,-2.76564514465024,-2.06657568734757,-2.59576767593871,0.194649503212969,-0.544719861856817,0.207314380664296,-0.398240434722284,0.47467903502226,-0.490563539433066,-1.43379202943623,-0.355233040959476,-0.593899024179223,-1.20904256940198,2.43525412573977,-0.712382893105428,-3.0624183260662,-0.387069137465276,-1.46342764737006,-3.35862844600061,-1.51044821639469,-1.3647732604826,-1.62677247444894,0.0994697294734917,0.233876402741677,0.0686275980798858,3.35862844600061,1.14916773367495,0.955925441429531,2.37275229870475,0
"273","DTXSID20181087",0.280971784107131,0.213033485988398,0.192774320391736,-1.26587668742839,-1.36724910973408,-1.03093634824716,-1.66832213125463,-1.29249501870647,-2.11835386991324,-2.59576767593872,0.270640530742061,-0.282808596480448,-0.0534900549988515,-0.445036719084981,0.515038589312613,-0.490563539433066,-1.43379202943623,-0.170682425155479,-0.593899024179223,0.404585509660447,1.52531186009331,-0.712382893105428,-0.290980706197154,-0.0403689005741807,-1.46342764737006,-2.94749250708151,-0.954510517957831,-0.540832778082761,-1.39947358274244,0.178965485771511,0.251729239613545,0.0403689005741807,2.94749250708151,0.891335477638984,0.764430029543977,1.86980591545528,0
"274","DTXSID20194995",1.46421242049909,-1.12272097716534,1.90487905176552,0.0433400961772776,-0.352984729893449,-0.448565419473105,-1.04700766257205,-1.77654115440799,-1.2623611321232,-0.428417046964762,-0.108220984516642,-0.657505849057742,-0.185474835436761,-0.326638307227643,0.219445499568598,-0.490563539433066,-0.299792878882121,0.869251474992024,-0.593899024179223,-1.20904256940198,0.305097775212092,-0.712382893105428,0.272805319475593,0.859504421744225,-0.843694167283412,-1.32618828781764,0.0549500238321457,0.0603477565360221,1.03663571542952,1.67067997159905,0.0153463411178075,0.0433400961772776,1.90487905176552,0.731771699525757,0.54507469386515,1.42946730767315,0
"275","DTXSID20198296",-0.805458254761849,1.25997617332511,-0.512890467539351,-1.09802838183792,-0.352984729893449,-0.375782759848421,-1.13220617521849,-0.865335864474729,-1.39453005367295,-0.467603956866903,0.22127027092235,0.391927911007815,0.111292005746311,-0.448296242188609,0.0994222931938856,0.757361253861575,-0.526592708992943,-0.90149523571075,-0.593899024179223,-0.368400253674238,-1.05710769363208,-0.712382893105428,-0.178589473571085,-0.455475112372122,-0.57872436696161,-0.684083973851277,-0.753928228454643,-0.786915584288659,-0.416740139187891,-0.750043744691619,0.79416377891288,0.0994222931938856,1.39453005367295,0.635291507567776,0.33352699756388,1.06220606444954,0
"276","DTXSID20199662",2.08272457134034,-1.20695774511197,2.83034106872432,2.25893772997148,-1.36724910973408,-0.87251457526322,-2.0224069773729,-0.965049138157562,-1.85691510041374,-1.53160181521819,0.286352581486147,-0.403050576811121,0.196758300810586,-0.434669194340327,0.966904683897062,-0.490563539433066,-1.43379202943623,1.41575681315343,-0.593899024179223,-1.20904256940198,2.19389854631587,-0.712382893105428,-3.0624183260662,1.7682820903915,-1.46342764737006,-3.35862844600061,0.267518209934042,1.14733114012624,-0.91489101688714,2.43563178342755,0.0249135609324242,0.196758300810586,3.35862844600061,1.39166324146272,0.854598507360789,2.48554933088453,0
"277","DTXSID20200141",2.70661508871065,-0.232218001729514,1.73135492358574,0.0265552656182306,-1.36724910973408,-0.591451805536861,-1.60587174128013,-2.24220408839749,-1.46327523086878,-0.862908683237567,0.243371693790037,-0.347001937826951,0.171122931401584,-0.274117613432031,1.06407723711301,-0.490563539433066,-1.43379202943623,1.68864476711894,-0.593899024179223,-1.20904256940198,0.825504216668679,-0.712382893105428,0.109374352726988,1.52086836797928,-1.46342764737006,-2.5607376958373,1.00307594041281,1.77409501195542,2.67559442986376,2.16596970814211,0.0178852124237381,0.0265552656182306,2.70661508871065,1.17187891819646,0.798398482787235,2.19382897616412,0
"278","DTXSID20203379",1.87296827670722,-2.30203572841819,1.80076457485765,2.05751976326291,-1.36724910973408,-0.721649788491446,-1.42019026253511,-1.89378805404691,-1.30185957646856,-0.985768305162933,0.0949722442203801,-0.692417627117205,-0.330294274826335,-0.361822269479582,0.338531515120725,-0.490563539433066,-1.43379202943623,1.24989486730427,-0.593899024179223,-1.20904256940198,2.47987615151659,-0.712382893105428,-3.0624183260662,1.57995337343628,-1.46342764737006,-3.35862844600061,0.490002248678175,0.592643279647926,-0.307547534348496,2.13674332715019,0.0235255907970641,0.0949722442203801,3.35862844600061,1.29008822091746,0.845587735986721,2.37244052298047,0
"279","DTXSID2020688",1.30286142462746,-1.12272097716534,2.2287907577011,2.34286188276671,-1.36724910973408,-1.04840132406419,6.23238701301742,7.46960032742903,8.11441075066694,-3.25203461431036,-1.72065177262744,-1.94195513473998,-1.61999840971923,-1.64462623243475,-0.931679961762904,-0.490563539433066,-0.526592708992943,0.697520714674901,-0.593899024179223,-1.20904256940198,-0.549463598442481,-0.712382893105428,-2.69846029310986,-1.23169632859232,3.8933222531611,-1.87667990297886,1.07016279530775,1.88788635738149,-1.39947358274244,0.233131711876535,0.00314431774109492,0.233131711876535,8.11441075066694,2.04701693220491,1.9695082603838,4.56798750549617,1
"280","DTXSID20207978",-0.0417302076361305,0.279219517946466,-0.3972077154195,-0.779116601216024,-0.352984729893449,-0.74945613003103,0.753655246673487,0.301011031082316,-0.0465892072033726,-1.08346434354792,-1.07608873055679,-1.63276062288028,-1.2337506537049,0.919595013598994,-1.35805854236002,-0.490563539433066,-0.299792878882121,-0.373497401826051,-0.593899024179223,-1.20904256940198,-0.549463598442481,-0.712382893105428,0.150942965707203,-0.684849925971085,0.350875853168354,-0.898499275594189,-0.937929172656689,-0.727260259977703,-1.00638020532062,0.136100126983364,0.0790014826545139,0.0417302076361305,1.63276062288028,0.670872266146675,0.409181181777939,1.19462417882244,0
"281","DTXSID20211030",-0.0417302076361305,0.80870777361101,-0.385639440207515,-0.930180076247447,-1.36724910973408,-0.932317344843206,-1.97720525600857,-2.00028257167665,-0.973497590122426,-1.88690926574038,0.399494881769653,0.0134218651456825,0.725758030049057,-0.525864850476217,1.58969112167009,-0.490563539433066,-1.43379202943623,-0.462268584111517,-0.593899024179223,-1.20904256940198,1.40557609092554,-0.712382893105428,-0.0684348157601431,-0.670616185006862,-1.46342764737006,-2.00229571295602,-1.4465469444497,-1.15912799697958,-0.786377327421989,-0.490123796403487,0.291643591151976,0.0134218651456825,2.00229571295602,0.965080818062631,0.589659422928258,1.7198448794108,0
"282","DTXSID2021816",-0.251486502269251,0.92904601353477,-0.836802173474931,-1.33301600966457,-1.36724910973408,-0.719640830728233,-1.23007226244038,-0.978689764805168,-1.3756961131117,-1.09069392256397,-0.0400275557614674,-0.248201915922579,0.458152737785158,-0.384668398527107,0.660756128316449,-0.490563539433066,-1.20699219932541,-0.745468679177106,-0.593899024179223,-1.20904256940198,-0.00190176213236826,-0.712382893105428,-0.0156543286558364,-0.650635921141651,-0.243943718171087,-0.747483060029301,-1.48612810259527,-1.41118199109507,-0.786377327421989,-0.689252872228428,0.363425937728312,0.00190176213236826,1.48612810259527,0.763170247557767,0.440968920519429,1.32761046582264,0
"283","DTXSID2022042",0.334755449397675,0.285236429942654,0.539822576751286,-0.275571684444615,-1.36724910973408,-1.04840132406419,-0.523661038622955,-2.60102598460674,-3.10905079997045,-3.25203461431036,-0.344780368982211,-1.12320277579337,-0.900002752106932,-0.240676595543884,-0.66380205761335,-0.490563539433066,-0.980192369214586,-0.49721448991992,-0.593899024179223,-1.20904256940198,2.60382622311884,-0.712382893105428,-3.0624183260662,-0.390894526852187,-1.01342017062372,-2.77662075777469,-1.36930648728478,-1.24106607668257,-1.72975865192606,-0.0392581589681502,0.26164264444958,0.0392581589681502,3.25203461431036,1.17730459421454,0.967500465785133,2.41570519041951,0
"284","DTXSID2022125",0.280971784107131,0.441676141843542,0.643937053659152,0.563669843507734,-1.36724910973408,-0.691836953286169,-1.884551982693,-2.37344546513643,-1.75208688077153,-1.14337794018811,0.27878242654875,-0.350275226329974,0.247292695110242,-0.450088961013985,0.943426537809321,-0.490563539433066,-1.20699219932541,0.108784703436989,-0.593899024179223,-1.20904256940198,1.12431769498158,-0.712382893105428,-0.0317781161909948,-0.195836476193994,-1.46342764737006,-2.5286100560249,-1.09917070334794,-0.941669440976274,-0.191075422519809,0.0721917738810339,0.243565601287927,0.0317781161909948,2.5286100560249,0.846080375403594,0.664411523815783,1.6965271258878,0
"285","DTXSID2022254",1.00167289900042,-0.87602758532163,0.620800503235182,0.513315351830593,-1.36724910973408,0.168142448476882,-0.790384778391704,-0.548679790675889,-0.51302809053452,0.340350396947505,-0.240125775487964,-0.787800522388383,0.202264618617047,2.82057084681454,-0.0414889661532313,-0.490563539433066,-1.43379202943623,0.588926193187343,-0.593899024179223,-1.20904256940198,1.4626840580572,-0.712382893105428,-1.29668036429623,0.269582504930452,-1.46342764737006,-2.62907008711343,-0.382415368352139,0.0422605030817021,-0.337068859091778,0.546828201189798,0.0259557881780246,0.0414889661532313,2.82057084681454,0.809684184194521,0.672207159969794,1.67010934895586,0
"286","DTXSID2022333",1.0500781977619,-0.346539329657086,1.2223508142584,0.36225187679917,-0.352984729893449,-0.869666656081105,-0.824638706650612,-1.18938190699282,-1.06096006989013,-1.54189897307711,-0.378494735994409,-0.978582047309228,-0.507480981168963,-0.234048309039984,-0.425390722920247,-0.490563539433066,-0.299792878882121,0.123235050027066,-0.593899024179223,-1.20904256940198,2.07688967872334,-0.712382893105428,-3.0624183260662,0.173456206307983,-0.598447878053145,-1.4150285506999,-0.977503459926914,-0.996174192894715,-1.00638020532062,1.14304637342494,0.0224625246248131,0.123235050027066,3.0624183260662,0.874100296131376,0.616350418672776,1.66302883203253,0
"287","DTXSID2024030",-0.407459131611827,1.19379014136704,-0.30466151372362,-0.930180076247447,-1.36724910973408,-1.04840132406419,1.70191000912927,-0.0651372688736818,-4.30119597170827,-3.25203461431036,-0.46635084161628,-0.412393234098037,0.432307631103009,0.944736206950752,0.526486772226858,-0.490563539433066,-1.43379202943623,-0.514997331484087,-0.593899024179223,-1.20904256940198,-0.549463598442481,-0.712382893105428,-2.74149042511526,-1.0635799549973,1.74968802137062,-2.12836000521483,-1.14663822870065,-0.744157305413447,-1.26844245693517,-0.327235433008525,0.349791768653811,0.0651372688736818,4.30119597170827,1.13426755543343,0.940472404685476,2.33807223343084,0
"288","DTXSID20243376",1.01242963205852,-0.45484374558847,0.481981200691361,0.395821537917264,2.01363215640135,-0.083002855782804,0.764422055173379,1.29450499159884,0.853102953748347,0.579235001352591,-0.76656227588678,-0.747296571953502,-0.708264376540076,-0.326889528426634,-0.576134200767101,-0.490563539433066,0.834206271671988,0.909351067591544,-0.593899024179223,0.884709573832367,-0.549463598442481,-0.712382893105428,-0.228624236878458,0.751225444905421,0.873289377211241,0.659609713074216,-0.120881815585554,-0.367746597420181,-0.737686174277461,0.428753621982446,0.0174248892244783,0.083002855782804,2.01363215640135,0.67335053444927,0.366286958149255,1.14219784088032,0
"289","DTXSID2024618",1.46421242049909,-0.521029777546538,1.80076457485765,0.0265552656182306,-0.352984729893449,-0.611852510120283,-1.51107228283577,-1.61622874144544,-1.43827016716889,-0.646515938517161,0.222999657807433,0.0222185489805139,0.164363818206341,-0.401090809076862,0.700521704924061,-0.490563539433066,-0.072993048771299,1.53427730679557,-0.593899024179223,-0.486759251636213,2.07665808106886,-0.712382893105428,-2.02387465724716,1.94258770542634,-1.06065278929029,-1.51813870436178,0.241161545335718,0.574719544345402,0.753180626948479,1.63365988900929,0.01729993240114,0.0222185489805139,2.07665808106886,0.907206318481728,0.656840937430915,1.7479627183933,0
"290","DTXSID2025553",-1.13891697956322,2.54759534050934,-1.07973595292662,-1.14838287351506,-1.36724910973408,-0.523862896669079,-2.12436045480389,-1.68120096631177,-1.16111206302425,-0.985418203421308,0.58726981211328,0.591058422195246,1.72772621897081,-0.646981835843932,2.71505229756755,-0.490563539433066,-1.43379202943623,-1.19751518626321,-0.593899024179223,-1.20904256940198,0.206631838331263,-0.712382893105428,-0.157802966441657,-1.12972459358027,-1.46342764737006,-1.43586259123815,-1.53144237746711,-1.41162585975746,-0.70688048918971,-1.18727040433073,0.881174487540277,0.157802966441657,2.71505229756755,1.16312624788983,0.610392421610004,1.94442854755064,0
"291","DTXSID2026446",1.23832102627881,-0.954247441272075,-0.0038863582120096,1.80574730487721,-1.36724910973408,0.0536151166017185,-1.37719413349124,-1.43718671749307,-0.35538883970121,0.221809177867379,0.276751327184544,-0.0809315491600408,0.498109627456296,-0.499735154492263,1.42960796697783,-0.490563539433066,-1.43379202943623,0.186256868428333,-0.593899024179223,-1.20904256940198,-1.84959984629507,-0.712382893105428,0.608978087800749,-0.292899048716089,-1.46342764737006,-0.285342454352193,0.904470809712215,1.07826864159655,2.33762075743029,0.159091546697006,0.0443222130445639,0.0038863582120096,2.33762075743029,0.840180553825141,0.626612601033728,1.64224468314831,0
"292","DTXSID2026523",-1.26799777626052,1.21785778935179,-0.940916650382797,0.462960860153452,-1.36724910973408,-1.04840132406419,1.99439450086557,3.4302729890079,4.39402081893255,-3.25203461431036,1.06651256795875,3.99096960043442,1.97836571724602,0.0491565890346691,3.64782357745862,-0.490563539433066,-1.43379202943623,-0.770536288009382,1.59664626126906,-1.20904256940198,-0.549463598442481,0.548807436929378,0.170292884433781,-1.51953162864487,-1.46342764737006,-0.688894965599834,0.672786436839285,1.78937318652519,-1.16491169086522,-0.978009516428587,0.378532385669459,0.0491565890346691,4.39402081893255,1.50516713882747,1.13768671424962,2.96140613306698,0
"293","DTXSID2026949",-0.229973036153033,0.255151869961714,-0.18897876160377,-1.11481321239696,-1.36724910973408,-1.04840132406419,1.55638881908849,0.714591695585025,0.0603822311805185,-3.25203461431036,9.55347409049721,6.27591805704399,8.8098147890871,0.0060865619768152,0.755950834379297,-0.490563539433066,-1.20699219932541,-0.185514173173208,-0.593899024179223,-1.20904256940198,-0.549463598442481,-0.712382893105428,0.130392667505662,0.786335921092339,3.9291359969852,-0.217866256522848,-0.599799065950347,-0.17606650410453,-1.3412375268281,-0.502204033880146,0.199728384652814,0.0060865619768152,9.55347409049721,1.59400349923308,2.44533976165878,4.72403839415632,1
"294","DTXSID2027204",-0.902268852284828,1.39836514923743,-0.628573219659201,-1.06445872071982,-1.36724910973408,-1.04840132406419,-0.657386878563211,0.34743135041558,-0.945866078618232,-3.25203461431036,-0.344445206294519,0.683367921180413,2.8622817474842,2.40170269799999,-0.0548084593696793,-0.490563539433066,-1.43379202943623,-1.50134433104681,-0.593899024179223,-1.20904256940198,-0.549463598442481,-0.712382893105428,-3.0624183260662,-1.07310661082325,-1.46342764737006,-1.56164148568137,-1.70734725119562,-1.52493896266032,-1.26844245693517,-0.576633884139567,0.531863669606637,0.0548084593696793,3.25203461431036,1.22290286466175,0.797426330848237,2.24360856814749,0
"295","DTXSID2027412",-1.15505207915038,2.25878356469232,-0.825233898262946,0.227973232326794,-1.36724910973408,-0.429501918039276,-2.14719251344933,-2.22037863032123,-1.28986038202434,-0.720706319721887,0.575202135321533,0.483315746077162,1.15979494672027,-0.618226937018234,2.33700043963544,-0.490563539433066,-1.43379202943623,-0.999467727438266,-0.593899024179223,1.63947493057997,-0.42804417413544,-0.712382893105428,-0.619218939027906,-0.395328322982719,-1.46342764737006,-1.82938540782354,0.352873594699391,0.794228723780317,2.13836681405394,-1.17168300113504,0.638597156025705,0.227973232326794,2.33700043963544,1.09592028738919,0.654540503709917,1.93373213213789,0
"296","DTXSID20274842",1.23832102627881,-1.11068715317296,1.29176046553031,2.19179840773529,-1.36724910973408,-0.954679551058748,-2.24353342735241,-1.68504651985621,-2.13123044891706,-1.88930691763752,0.352758258856383,-0.296798613026862,0.342606639147738,-0.46279794113403,1.13097990018867,-0.490563539433066,-1.43379202943623,0.251290579360452,-0.593899024179223,-1.20904256940198,2.27327617216995,-0.712382893105428,-3.0624183260662,0.305879002066202,-1.46342764737006,-3.35862844600061,-1.12622707542349,-1.07331251903602,-1.20563414869697,0.88780264609552,0.0640181819139815,0.251290579360452,3.35862844600061,1.27123769991562,0.80413174803371,2.30052633739876,0
"297","DTXSID20275834",1.67396871513221,-2.29000190442581,1.48842114413406,2.32607705220767,-1.36724910973408,-0.707299611385698,-1.96440659705041,-2.36467566698163,-1.68247968190424,-1.0216052152082,0.268603598594567,-0.4309199443611,0.0714688791692834,-0.427399771645393,0.924713913993521,-0.490563539433066,-1.43379202943623,2.36578009425036,-0.593899024179223,-1.20904256940198,2.38464117983552,-0.712382893105428,-3.0624183260662,2.55356043590223,-1.46342764737006,-3.35862844600061,1.35026617896207,1.9827702539169,2.41422181575347,3.33619400305854,0.0327762081428016,0.0714688791692834,3.35862844600061,1.59069597475332,0.922784854731939,2.77186058881021,0
"298","DTXSID2027593",0.544511744030795,-0.466877569580846,2.78406796787638,2.4100012050029,-0.352984729893449,20.5528745519652,2.96657078006288,1.89258202909734,1.25141734068817,7.38823681891104,-1.25118155538223,-1.61346793789074,-1.26890937385602,0.359729134229033,-1.02082642559467,-0.490563539433066,-0.299792878882121,0.42144329127067,-0.593899024179223,-1.20904256940198,-0.549463598442481,-0.712382893105428,-2.7179183451941,-0.180456402381513,2.06734035789744,-1.00858129017983,0.0999350593466817,0.759310081588445,-1.22544786877966,0.514094654478849,0.00635849700639519,0.0999350593466817,20.5528745519652,1.96579703395411,3.78002165435084,6.80422475152318,1
"299","DTXSID2027884",-1.35405164072539,1.4645511811955,-0.628573219659201,-0.711977278979836,-1.36724910973408,-0.805710930940033,-1.12438750857136,-2.19733847914454,-1.35314320037597,-1.41592939633237,0.0815400821675798,-0.371100801408477,0.150145595374848,-0.381271679904935,-0.0262056728465291,-0.490563539433066,-0.980192369214586,-0.702270199977933,-0.593899024179223,-1.20904256940198,1.48946549938594,-0.712382893105428,-3.0624183260662,-0.908167091761347,-0.71808654401627,-1.23078387517676,-1.79903628414695,-1.70202948001439,-0.744317953706074,-0.697436258906165,0.474282930557638,0.0262056728465291,3.0624183260662,1.01577558952843,0.652023460318998,1.85036561873675,0
"300","DTXSID2029240",-0.902268852284828,1.40438206123362,-0.940916650382797,0.1944035712087,-1.36724910973408,-1.03093634824716,-0.20896733155465,1.06896040911134,-0.84854105891148,-2.59576767593872,0.191154417543064,-0.918606313977256,1.32966375724962,6.6883761082379,2.80110133956404,-0.490563539433066,-1.43379202943623,-1.03155789005714,-0.593899024179223,-1.20904256940198,-0.549463598442481,-0.712382893105428,-1.59848859303061,-0.573514463444979,-0.909871737393167,-1.31868640237922,-0.983276593949689,-0.544530044451151,-1.02734518544979,-0.801092490157504,0.591297661865108,0.191154417543064,6.6883761082379,1.2089600686497,1.18994791905961,2.732093405046,0
"301","DTXSID2029244",0.958645966767981,-0.803824641367374,1.49998941934604,0.127264248972512,-1.36724910973408,-1.03093634824716,-0.695648277495904,-2.00823727987576,-2.01738624080128,-2.59576767593872,-0.158054643991571,-1.04056235951672,-0.816326925285967,-0.284245112749564,-0.389227205860052,-0.490563539433066,-1.43379202943623,-0.0519712307995121,-0.593899024179223,-1.20904256940198,2.78727232909017,-0.712382893105428,-3.0624183260662,0.269149181385889,-1.46342764737006,-3.35862844600061,-0.624349886981911,-0.627868075663429,-1.58874076446406,0.650094747361245,0.0524888960280671,0.0519712307995121,3.35862844600061,1.15723220488966,0.888872546175475,2.29498906399426,0
"302","DTXSID2033447",-0.9291606849301,2.62581519645979,-0.790529072626991,-0.19164753164938,-1.36724910973408,-1.04840132406419,-2.92902465063039,-1.83062626202053,-2.50501285678593,-3.25203461431036,0.841230517285973,0.959484086912971,2.05105507893603,-0.642404996229407,3.56766977835807,0.757361253861575,-1.43379202943623,-0.946452928994958,0.816439665585252,-1.20904256940198,-0.549463598442481,1.7235934769164,-2.43564167128783,-0.490505566788189,-1.46342764737006,-2.42925084508224,-1.68589264273388,-1.36249801281985,-1.47226865263537,-0.838502257827161,0.374985279910917,0.19164753164938,3.56766977835807,1.50484928600392,0.86939993659227,2.61768120484203,0
"303","DTXSID20335220",-0.649485625419273,1.33217911727937,-0.871506999110886,-1.43372499301886,-1.36724910973408,-0.429221950592866,-1.5029753904301,-1.90347017815408,-1.24473771750354,-0.512274298274837,0.30746821441963,-0.0405613768072467,0.698735501867909,-0.515168043931423,1.35525191043524,-0.490563539433066,-1.20699219932541,-0.852918996381716,-0.593899024179223,-1.20904256940198,0.213176402111862,-0.712382893105428,-0.0406171602598041,-0.87851377343352,-1.46342764737006,-1.2790976482449,-1.32645663185382,-1.32160567096394,-0.545150642479019,-0.721986418939377,0.631499351670452,0.0405613768072467,1.90347017815408,0.900661388148748,0.483452555714851,1.51948065946376,0
"304","DTXSID20335806",1.66859034860316,-2.52466147227714,1.08353151171458,1.40291137146008,-1.36724910973408,-0.700694166157225,-1.91766286948787,-2.38525974286156,-1.73682310954851,-0.996578036487049,0.25419695663711,-0.453380454393167,0.0332509966021405,-0.421576449436669,0.890961298070687,-0.490563539433066,-1.43379202943623,3.29568445003876,-0.593899024179223,-1.20904256940198,2.39227877750655,-0.712382893105428,-3.0624183260662,3.58050355442647,-1.46342764737006,-3.35862844600061,2.4596063238104,3.93190654380242,3.72165958422516,4.44484805535201,0.0433330179054831,0.0332509966021405,4.44484805535201,1.79959898858752,1.2326550774931,3.37739748777868,1
"305","DTXSID20336651",-0.703269290709817,2.00005634885623,-0.559163568387291,0.815442301893438,-1.36724910973408,-1.04840132406419,-1.37639562958543,-1.04879956626463,-2.46960202629628,-3.25203461431036,0.0635064408448995,-0.335413076491472,0.561011478886226,-0.385938411637348,0.608731928720363,-0.490563539433066,-1.43379202943623,-0.792562220456152,-0.593899024179223,-1.20904256940198,1.27756045697473,-0.712382893105428,-1.58855570088758,-0.973091232988642,-0.890407746184416,-2.29119984456855,-1.48339960305519,-1.16158445452473,-1.56932874582594,-1.1634996144573,0.583179487522672,0.0635064408448995,3.25203461431036,1.14086282640537,0.689117678604194,2.02293345501874,0
"306","DTXSID20337587",1.57177975108018,-0.42475918560753,1.96272042782544,0.379036707358217,-1.36724910973408,-0.415238174183633,-1.21733023408687,-1.98560443432097,-1.21865056353011,-0.685429066954694,0.214266388418975,-0.288777871337101,0.284878554961943,0.0151120425419003,1.18957324728256,-0.490563539433066,-1.43379202943623,0.842839426127282,-0.593899024179223,-1.20904256940198,0.805150197851542,-0.712382893105428,0.13644937134742,0.384205648563184,-1.46342764737006,-2.3148470921462,0.0336155534151548,0.168895976080279,1.3696508759846,0.804410038998577,0.0214129905945732,0.0151120425419003,2.3148470921462,0.866119254755481,0.626568961206739,1.66812752510011,0
"307","DTXSID20337663",-0.649485625419273,1.32616220528318,-0.755824246991036,0.479745690712499,-1.36724910973408,-1.04840132406419,-1.7935438503728,-1.94507063342411,-2.32117653265785,-3.25203461431036,0.318634863918328,-0.174766554760486,0.562644919445198,-0.474925450326467,1.15139181695775,-0.490563539433066,-1.43379202943623,-0.78798063580651,-0.593899024179223,-1.20904256940198,1.58743563598036,-0.712382893105428,-1.61712225226882,-0.586200260994773,-1.46342764737006,-2.82640229103731,-1.50535746096422,-1.30105581704248,-1.56932874582594,-0.606249950211378,0.605232950162236,0.174766554760486,3.25203461431036,1.19704327304785,0.732591528405893,2.13476042940739,0
"308","DTXSID20337880",1.12537532916867,-0.015609169866746,0.840597732262897,0.882581624129626,-1.36724910973408,-0.627405115132971,-2.16228631000584,-1.94692397094535,-1.96873610215619,-0.807890186492944,0.427064443724536,-0.00625779424402066,0.723945837984074,-0.519632250490464,1.72652207668261,-0.490563539433066,-1.43379202943623,0.177394052753323,-0.593899024179223,-1.20904256940198,1.11842677810918,-0.712382893105428,-1.41549570231822,0.360200618838443,-1.46342764737006,-2.50488126621422,-0.467112110928274,0.160218304843292,-0.138298996847435,0.0546559452858825,0.112947276711984,0.00625779424402066,2.50488126621422,0.914928951069509,0.684069859831574,1.79053837165392,0
"309","DTXSID20338514",1.27059122545313,-1.15882244914247,1.46528459371009,1.26863272698771,-1.36724910973408,-0.746313022266366,-1.97665667737715,-1.84639070435543,-1.96854999559112,-1.16942198953014,0.194649503212969,-0.425033741732011,0.124021063800498,-0.398240434722284,0.755950834379302,-0.490563539433066,-1.20699219932541,0.363989933713091,-0.593899024179223,-1.20904256940198,2.19657586786248,-0.712382893105428,-3.0624183260662,0.467488806046896,-1.24724758501152,-2.67232824173393,-1.0456256205618,-1.04665256384106,-0.807126261944272,0.913521861368408,0.0494559716298405,0.124021063800498,3.0624183260662,1.13905544551965,0.71161190207865,2.04991868018032,0
"310","DTXSID20338998",0.431566046920653,0.285236429942654,0.921575658746792,-1.06445872071982,-1.36724910973408,-1.04840132406419,1.70428625806735,-1.18643967781907,-3.00453730695425,-3.25203461431036,2.52166727951676,-0.244655847598465,0.45127497662436,8.63670499356795,-0.713281539161079,-0.490563539433066,-1.43379202943623,0.0381825316611837,-0.593899024179223,-1.20904256940198,-0.549463598442481,-0.712382893105428,0.312954512861137,-0.00967110800289774,-1.46342764737006,-1.33613644024687,-0.934224164428736,-0.256498178528807,-1.59602027145335,0.00633499537924332,0.06395305988064,0.00633499537924332,8.63670499356795,1.25919877625595,1.61589713627335,3.32754711068584,1
"311","DTXSID20339061",3.30361377343568,-1.6943276168032,1.56939907061795,3.21567307183715,-1.36724910973408,-0.0799971559153401,2.17288002263915,0.498021629487168,0.199464338765939,0.644030692359357,-0.200568571040364,-2.64371260056494,-1.21383392855738,12.7316241858259,1.5615535074317,-0.490563539433066,-1.43379202943623,2.56365115491502,-0.593899024179223,-1.20904256940198,-0.549463598442481,-0.712382893105428,-1.05081347348029,2.35723776156562,-1.46342764737006,-1.2367772293042,2.36280556599825,3.46049795224475,-0.0753654720415765,1.83707550071305,0.0144759993970834,0.0753654720415765,12.7316241858259,1.81642482288822,2.27962917800745,4.73435017073775,1
"312","DTXSID2034091",-0.751674589471306,1.59090633311545,-0.489753917115381,-1.29944634854648,-1.36724910973408,-0.602689250249501,-1.19777377919461,-2.30356854327061,-1.51267071238179,-1.06500827804268,0.217944554395102,-0.288361662736007,0.355997142134642,0.0842761594320206,1.01945235841103,-0.490563539433066,-1.43379202943623,-0.365058895239301,-0.593899024179223,-1.20904256940198,1.2349583582907,-0.712382893105428,-0.0899518658611489,-0.901545359987077,-1.46342764737006,-2.26461707660194,-1.48631591884208,-1.22466551539925,-0.962703163384863,-0.438685365857709,0.509969386995897,0.0842761594320206,2.30356854327061,0.967279398687358,0.58284015900323,1.71331480221149,0
"313","DTXSID2035643",-0.504269729134805,1.18175631737467,-0.30466151372362,-0.795901431775071,-1.36724910973408,-1.04840132406419,-1.0052253074672,-2.66012291259781,-3.5354305245713,-3.25203461431036,-0.263865888152936,-0.891809610218747,0.382434427259488,-0.258129820806723,-0.509772262727355,-0.490563539433066,-1.20699219932541,-0.800476300079883,-0.593899024179223,-1.20904256940198,2.18735398253527,-0.712382893105428,-3.0624183260662,-1.0614938164054,-0.771288119986857,-2.68916671285388,-1.98356804190342,-1.91021097951755,-1.92883933100383,-0.645218458200603,0.401860214146249,0.258129820806723,3.5354305245713,1.30713263626388,0.948388794232504,2.52107029288148,0
"314","DTXSID2036245",-1.5422944692423,0.92904601353477,-0.674846320507141,-0.963749737365541,-1.36724910973408,-1.04840132406419,-1.84057039377566,-3.12953265400377,-3.5354305245713,-3.25203461431036,1.3725104299139,3.7529808606551,2.16797284328045,-1.19625149153015,1.80881954562531,-0.490563539433066,-1.43379202943623,-1.48804772377537,-0.593899024179223,2.9585692623834,-0.549463598442481,-0.712382893105428,-0.587454099505461,-1.53837092554477,-1.46342764737006,-1.19180668779014,-1.71120384291599,-1.53030922772464,-1.70521287629275,-1.29677191178045,0.523649235520616,0.490563539433066,3.7529808606551,1.59443218739312,0.900488181660487,2.74705705991854,0
"315","DTXSID2042060",0.264836684519968,0.59811585374443,0.192774320391736,-0.695192448420789,-1.36724910973408,-1.03093634824716,-1.18478287642776,-0.94267635374811,-2.00461368661583,-2.59576767593871,0.117772535617893,-0.505471386542527,-0.407222913127019,-0.389579390585021,0.0207000996275984,-0.490563539433066,-1.43379202943623,-0.356663296313161,-0.593899024179223,0.224304303585886,1.68907469469421,-0.712382893105428,-0.223341058868989,-0.142497328873843,-1.46342764737006,-2.94826715829526,-1.07653970037752,-0.972350218915179,-1.5732903822827,-0.141745334979813,0.245497068953255,0.0207000996275984,2.94826715829526,0.878661009799973,0.743856531779192,1.83079737047734,0
"316","DTXSID2042480",-0.310648534088848,0.941079837527146,-0.431912541055455,-1.33301600966457,-1.36724910973408,-1.04840132406419,0.415854364180703,-1.00770848638057,-0.434965975776738,-3.25203461431036,-0.246017393339864,-0.46201571950758,0.3957628509323,0.939822785002251,0.569141355194749,-0.490563539433066,-1.20699219932541,-0.494735380640197,-0.593899024179223,-1.20904256940198,2.3798897604241,-0.712382893105428,-2.71716041964131,-0.865646018681282,0.304162274267351,-2.19094366906259,-1.44079150076705,-1.17458019066857,-1.00638020532062,-0.389195360711393,0.318843148789991,0.246017393339864,3.25203461431036,1.01106653021297,0.7522507696468,1.97394751536087,0
"317","DTXSID20436024",-0.310648534088848,0.062610686083698,0.736483255355032,1.35255687978294,-1.36724910973408,-1.04840132406419,0.413870137034738,0.162047593679169,0.632715285531006,-3.25203461431036,6.14046923775506,4.00245738794627,6.23532339913012,0.323785404908563,0.105730361618688,-0.490563539433066,-1.43379202943623,-0.118764155816665,-0.593899024179223,-1.20904256940198,-1.55967320867706,-0.712382893105428,0.286364867429258,-0.164651407453977,-1.46342764737006,-0.347029153636662,-0.0612474760092817,0.738610444040555,-1.05716043400718,0.084272011357694,0.213875914013891,0.0612474760092817,6.23532339913012,1.21557546907924,1.62009141321843,3.28929247799882,1
"318","DTXSID2044214",-1.2948896089058,-0.653401841462674,-0.721119421355081,0.160833910090606,0.323191523333636,0.149778480601958,0.337781118219764,-0.0717356122407984,-0.343839810672967,0.828088193590518,-0.547596836620558,-0.678690780914184,-0.386509842367943,0.599461883168257,-0.295579519473353,0.757361253861575,-0.072993048771299,-0.911178064455207,-0.593899024179223,-0.590780226487784,1.25269151934338,-0.712382893105428,0.76114236525805,-0.249559297362555,-0.351125429760611,-0.0178839300256086,0.00644069378532232,0.216417297443642,-0.416740139187891,-0.453883083973507,0.297525883568297,0.00644069378532232,1.2948896089058,0.491899221667306,0.330970713900524,0.915541735459977,0
"319","DTXSID2044470",-0.229973036153033,0.892944541557642,-0.339366339359575,-0.812686262334118,-0.352984729893449,-0.821411504517624,-0.133629069712882,-0.82369938814703,-0.380113647885727,-1.34410091566898,-0.604595186848742,-1.14994397480041,-0.741083978144574,-0.240019273425789,-0.744190696574543,-0.490563539433066,-0.072993048771299,-0.330828117107741,-0.593899024179223,-1.20904256940198,0.708480888234465,-0.712382893105428,0.123562409088205,-0.47291208263456,-0.0360682920616225,-0.702920229680375,-1.05718191139981,-0.958123999404579,-1.00638020532062,0.0336129509717011,0.223136455609578,0.0336129509717011,1.34410091566898,0.603989823527293,0.368607899763278,1.07580793522429,0
"320","DTXSID2044551",3.00780361433769,-2.60889824022377,2.13624455600522,2.37643154388481,-1.36724910973408,-0.632615926974346,1.96205328899768,0.234146544286642,-0.106022454548941,-1.13332671922026,-0.165136240685538,-2.53207951261997,-1.2525204309809,12.1314292849159,1.40220269673014,-0.490563539433066,-1.43379202943623,1.43804972659955,-0.593899024179223,-1.20904256940198,-0.549463598442481,-0.712382893105428,-1.17426258198874,1.23596006547413,-1.46342764737006,-1.68350635293932,0.721054491834207,1.08560001128612,-0.760494635904503,0.948593518558711,0.0163267732221879,0.106022454548941,12.1314292849159,1.61827509500332,2.11857122698202,4.3300462655403,1
"321","DTXSID2047062",-0.687134191122654,1.00726586948521,-0.478185641903396,-0.980534567924588,-1.36724910973408,-0.755994969474483,-2.02683432566782,-2.49911145619284,-1.74189684507279,-1.56895191651752,0.318634863918328,0.0991771776035645,0.365611901324518,-0.474925450326467,0.62664053179926,-0.490563539433066,-0.980192369214586,-0.80114375257827,-0.593899024179223,1.72195215474188,-0.162739375043451,-0.712382893105428,-0.688551763591743,-0.723331974768526,-0.999406096953423,-2.31460246544712,-1.64112284253743,-1.64913402957323,-0.482255702091527,-0.555201204745493,0.517218643113205,0.0991771776035645,2.49911145619284,0.983820933535731,0.637767169493045,1.80016291048683,0
"322","DTXSID2047228",1.2275642932207,-0.202133441748574,1.11823633735054,2.54427984947528,-1.36724910973408,-0.941298732647465,-0.796564166612673,-0.480749539475121,-1.12872015457982,-1.86772941596873,-0.0903439939764089,-0.915562236678035,-0.586384184149389,-0.318888318624191,-0.128065043659405,-0.490563539433066,-1.20699219932541,0.529327452599234,-0.593899024179223,-1.20904256940198,1.22599722718819,-0.712382893105428,0.514199619912467,0.554188839436833,-1.46342764737006,-2.59588239827168,-0.542823493023101,-0.414114114892171,-1.30222391905736,0.722576172221204,0.0375358075058636,0.0903439939764089,2.59588239827168,0.926380330910593,0.620248143333043,1.72029795437689,0
"323","DTXSID2047438",-0.224594669623979,1.13963793340135,-0.246820137663695,-0.779116601216024,-1.36724910973408,-0.816440161364844,-1.92940348896712,-2.36014284232062,-1.61383120056573,-1.38023703677133,0.30172776927669,-0.294719616179444,0.360189073195325,-0.464367036567264,0.996991274064298,-0.490563539433066,-1.20699219932541,-0.263177038878376,-0.593899024179223,-1.20904256940198,0.967685277969097,-0.712382893105428,-0.00451163257088758,-0.632211178414634,-1.46342764737006,-2.36340549191342,-1.45660119379153,-1.43114902319211,-0.70688048918971,-0.494410332282301,0.41558052593698,0.00451163257088758,2.36340549191342,0.942393582730968,0.624105948998464,1.741249197449,0
"324","DTXSID2047725",0.485349712211197,-0.322471681672334,2.50642936278874,0.865796793570579,-0.352984729893449,0.224057516390347,1.07166541906789,0.507885723217102,1.57051732947211,0.45863027826118,-0.621107790591015,-0.931772609410139,-0.476221155958678,0.392657333115788,-0.192143339247719,-0.490563539433066,-0.299792878882121,0.291857388708841,-0.593899024179223,-1.20904256940198,-0.549463598442481,-0.712382893105428,0.150474176929198,-0.222138577610745,0.610655255834489,-0.577671359751828,0.0481586078137099,0.581979421010424,-0.648644433275367,0.749854127813662,0.0140957212889761,0.0481586078137099,2.50642936278874,0.623875620902028,0.483054339209518,1.24218517509021,0
"325","DTXSID2049349",1.94826540811398,-2.43440779233432,1.7660597492217,1.16792374363342,-1.36724910973408,-0.454896622279409,-1.70758734517616,-2.41501976774426,-1.63275440302294,-0.986572863712322,0.172325977888295,-0.457427863295965,0.0888823143522289,0.447084215852135,0.793326758727897,-0.490563539433066,-1.43379202943623,0.939434105197413,-0.593899024179223,-1.20904256940198,2.40329344612002,-0.712382893105428,-3.0624183260662,0.887216369277408,-1.46342764737006,-3.82358225871712,-0.117876533152909,0.387136103830221,0.828055555981207,1.38270269755868,0.0327665265638593,0.0888823143522289,3.82358225871712,1.25248690113054,0.903025497880966,2.40835953841818,0
"326","DTXSID2049684",0.609052142379447,-2.35017102438769,1.37273839201421,0.580454674066781,0.492235586640407,-0.545236273473484,0.168996657554903,-0.186806936317515,0.174783618235973,-0.609896918176646,-0.811558561929122,-1.20884176764548,-0.816447603184792,-0.21776097688496,-0.807991003972,-0.490563539433066,0.380606611450345,0.380294844745115,-0.593899024179223,-1.20904256940198,0.993906536177559,-0.712382893105428,-1.49626384975422,0.243836182704423,0.306238433329618,-0.398890013841451,-0.543603667074953,-0.697200052748059,-0.880202084172876,0.687504515030901,0.0187473565942899,0.168996657554903,2.35017102438769,0.698913565133754,0.468808744929273,1.29898875864322,0
"327","DTXSID2050403",0.490728078740251,0.0686275980798858,1.01412186044267,0.446176029594405,-0.352984729893449,-0.999162682751986,-0.695648277495902,-0.762391863995594,-0.912475458100373,-2.30140902664655,-0.460372484452605,-1.04056235951672,-0.462831601412455,-0.219527916972844,-0.556650895953529,-0.490563539433066,-0.526592708992943,-0.316844987266534,-0.593899024179223,-1.20904256940198,1.90405369888116,-0.712382893105428,-3.0624183260662,-0.042339953780856,-0.474656893965486,-1.30731126087203,-1.18777248718462,-1.26107216010284,-1.20563414869697,0.849223823186186,0.0680267571917234,0.042339953780856,3.0624183260662,0.864249311305491,0.651405762534555,1.69804868734972,0
"328","DTXSID2051687",0.609052142379447,-0.42475918560753,2.67995349096852,-0.963749737365541,0.661279649947178,0.226302184077218,1.47969266125528,0.582402848367918,0.527085208564766,0.929128695319624,-1.31820510055195,-1.77926393583207,-1.696213961114,-0.0613926341457992,-1.45580564687963,-0.490563539433066,1.06100610178281,0.284992163011147,-0.593899024179223,-1.20904256940198,-0.549463598442481,-0.712382893105428,0.400556401009583,0.0815279766265642,1.22286265932042,0.26339600279895,-0.0699372023176347,0.311851650611156,-0.648644433275367,0.795836967240948,0.00947898002867528,0.0613926341457992,2.67995349096852,0.803008342164441,0.597098647792364,1.56729461133867,0
"329","DTXSID2051845",1.14688879528488,-0.587215809504606,0.736483255355032,-0.342711006680803,-1.36724910973408,-0.703170402318816,-1.47882198658698,-1.3339707320483,-1.41055145206595,-1.24927325252163,0.198157553022542,-0.396460888889695,0.0841934091119823,-0.430069509743388,0.82351577327202,-0.490563539433066,-1.43379202943623,0.212954968363811,-0.593899024179223,-1.20904256940198,1.68486039225973,-0.712382893105428,0.108759962694743,0.143452164438217,-1.46342764737006,-2.27517679577886,-0.880435619102612,-0.690635448286739,-0.828177874222729,0.3706905450785,0.0522349894873481,0.0841934091119823,2.27517679577886,0.846232813643088,0.548111404024531,1.54781541079449,0
"330","DTXSID2051849",0.517619911385523,0.375490109885474,1.02569013565466,-0.544128973389366,-0.352984729893449,-0.411669224907225,-0.706725638491289,-1.43977517573353,-0.95932824810153,-0.168491985499863,-0.259656228381444,-0.713898842658216,-0.223467701842776,-0.305872441012744,0.00142046585390333,-0.490563539433066,-0.299792878882121,0.0287857539874652,-0.593899024179223,-1.20904256940198,0.584292023024881,-0.712382893105428,0.231225894816477,-0.0262743583630664,-0.434950351899634,-0.872405761025742,-0.682036834853513,-0.768964895481599,-0.138298996847435,0.704650658546161,0.0275582856506413,0.00142046585390333,1.43977517573353,0.526126208217959,0.350361580656928,0.974589031458828,0
"331","DTXSID2052029",0.872592102303111,-0.147981233782882,0.343161898147541,-0.9133952456884,-1.36724910973408,-0.533938019832267,-1.6734615220894,-1.95722654389963,-1.47507445624713,-0.617047796509558,0.198476466641597,-0.269462970905706,0.351151191715847,-0.433006880938502,0.989538921989271,-0.490563539433066,-0.980192369214586,0.0717363222586664,-0.593899024179223,-1.20904256940198,0.555576079905926,-0.712382893105428,0.131205132985217,-0.0881231733795046,-1.16082746404467,-1.8258383206869,-0.963955431993377,-0.919790298850354,0.196935222211263,0.17350989465302,0.0800958774252033,0.0717363222586664,1.95722654389963,0.740544736557603,0.538675110573026,1.43004887809108,0
"332","DTXSID2052106",-0.869998653110502,1.12158719741279,-0.998758026442722,-0.9133952456884,-1.36724910973408,-0.379095233834482,-2.02085034765511,-1.68618452054307,-1.29930810659971,-0.859419534236446,0.489114734888203,0.294768435051233,1.18690099767227,-0.583178146393428,2.1691994063287,-0.490563539433066,-1.43379202943623,-0.82631624680315,-0.593899024179223,-1.20904256940198,0.411694836790031,-0.712382893105428,-0.0971294174042363,-0.808378500301167,-1.46342764737006,-1.62389898059702,-1.51467321403053,-1.38391171146633,-0.545150642479019,-0.868508008978864,0.71638032096959,0.0971294174042363,2.1691994063287,1.00739256524558,0.516019351349786,1.66789733497331,0
"333","DTXSID2052366",0.619808875437556,-0.015609169866746,-0.42034426584347,1.10078442139724,-1.36724910973408,-0.781492903941056,-2.01376010305576,-0.794810158286001,-1.65522665261383,-1.52627509799324,0.32926218055022,-0.0291574161721204,0.867585395655931,-0.481578551630624,1.51710109979496,-0.490563539433066,-1.20699219932541,-0.013168403054001,-0.593899024179223,-1.20904256940198,1.53646736653752,-0.712382893105428,-1.54511727991807,0.0802271483713232,-1.19352696927537,-1.95129104619801,-1.10412549473477,-0.750317740645252,-0.568244878402551,-0.102387141910695,0.145977460522845,0.013168403054001,2.01376010305576,0.88592663654885,0.586643550944406,1.63683038175769,0
"334","DTXSID2058621",-1.20345737791187,1.98802252486386,-0.767392522203021,-1.31623117910553,-1.36724910973408,-0.501309512636469,-2.33225700704442,-1.98886813205127,-1.81511807736245,-0.961593801261822,0.642815636823147,0.620050932685842,1.23695107412281,-0.650409580254073,2.3013782217494,-0.490563539433066,-1.43379202943623,-1.20280236355401,-0.593899024179223,1.29072396119934,0.270094274991617,-0.712382893105428,-0.524799119559783,-0.875931676439718,-1.46342764737006,-1.9648678279969,-1.20291034329663,-0.972646481604989,-0.545150642479019,-1.19116725512965,0.87569289672466,0.270094274991617,2.33225700704442,1.14760879231952,0.572056334247678,1.87984090015655,0
"335","DTXSID2058623",2.2171837345667,-2.41635705634576,1.93958387740147,2.17501357717624,-1.36724910973408,-0.708452556367311,-2.08874491236676,-2.2606962839174,-1.8988789785408,-1.06076804182372,0.306482525497334,-0.371174987675843,0.183036416814505,-0.443040824359177,1.01558634147811,-0.490563539433066,-1.43379202943623,0.995214063991182,-0.593899024179223,-1.20904256940198,2.36310967517519,-0.712382893105428,-3.0624183260662,1.11801220184328,-1.46342764737006,-3.35862844600061,-0.349616060314757,-0.204105746856021,0.196935222211263,1.76030753997427,0.0418996049888995,0.183036416814505,3.35862844600061,1.3254568069808,0.893576611755718,2.46923487002812,0
"336","DTXSID2058625",2.20104863497954,-2.33813720039531,1.98585697824941,1.57075967705055,-1.36724910973408,-0.749694578046303,-2.11802922601269,-2.19350127000162,-1.81385283001779,-1.06625271087139,0.315311448309257,-0.357103781661176,0.208257829354575,-0.446755190233212,1.03722263373632,-0.490563539433066,-1.43379202943623,0.809233192833499,-0.593899024179223,-1.20904256940198,2.33715177573564,-0.712382893105428,-3.0624183260662,0.912337294832655,-1.46342764737006,-3.35862844600061,-0.548311553974138,-0.387294433556363,-0.0527647897232421,1.53857672951558,0.0460175531434264,0.0527647897232421,3.35862844600061,1.28929524479391,0.865915965009488,2.39766768000605,0
"337","DTXSID2058677",1.93213030852682,-1.93500409665072,1.9164473269775,0.630809165743922,-1.36724910973408,-0.756840450599246,-2.15248135971379,-2.46347923120528,-2.00495191097214,-1.20930905561701,0.325653900746085,-0.340549421643916,0.227814762398472,-0.451139339976118,1.06279279731425,-0.490563539433066,-1.43379202943623,0.691952253831218,-0.593899024179223,-1.20904256940198,2.37472517410734,-0.712382893105428,-3.0624183260662,0.712550057240203,-1.46342764737006,-3.35862844600061,-0.603210861724963,-0.335411891638829,0.068075026299021,1.34061670893032,0.0477172831830264,0.068075026299021,3.35862844600061,1.24091162288613,0.869174054870338,2.35345441312017,0
"338","DTXSID2059514",-1.55305120230041,0.549980557774926,-0.998758026442722,-1.09802838183792,-1.36724910973408,-0.935615351761646,-1.00135363302302,0.0680349050175732,0.132511904706264,-1.71269172806222,0.0095137519976061,1.61154489522674,1.56333474690458,2.21446225162252,-0.191833737491615,-0.490563539433066,-1.43379202943623,-1.3642781929852,-0.593899024179223,0.279225361449249,-0.549463598442481,-0.712382893105428,-2.14976336293209,-1.08382898698952,-1.46342764737006,-1.10357799165558,-0.869219504706508,-0.357854530923307,-1.02275909604653,-1.2390985199564,0.529573220429138,0.0095137519976061,2.21446225162252,0.990703282117156,0.592366657680884,1.74893260394869,0
"339","DTXSID2059770",0.318620349810512,-0.178065793763822,0.759619805779002,0.949720946365814,0.492235586640407,-0.983275850004401,0.933704511826735,0.161333378805038,-0.49586462303764,-2.15422970200047,-1.33373513467337,-1.82347156634815,-1.75278558741475,-0.203642359839561,-1.58896774552355,-0.490563539433066,0.380606611450345,-0.0485386179506648,-0.593899024179223,-1.20904256940198,-0.549463598442481,-0.712382893105428,-3.0624183260662,0.05293594230736,0.596381662281405,-0.4527894298719,-0.687460721483576,-0.249890679529785,-1.28448708458504,1.10680566099497,0.0618788846639178,0.0485386179506648,3.0624183260662,0.853564643430555,0.691192678140258,1.73829127145009,0
"340","DTXSID2059853",0.087350589061174,0.525912909790174,0.771188080990987,-0.292356515003662,-0.352984729893449,-1.04840132406419,1.55895771642088,-0.0680512422984654,-0.902256724732384,-3.25203461431036,0.05296401200143,-0.819855165635109,-0.82394130752935,0.296935275954741,-1.7547798287719,-0.490563539433066,-0.072993048771299,-0.382078933948169,-0.593899024179223,-1.20904256940198,-0.549463598442481,-0.712382893105428,0.439288996330685,-0.444062986218299,2.14104400460791,-0.622315732333781,-1.10144302554121,-0.74166889728028,-1.39423233771015,-0.0961521806324191,0.100864453898815,0.05296401200143,3.25203461431036,0.786620060146488,0.696415210524852,1.6780315296183,0
"341","DTXSID2060206",1.00705126552947,-0.190099617756198,1.6850818227378,0.580454674066781,-0.352984729893449,-0.915395746446538,-0.824638706650614,-0.819102845111207,-1.26350536875303,-1.52537258760357,-0.378494735994409,-0.978582047309228,-0.397694006086152,-0.234048309039984,-0.425390722920247,-0.490563539433066,-0.526592708992943,-0.0493872361271854,-0.593899024179223,-1.20904256940198,-0.549463598442481,-0.712382893105428,-3.0624183260662,0.163132589256324,-0.598447878053145,-1.34282290335503,-1.0644777007876,-1.16635229243029,-1.16144662639432,1.04718384377145,0.0245518186832364,0.0493872361271854,3.0624183260662,0.843850363856512,0.594380919592929,1.60465794093546,0
"342","DTXSID2060333",0.566025210147012,-0.978315089256827,1.46528459371009,1.97359561046768,-1.36724910973408,-1.03093634824716,-2.30544883334667,-1.49721867455125,-2.17568177047797,-2.59576767593871,0.371001576815237,-0.267048063167267,0.40038503574949,-0.470782912341286,1.17785853341484,-0.490563539433066,-1.43379202943623,0.0653097082027691,-0.593899024179223,-1.20904256940198,2.19726998826345,-0.712382893105428,-3.0624183260662,0.100772994323263,-1.46342764737006,-3.35862844600061,-1.24853543179467,-1.27036056750811,-1.39423233771015,0.666071835636827,0.0673177670331035,0.0653097082027691,3.35862844600061,1.26364354585992,0.854521557243778,2.35743113913196,0
"343","DTXSID2060416",0.151890987409826,0.80870777361101,-0.408775990631485,-1.13159804295601,-1.36724910973408,-0.67824720616904,-1.41515098671596,-1.19712825701447,-1.77285350911959,-1.39306405581239,0.117772535617893,-0.38443187071723,-0.0709794252542341,-0.389579390585021,0.169929122168113,-0.490563539433066,-1.43379202943623,-0.175264009805121,-0.593899024179223,0.393525173636472,1.45961832214412,-0.712382893105428,-0.270442646642815,-0.436664926680547,-1.16523930205198,-2.56550791646935,-1.22666450331132,-1.00533984081707,-1.22544786877966,-0.45777993477243,0.220495922574088,0.0709794252542341,2.56550791646935,0.835649673159373,0.595220319601632,1.59753168224946,0
"344","DTXSID2060460",1.48572588661531,-0.713570961424554,1.61567217146589,1.57075967705055,-1.36724910973408,-0.820005020596516,-2.30544883334667,-2.52094661039661,-2.20194449977318,-1.44863145213822,0.371001576815237,-0.267048063167267,0.358102998422755,-0.470782912341286,1.17785853341484,-0.490563539433066,-1.43379202943623,0.134009640358171,-0.593899024179223,-1.20904256940198,2.35037311670655,-0.712382893105428,-3.0624183260662,0.0987130975963492,-1.46342764737006,-3.35862844600061,-1.21691779381986,-1.14886796676109,-0.70688048918971,0.675424277554241,0.0629503814651366,0.0987130975963492,3.35862844600061,1.24500297212272,0.853512593756648,2.33749909213123,0
"345","DTXSID2060882",1.66859034860316,-2.72923648014753,1.09509978692657,1.40291137146008,-1.36724910973408,-0.700694166157225,-1.91766286948787,-2.44754147233364,-1.65862278715621,-0.996578036487049,0.25419695663711,-0.453380454393167,0.0287409126206277,-0.421576449436669,0.890961298070687,-0.490563539433066,-1.43379202943623,3.36438438219417,-0.593899024179223,-1.20904256940198,2.39373085175302,-0.712382893105428,-3.0624183260662,3.58325653330055,-1.46342764737006,-3.35862844600061,2.76514301479996,4.41912930700954,4.23486482697032,4.46861884522543,0.0486240860697761,0.0287409126206277,4.46861884522543,1.85287749119658,1.31050882978172,3.53032879331718,1
"346","DTXSID2061012",1.81918461141668,-1.20094083311578,1.58096734582994,1.88967145767244,-1.36724910973408,-0.97798023908854,-1.72757171073357,-2.07363872642999,-1.99728286851236,-2.10516992711844,0.194649503212969,-0.544719861856811,-0.0945645115467351,-0.398240434722284,0.568436301474607,-0.490563539433066,-1.43379202943623,0.134009640358171,-0.593899024179223,-1.20904256940198,2.63962300379757,-0.712382893105428,-3.0624183260662,0.224944385804557,-1.46342764737006,-3.35862844600061,-1.04014601549603,-0.862194934016175,-1.20563414869697,0.74089137097614,0.0599575992408403,0.0945645115467351,3.35862844600061,1.25706218055345,0.852077152301945,2.34772093549994,0
"347","DTXSID2061305",3.08310074574445,-1.95305483263928,1.534694244982,1.8393169659953,-1.36724910973408,-0.678344917785138,-1.86885395549705,-2.37102907713869,-1.57398994787875,-0.965623501086405,0.233267894252341,-0.369719689882659,0.108463194855636,-0.421941341970646,0.967919505337012,-0.490563539433066,-1.43379202943623,2.09416983506748,-0.593899024179223,-1.20904256940198,1.26929711886791,-0.712382893105428,-1.58231022991661,2.32187923121471,-1.3396366632824,-2.75281042573098,1.33731753155057,2.2076041493661,3.18661582051213,2.74426236670221,0.0311697277975434,0.108463194855636,3.18661582051213,1.48707174508488,0.853356720107437,2.5793683468224,0
"348","DTXSID2062325",-0.111648972513837,0.742521741652942,0.667073604083122,-0.997319398483635,-1.36724910973408,-1.04840132406419,3.71117112928108,-5.32773844107777,-4.30119597170827,-3.25203461431036,7.74337055587935,5.82554543759545,10.8676524206229,24.8442435207984,-0.593772071517305,-0.490563539433066,-1.43379202943623,-0.476947771558185,-0.593899024179223,-1.20904256940198,-0.549463598442481,-0.712382893105428,-0.0358067159421649,-1.2749425285935,-1.46342764737006,-2.38998825988003,-0.342852232363752,0.152000489190116,-1.79256696016426,-0.0415962694475037,0.230130856479645,0.0358067159421649,24.8442435207984,2.81200702806102,4.86564162001405,9.040028301679,1
"349","DTXSID2062820",1.42118548826666,-1.23704230509291,1.51155769455803,1.8393169659953,1.67554402978781,-0.156780106795917,0.811264153664684,-0.117703266647562,0.411726433761782,0.805662752008019,-1.15021077159426,-1.40759324011768,-1.39205099126992,-0.244366811183657,-1.01422846618794,-0.490563539433066,2.64860491255856,1.5881407234154,-0.593899024179223,-1.20904256940198,-0.549463598442481,-0.712382893105428,-1.40541553642926,0.858374332097541,1.05547233492515,0.482826151872986,1.08799643293884,1.98301163912714,0.00309428431704669,1.51831310536119,0.00348186370521019,0.00309428431704669,2.64860491255856,1.04609448515125,0.613750507484207,1.83169513473103,0
"350","DTXSID2065753",0.286350150636185,0.580065117755866,0.805892906626942,0.479745690712499,-1.36724910973408,-0.645911609291061,-1.60817184314321,-2.17919661768023,-1.50352386415523,-0.999432533993731,0.108902116279999,-0.473555554832594,0.136379611941051,-0.38884431821716,0.56840048492359,-0.490563539433066,-0.753392539103765,-0.0331967455234557,-0.593899024179223,-1.20904256940198,1.69740413950588,-0.712382893105428,-0.0568893603728204,-0.220299383219283,-1.12345660092387,-1.93053854789279,-1.35551269474417,-1.39544784589232,-0.191075422519809,0.0277676747733171,0.215910770327389,0.0277676747733171,2.17919661768023,0.797416350350487,0.607636245698708,1.57519074484483,0
"351","DTXSID2073194",1.00167289900042,-1.00839964923777,1.62724044667788,1.88967145767244,-1.36724910973408,-0.999162682751986,-2.30544883334666,-1.90231396337895,-2.19296578890302,-2.30140902664655,0.371001576815237,-0.267048063167267,0.386291023307244,-0.470782912341286,1.17785853341484,-0.490563539433066,-1.43379202943623,0.134009640358171,-0.593899024179223,-1.20904256940198,2.24863489793542,-0.712382893105428,-3.0624183260662,0.0972906104770052,-1.46342764737006,-3.35862844600061,-1.21691779381986,-1.15106802450428,-1.239324428978,0.689842625510255,0.0586933117179706,0.0972906104770052,3.35862844600061,1.27899194876571,0.83787421211692,2.35147094027537,0
"352","DTXSID2073932",0.845700269657839,-0.833909201348314,1.4537163184981,1.3022023881058,-0.352984729893449,-0.954679551058748,-0.157253442763207,-1.00487949738118,-1.46897530245228,-1.88930691763752,-0.639014844725035,-1.29926279307841,-0.927556314253919,-0.195601117075811,-0.917004911361667,-0.490563539433066,-0.526592708992943,-0.248059239789912,-0.593899024179223,-1.20904256940198,2.2089708750227,-0.712382893105428,-3.0624183260662,0.0500768869612538,-0.452338184046118,-1.49950630411525,-1.06686854595209,-0.974389160729866,-1.38374984764557,0.914690916608084,0.0646891119430752,0.0500768869612538,3.0624183260662,0.987853220711366,0.64412427295009,1.81233229008748,0
"353","DTXSID2074297",0.350890548984838,0.122779806045578,0.713346704931062,0.479745690712499,-0.352984729893449,-0.954679551058748,0.0782942974323508,-1.03245436145907,-0.672411937957477,-1.88930691763752,-0.770646057557351,-1.41244423276165,-0.981196781014078,-0.184775510474198,-1.10044304137713,-0.490563539433066,-0.299792878882121,-0.180026760132897,-0.593899024179223,-1.20904256940198,2.46361390212237,-0.712382893105428,-3.0624183260662,-0.119989374192566,-0.283390740354157,-1.44099975191881,-1.04889345030928,-0.92448012088582,-1.44676884116992,0.788822635802887,0.123224404187296,0.0782942974323508,3.0624183260662,0.872049499241791,0.693907612601546,1.76025124337177,0
"354","DTXSID2074661",0.0765938560030653,0.682352621691062,-0.3972077154195,-1.1987373651922,-1.36724910973408,-0.343207978746803,-1.65228797001124,-1.87773351800442,-1.7947402995098,-0.154279926387567,0.19991157792733,-0.161753752707441,0.464634959231547,-0.446315427839985,1.07695226029649,-0.490563539433066,-1.20699219932541,-0.486206291214381,-0.593899024179223,-1.20904256940198,0.526819663294203,-0.712382893105428,-0.038553596792345,-0.434117657642921,-1.00303937531239,-1.47239351163398,-1.43649862578744,-1.27790141361166,-0.545150642479019,-0.275407317382855,0.280110823309167,0.038553596792345,1.87773351800442,0.786764221976627,0.544321597669317,1.48349586699335,0
"355","DTXSID20861736",2.26558903332819,-1.94703792064309,1.49998941934604,0.395821537917264,-1.36724910973408,-0.645869677455239,-1.69822381180791,-2.26458811072157,-1.44924187468171,-0.898638711027605,0.196754333098711,-0.395427988798584,0.0475774380278169,-0.417231837947414,0.884511902469539,-0.490563539433066,-1.43379202943623,1.979983015147,-0.593899024179223,-1.20904256940198,0.590047066600792,-0.712382893105428,0.143829211855047,1.89885192804362,-1.31913459254251,-2.31443938098107,1.19336318928383,1.98154660157692,2.93703272373637,2.48784958413311,0.0163729883241902,0.0475774380278169,2.93703272373637,1.25531700188203,0.792040317897024,2.26912860879022,0
"356","DTXSID20861913",0.840321903128784,-1.64017540883751,-0.408775990631485,-0.9133952456884,-1.36724910973408,4.50274041267434,2.21762361219403,1.0273153527203,1.45504428575738,0.748898161827524,8.59409491633679,4.59470506246673,6.66512213567644,1.27890685052086,0.687793071730834,-0.490563539433066,-1.43379202943623,0.405519781666296,-0.593899024179223,-1.20904256940198,-0.549463598442481,-0.712382893105428,0.457883469627359,0.968795206179944,-1.46342764737006,1.47095493168687,0.754031636312312,1.52810406035493,-1.00638020532062,0.188707612768818,0.0395058625828467,0.188707612768818,8.59409491633679,1.67250365750704,1.92324804646701,4.1342611569848,1
"357","DTXSID20862324",1.65783361554505,-1.8447504167079,2.18251765685316,2.4100012050029,-1.36724910973408,-0.671149882083573,-2.04157968510302,-2.46946596713559,-1.68347346382295,-1.0289255517959,0.330745106488673,-0.26530170581543,0.306402884276897,-0.463097894986134,1.22856625950546,-0.490563539433066,-1.43379202943623,1.3265088790834,-0.593899024179223,-1.20904256940198,1.56495109299171,-0.712382893105428,-1.42892499071691,1.44646497159788,-1.46342764737006,-3.00636599932657,0.495136867815356,0.862152948678125,2.13836681405394,1.62664555757123,0.0191294048799647,0.26530170581543,3.00636599932657,1.32498954098726,0.716302165584579,2.24185631293552,0
"358","DTXSID20862425",-0.219216303094924,0.405574669866414,0.667073604083122,-0.74554694009793,-1.36724910973408,-0.7262809612825,-2.16240588664669,-2.39444279583914,-1.9761347456732,-1.2513369948339,0.426012028781663,-0.0253735103428138,0.296948306283083,-0.51119746291607,1.05081017715901,-0.490563539433066,-1.43379202943623,-0.16991962230018,-0.593899024179223,1.18562174915312,0.207251588689274,-0.712382893105428,-0.548185602775016,-0.0905194651210322,-1.46342764737006,-2.96734804082344,-1.02845430036331,-1.00564005740529,-0.191075422519809,0.127137370145842,0.367147586134042,0.0253735103428138,2.96734804082344,0.881360728315161,0.738913232737356,1.82716966621898,0
"359","DTXSID20863290",1.87834664323628,-1.34534672102429,1.83546940049361,1.15113891307438,-0.352984729893449,-0.689452660917043,-0.179686560877064,-0.144482215285064,-0.716140258078491,-0.942851195795019,-0.607752431677361,-1.28848360834667,-1.02280156868111,-0.199020655561094,-0.824528800103083,-0.490563539433066,0.607406441561167,0.783479061431454,-0.593899024179223,-1.20904256940198,2.14491347801866,-0.712382893105428,-3.0624183260662,1.41340160344793,-0.52915606934999,-0.998266197701987,-0.392389126576656,-0.455278412790487,-0.867849899576407,2.23221617172379,0.0212229423752687,0.144482215285064,3.0624183260662,0.989038305913614,0.680575389443096,1.86017480440078,0
"360","DTXSID20864025",2.06121110522412,-2.01322395260116,2.56427073884867,3.19888824127811,-1.36724910973408,-0.698652524023611,-2.06354678202025,-0.933540766944087,-1.95030972278359,-0.727884015591885,0.29885754670522,-0.383282769595443,0.225847834373289,-0.439853866024687,0.997040948113897,-0.490563539433066,-1.43379202943623,1.04379507083806,-0.593899024179223,-1.20904256940198,2.24685001690435,-0.712382893105428,-3.0624183260662,1.34967850339084,-1.46342764737006,-3.35862844600061,-0.141765412451452,0.278686913393959,-1.04103306503825,1.97775181455415,0.0343850180928971,0.141765412451452,3.35862844600061,1.34424583984753,0.922271433302335,2.52475327447452,0
"361","DTXSID20864282",1.36202345644706,-0.87602758532163,1.65037699710185,0.1944035712087,-0.352984729893449,-0.410350396810105,-0.847365985153752,-1.16445358828893,-1.23644284984649,-0.216501934416171,-0.228939470310091,-0.743470255058227,-0.215739682478721,-0.298346717023699,0.0253191190753847,-0.490563539433066,-0.072993048771299,0.748008728660032,-0.593899024179223,-1.20904256940198,0.52936038680272,-0.712382893105428,0.321536494807609,0.693816815581128,-0.598707397935928,-0.980938473183877,-0.552514891188115,-0.637302243134242,0.522398827727567,1.4318030176251,0.0165887422465303,0.0253191190753847,1.65037699710185,0.663933822999053,0.423098923290783,1.20550044481125,0
"362","DTXSID20865032",-0.697890924180762,-3.096268111915,1.15294116298649,0.647593996302969,2.8588524729352,0.716453396217185,0.770589345199209,0.994150491234584,0.695327646580046,1.22703424126031,-0.398009482016481,-0.343464329422788,-0.424689309046368,-0.0911551375493829,-0.594568834399012,-0.490563539433066,3.10220457278021,3.80793517247939,-0.593899024179223,0.45713960175441,-0.549463598442481,-0.712382893105428,0.709091022073808,2.03632069951453,0.557972719629469,2.11032758084686,2.70830911607989,2.60475241710891,3.06756260925234,3.30540888174706,0.0546728706430503,0.0911551375493829,3.80793517247939,1.3840774109891,1.1300590514968,2.83055299690499,0
"363","DTXSID20870444",1.30286142462746,-0.0878121138210021,1.74292319879773,0.781872640775344,-1.36724910973408,-0.708045807632655,-2.01013620026054,-2.10140431450225,-1.48104619684094,-1.02890293926863,0.270640530742061,-0.194719517908502,0.369582036829238,-0.445036719084981,1.17779638882319,-0.490563539433066,-1.43379202943623,0.16566119133525,-0.593899024179223,-1.20904256940198,1.2651654498145,-0.712382893105428,-1.57335202122654,0.273260532656479,-1.20131256575887,-2.32605914918733,-1.08782669633659,-1.07078032769693,0.068075026299021,0.4209599203846,0.0618259107885183,0.068075026299021,2.32605914918733,0.965405402530022,0.628860942527822,1.77034740896563,0
"364","DTXSID20871133",-0.310648534088848,0.977181309504274,-0.30466151372362,-1.36658567078267,-1.36724910973408,-1.03093634824716,-1.65410223217969,-1.94826554641626,-2.16066393225652,-2.59576767593872,0.288878377349041,-0.219949892790115,-0.0925203538744046,-0.456364050646816,0.458409925182517,-0.490563539433066,-1.43379202943623,-0.542644167470844,-0.593899024179223,0.725085431570778,1.6313635413562,-0.712382893105428,-0.386564146050856,-0.434531852492289,-1.46342764737006,-2.93526117212755,-1.28102133599997,-1.08573463102923,-1.3412375268281,-0.293332831057899,0.409414470526257,0.0925203538744046,2.93526117212755,1.01943420807408,0.735837490843392,1.96130619635362,0
"365","DTXSID20871234",1.43732058785382,-1.0926364171844,2.15938110642919,2.07430459382196,-1.36724910973408,-0.897376277701211,-2.19360164832478,-1.90562959478585,-2.15732538594625,-1.89642322658109,0.337935563014814,-0.320790991945888,0.296383921866337,-0.4563918125681,1.09347699360774,-0.490563539433066,-1.43379202943623,0.437271450518134,-0.593899024179223,-1.20904256940198,2.3004956078938,-0.712382893105428,-3.0624183260662,0.508601063887955,-1.46342764737006,-3.35862844600061,-0.973667667676141,-0.942330365895363,-1.00638020532062,1.10953345655421,0.0513696353552952,0.296383921866337,3.35862844600061,1.30962205080348,0.811349358302067,2.34814922943013,0
"366","DTXSID20871310",1.34588835685989,-1.08060259319202,1.62724044667788,1.97359561046768,-1.36724910973408,-0.925279303925302,-2.19360164832478,-1.6076505915716,-1.80206827200071,-1.84750211300691,0.337935563014814,-0.320790991945888,0.296383921866337,-0.4563918125681,1.09347699360774,-0.490563539433066,-1.43379202943623,0.437271450518134,-0.593899024179223,-1.20904256940198,2.23445500974412,-0.712382893105428,-3.0624183260662,0.505992141764522,-1.46342764737006,-3.35862844600061,-0.973667667676141,-0.908329796712281,-1.00638020532062,1.10953345655421,0.0506431223929884,0.296383921866337,3.35862844600061,1.25918138440155,0.772888905730165,2.24847918373616,0
"367","DTXSID20871411",1.34588835685989,-1.38144819300142,1.48842114413406,2.00716527158577,-1.36724910973408,-0.94620657359337,-2.19360164832478,-1.92272470510426,-1.78224487812328,-1.81081127782628,0.337935563014814,-0.320790991945888,0.285108711912541,-0.4563918125681,1.09347699360774,-0.490563539433066,-1.43379202943623,0.368571518362733,-0.593899024179223,-1.20904256940198,2.32726882335989,-0.712382893105428,-3.0624183260662,0.503597454569876,-1.46342764737006,-3.35862844600061,-0.908976961764152,-0.791239339491959,-0.807126261944272,1.07134431872477,0.0533436056955516,0.285108711912541,3.35862844600061,1.26139147948489,0.790850675123041,2.27368034364238,0
"368","DTXSID20873238",2.26558903332819,-2.42237396834195,2.04369835430934,1.88967145767244,-1.36724910973408,-0.738125022451906,-2.08874491236676,-2.44113080596421,-1.92834368199394,-1.13839871590702,0.306482525497334,-0.371174987675843,0.174363178388508,-0.443040824359177,1.01558634147811,-0.490563539433066,-1.43379202943623,1.06391399614658,-0.593899024179223,-1.20904256940198,2.38145856540749,-0.712382893105428,-3.0624183260662,1.1220698893198,-1.46342764737006,-3.35862844600061,-0.177966286887356,0.252900033143049,0.587831825334539,1.7840783298477,0.0324175536535938,0.174363178388508,3.35862844600061,1.34427821068494,0.888266376720614,2.48125917288732,0
"369","DTXSID20873253",0.372404015101055,-1.07458568119583,1.34960184159024,1.38612654090104,-0.352984729893449,-0.976467207398294,0.784937518019015,-0.703926149159975,-0.586534421939938,-2.09115284858072,-1.11539447211818,-1.75198855181137,-1.61256280142275,-0.183785413422955,-1.50534102290215,-0.490563539433066,-0.072993048771299,-0.0896870644762213,-0.593899024179223,-1.20904256940198,2.30495781047149,-0.712382893105428,-3.0624183260662,0.050074918493302,0.0365972751177158,-1.21859331133931,-0.952065871003339,-0.820914141035796,-1.46662249762983,0.775963028166442,0.0783753341324254,0.0365972751177158,3.0624183260662,0.990152284471586,0.715205912518046,1.90561585249469,0
"370","DTXSID20873293",2.20642700150859,-2.41635705634576,1.92801560218949,1.82253213543626,-1.36724910973408,-0.738125022451906,-2.08874491236676,-2.31656734702007,-2.05196574680759,-1.13839871590702,0.306482525497334,-0.371174987675843,0.183036416814505,-0.443040824359177,1.01558634147811,-0.490563539433066,-1.43379202943623,0.995214063991182,-0.593899024179223,-1.20904256940198,2.4937172428455,-0.712382893105428,-3.0624183260662,1.11983491257722,-1.46342764737006,-3.35862844600061,-0.349616060314757,0.278456468219372,0.196935222211263,1.76030753997427,0.0321025289768205,0.183036416814505,3.35862844600061,1.33039799102396,0.890743955328944,2.47055025384501,0
"371","DTXSID20873298",2.2171837345667,-2.41635705634576,1.9164473269775,1.99038044102673,-1.36724910973408,-0.79136344532377,-2.08874491236676,-2.26069628391739,-1.85147607363661,-1.40337489045824,0.306482525497334,-0.371174987675843,0.183036416814505,-0.443040824359177,1.01558634147811,-0.490563539433066,-1.43379202943623,0.995214063991182,-0.593899024179223,-1.20904256940198,2.3691306131431,-0.712382893105428,-3.0624183260662,1.11848168600277,-1.46342764737006,-3.35862844600061,-0.349616060314757,-0.244774678593285,0.196935222211263,1.76030753997427,0.0431855832168169,0.183036416814505,3.35862844600061,1.33270695698006,0.881965901275369,2.46162331061254,0
"372","DTXSID20873314",1.23832102627881,-1.21899156910435,1.62724044667788,2.10787425494006,-1.36724910973408,-0.909592011493502,-1.27610520869209,-1.81992649986197,-1.84612416833464,-1.78066191028044,0.0467413124497748,-0.761650954583025,-0.42605506626269,-0.345389136549138,0.151855719851123,-0.490563539433066,-1.43379202943623,0.319990511515853,-0.593899024179223,-1.20904256940198,2.69554927610451,-0.712382893105428,-3.0624183260662,0.554755870958739,-1.46342764737006,-3.35862844600061,-0.572349742193673,-0.584360380563001,-1.22544786877966,1.02808927485673,0.0494824658939934,0.0467413124497748,3.35862844600061,1.20761585983528,0.826405819192371,2.26541530840152,0
"373","DTXSID20879477",-0.805458254761849,1.08548572543566,-0.813665623050961,-1.11481321239696,-0.352984729893449,-0.342312270913285,-0.252020841137412,-0.825740646710197,-0.292015622678333,-0.0952712905568405,-0.317780046533871,-0.406361689010197,-0.274463279044468,-0.346101132645818,-0.36410421063968,-0.490563539433066,-0.299792878882121,-1.01906699330161,-0.593899024179223,1.72229376847431,-0.849974728977557,-0.712382893105428,0.139995207280792,-0.844337081687817,0.331411861959603,-0.39110273058743,-0.876028377731663,-0.774579133712303,-0.583871677207372,-0.31944173141068,0.39730519581434,0.0952712905568405,1.72229376847431,0.587910673444666,0.360155821585708,1.04891012507437,0
"374","DTXSID20880700",0.463836246094979,0.26718569395409,0.690210154507092,-0.863040754011259,-1.36724910973408,-0.802051302856105,-1.66832213125464,-1.81133850570479,-1.85691754020751,-1.6473613634793,0.270640530742061,-0.282808596480448,-0.0866681656560456,-0.445036719084981,0.515038589312613,-0.490563539433066,-1.43379202943623,-0.238619554455581,-0.593899024179223,1.01223401169218,0.323460598880972,-0.712382893105428,-0.483217085751997,0.00366649481502586,-1.46342764737006,-2.98879364810938,-0.954510517957831,-0.712253709671195,-0.971616845412569,0.168833673694313,0.205331460124134,0.00366649481502586,2.98879364810938,0.852965889234835,0.671742562531187,1.71279636927475,0
"375","DTXSID20880745",1.43194222132476,-2.18169748849443,1.97428870303743,1.41969620201913,-1.36724910973408,-0.802218815801882,-1.72757171073357,-1.89634582684651,-1.72273920626979,-1.40800679430376,0.194649503212969,-0.544719861856817,-0.0914325087817912,-0.398240434722284,0.615314934700781,-0.490563539433066,-1.43379202943623,0.623252321675817,-0.593899024179223,-1.20904256940198,2.38118406899491,-0.712382893105428,-3.0624183260662,0.833453865920828,-1.46342764737006,-3.35862844600061,-0.556390883373376,-0.317247478064812,-0.773435981663246,1.38231301247879,0.0414095511036436,0.0914325087817912,3.35862844600061,1.23225151363349,0.813368828886965,2.2733636146088,0
"376","DTXSID20880760",0.124999154764555,0.483794525816858,0.655505328871137,-1.06445872071982,-1.36724910973408,-0.74413695397675,-2.16240588664669,-2.19801862958349,-1.72262984252302,-1.40865609661481,0.426012028781663,-0.0253735103428138,0.296845160072267,-0.51119746291607,1.05081017715901,-0.490563539433066,-1.43379202943623,-0.170682425155479,-0.593899024179223,0.90988615893645,1.51663535508116,-0.712382893105428,-0.461113997798363,-0.117498123467756,-1.46342764737006,-2.96461637601705,-1.07266275016767,-1.03597627876066,-0.545150642479019,0.166885248294851,0.348536953249172,0.0253735103428138,2.96461637601705,0.929908835940182,0.704864412721897,1.83213528422421,0
"377","DTXSID20880846",2.07734620481129,-1.77856438474983,1.52312596977001,1.36934171034199,-1.36724910973408,-0.654007240855129,-1.21160999411473,-2.04854090791825,-1.5030937710897,-0.80161225944067,-0.029016541355762,-0.792641110686761,-0.284686797057704,-0.321142089765774,0.0862560740054027,-0.490563539433066,-1.20699219932541,0.99063247934154,-0.593899024179223,-1.20904256940198,2.37697089082413,-0.712382893105428,-3.0624183260662,1.03495745689424,-1.28669460719459,-2.99715172699459,-0.153618353777807,-0.20395360012737,-0.504530993478764,1.49610105580733,0.0371056072065832,0.029016541355762,3.0624183260662,1.13893812938829,0.803857503079954,2.16787573333063,0
"378","DTXSID20881217",0.259458317990914,0.754555565645318,0.0770915682718856,-1.06445872071982,-1.36724910973408,-0.5466167032391,-1.334938606025,-1.18037383245761,-1.51832828517621,-0.740332443444259,-0.0577425698950392,-0.60978870062658,0.0941722892083346,-0.335787699304081,0.249631468284862,-0.490563539433066,-0.980192369214586,0.0108026766737822,-0.593899024179223,-1.20904256940198,1.57097506647158,-0.712382893105428,-0.163673417303719,-0.31217581670504,-0.822673056777961,-1.63099315487032,-1.15288937320478,-1.00827273223373,-0.300328188573991,-0.154604942616257,0.162587302103438,0.0108026766737822,1.63099315487032,0.710133156692951,0.502256423018603,1.35302137815676,0
"379","DTXSID20883610",-0.687134191122654,1.00726586948521,-0.478185641903396,-0.980534567924588,-1.36724910973408,-0.755994969474483,-2.02683432566782,-2.49911145619284,-1.74189684507279,-1.56895191651752,0.318634863918328,0.0991771776035645,0.365611901324518,-0.474925450326467,0.62664053179926,-0.490563539433066,-0.980192369214586,-0.80114375257827,-0.593899024179223,1.72195215474188,-0.162739375043451,-0.712382893105428,-0.688551763591743,-0.723331974768526,-0.999406096953423,-2.31460246544712,-1.64112284253743,-1.64913402957323,-0.482255702091527,-0.555201204745493,0.517218643113205,0.0991771776035645,2.49911145619284,0.983820933535731,0.637767169493045,1.80016291048683,0
"380","DTXSID20883635",1.05545656429096,-0.839926113344502,1.66194527231383,1.45326586313722,-1.36724910973408,-0.291603321036804,-1.7003929735755,-2.16895364231802,-1.51664621631141,-1.05884311630501,0.164598603737445,-0.426002743814061,0.177828471029737,0.730941401930431,0.806690322609221,-0.490563539433066,-1.43379202943623,0.380728688869066,-0.593899024179223,-1.20904256940198,2.41390525771556,-0.712382893105428,-3.0624183260662,0.261974956651427,-1.46342764737006,-4.02915022817667,-0.801375101710885,-0.542332372036892,-0.449497920639709,0.529292372594646,0.0391540129605884,0.164598603737445,4.02915022817667,1.12647088876251,0.887725082363583,2.26275899418789,0
"381","DTXSID20883695",-0.714026023767925,1.70522766104302,-0.593868394023246,-1.4505098235779,-1.36724910973408,-1.03093634824716,-2.46934765787947,-2.45449274914398,-2.51603472983512,-2.59576767593871,0.58025371249413,0.34122391425531,0.619453214630987,-0.593786097214963,1.30175017122811,-0.490563539433066,-1.43379202943623,-0.913843106930909,-0.593899024179223,1.49072413391212,0.157051809690362,-0.712382893105428,-0.651323712040462,-0.858087980994244,-1.46342764737006,-2.82424142186211,-1.72752347340581,-1.66611746820417,-1.21603000661226,-0.759785871688926,0.539275870793873,0.157051809690362,2.82424142186211,1.24309071339598,0.739439038347458,2.18957268248073,0
"382","DTXSID20883998",0.388539114688218,0.32735481391597,-0.269956688087665,-1.53443397637314,-1.36724910973408,-0.894856276370156,-1.66832213125463,-1.70010468987263,-1.79703262242603,-1.88322804829132,0.270640530742061,-0.282808596480448,-0.0867611663379236,-0.445036719084981,0.515038589312613,-0.490563539433066,-1.43379202943623,-0.23938235731088,-0.593899024179223,0.314444906623166,1.62819041952318,-0.712382893105428,-0.253561604200344,-0.080633597579474,-1.46342764737006,-2.95140653426678,-0.98164130067468,-0.784302782934184,-1.11120510596644,0.0441344481287918,0.22671868857749,0.0441344481287918,2.95140653426678,0.88381104212346,0.711919830706669,1.795068425428,0
"383","DTXSID20888807",-0.224594669623979,0.886927629561454,0.366298448571511,-0.460204820594132,-1.36724910973408,-1.04840132406419,0.986121591634598,-0.564835051371504,0.2919698528666,-3.25203461431036,4.65372834857867,2.90695116876821,5.64838316344305,0.801188223847535,-0.654946105783024,-0.490563539433066,-1.20699219932541,-0.340506178334352,-0.593899024179223,-1.20904256940198,-0.549463598442481,-0.712382893105428,0.11833034185601,-0.477390780288532,2.11664913562628,-1.00548268532482,-1.0202952833587,-0.589043450001841,-1.44042080955721,-0.209160853801172,0.242858185196321,0.11833034185601,5.64838316344305,1.20644858215965,1.30249195168241,2.87363828031313,0
"384","DTXSID20947529",-1.77356422999163,2.18056370874187,-0.744255971779051,-1.43372499301886,-1.36724910973408,-0.984752510079445,-2.38868041657828,-2.08936143138932,-2.00744914412141,-2.35805436545765,0.83120433455162,1.19265688190282,0.64761935523642,-0.665951017709589,1.07056066306281,0.757361253861575,-1.43379202943623,-1.23455403240585,-0.593899024179223,0.4440915764237,-0.322089587095308,-0.712382893105428,-0.600257485872301,-0.90083670083141,-1.46342764737006,-2.50402507276745,-1.56792327076216,-1.53416131196336,-1.02275909604653,-1.0477631457293,0.729949168153647,0.322089587095308,2.50402507276745,1.26249907537349,0.620616849939226,2.0568886432957,0
"385","DTXSID20952092",0.184161186584153,0.309304077927406,0.424139824631436,0.815442301893438,-1.36724910973408,-0.548123435287968,-0.920609016436856,-0.879185100447707,-1.31586839775242,-0.983607070012501,-0.117213187620594,-0.600046480492074,-0.121565555037096,-0.340495818239067,0.231015406047691,-0.490563539433066,-1.20699219932541,-0.187526065704059,-0.593899024179223,-1.20904256940198,0.445842322638462,-0.712382893105428,-0.182182700910129,-0.309518001944232,-0.733138697217705,-1.50284953566934,-1.22483071423569,-1.29917755552691,-0.568244878402551,-0.290605035498653,0.207333451866978,0.117213187620594,1.50284953566934,0.670494056711244,0.427849679846594,1.21814164691488,0
"386","DTXSID20966396",-0.138540805159109,1.04938425345853,-0.443480816267441,-0.846255923452212,-1.36724910973408,-0.938893283420758,-1.57046662179888,-1.85828857492256,-1.5725574760294,-1.90943572416801,0.0831779002001113,-0.451082615772313,0.0116858747777204,-0.387021814638486,0.514816066362113,-0.490563539433066,-1.20699219932541,-0.473858419994222,-0.593899024179223,-1.20904256940198,1.20566941544542,-0.712382893105428,-0.14696939489733,-0.565101342235168,-0.995513298711673,-1.71314695464441,-1.63350723192813,-1.59944778336455,-0.70688048918971,-0.341653780964538,0.341372814929797,0.0116858747777204,1.90943572416801,0.891232173232733,0.570136278501754,1.62100660971498,0
"387","DTXSID20968830",0.146512620880772,0.32735481391597,0.620800503235182,-1.33301600966457,-1.36724910973408,-0.878717368537173,-2.16240588664669,-2.13461708409171,-1.82375077564554,-1.78021923221226,0.426012028781663,-0.0253735103428138,0.309248535323595,-0.51119746291607,1.05081017715901,-0.490563539433066,-1.43379202943623,-0.238619554455581,-0.593899024179223,0.996620087633697,0.236776495744931,-0.712382893105428,-0.486071636328704,-0.118669293337649,-1.46342764737006,-2.9388082592642,-1.14042669460442,-1.17448220808341,-0.545150642479019,0.103366580272414,0.336710057320929,0.0253735103428138,2.9388082592642,0.919011390160504,0.725054674573843,1.84708137361502,0
"388","DTXSID301015833",0.990916165942306,-0.328488593668522,1.83546940049361,1.38612654090104,-1.36724910973408,-0.360718769714997,0.188314274862129,-1.61348143060423,-1.56416306698166,0.282132042165111,-0.385795610682885,-1.53413896586074,-0.7541616123736,3.90392331350431,-0.183899497697987,-0.490563539433066,-1.43379202943623,0.724976849947836,-0.593899024179223,-1.20904256940198,1.64645033558915,-0.712382893105428,-3.0624183260662,0.811458358508714,-0.827863454433628,-1.67506673182109,-0.786643998761927,-0.545930303573541,0.125728721654221,1.17850771569514,0.0274185402533297,0.125728721654221,3.90392331350431,1.08345677489315,0.838271135770894,2.1564438286799,0
"389","DTXSID301015938",1.72775238042275,-1.91695336066215,1.95115215261346,1.23506306586961,-1.36724910973408,-0.78950739185863,-2.15248135971379,-2.1799125290259,-1.78224487812328,-1.25575883853991,0.325653900746085,-0.340549421643916,0.23806495326556,-0.451139339976118,1.06279279731425,-0.490563539433066,-1.43379202943623,0.623252321675817,-0.593899024179223,-1.20904256940198,2.35862161453269,-0.712382893105428,-3.0624183260662,0.708807106435594,-1.46342764737006,-3.35862844600061,-0.741544096268493,-0.641762283051664,-0.300328188573991,1.31684591905689,0.0519826484742746,0.23806495326556,3.35862844600061,1.25971971613658,0.815520903635803,2.30358647279041,0
"390","DTXSID301017172",3.01318198086675,-2.16364675250586,-0.177410486391785,2.86319163009717,-1.36724910973408,-0.384206134733084,2.45263088074033,1.15443388756762,1.28291445167252,-0.563142887727668,-0.319710571475338,-2.7918411211073,-1.18828601529792,14.293077971378,1.51685478545653,-0.490563539433066,-1.43379202943623,3.13259719957575,-0.593899024179223,-1.20904256940198,-0.549463598442481,-0.712382893105428,-1.07265653826489,2.86277573541293,-1.46342764737006,-1.21904179362096,2.89484707056759,4.46963155365016,0.699152799147896,2.31405003850117,0.0294350805198033,0.177410486391785,14.293077971378,2.02163675656206,2.54963002857056,5.28516319313238,1
"391","DTXSID301347115",1.25983449239502,-1.18289009712722,0.528254301539301,0.0769097572953715,-1.36724910973408,-0.198201529681621,-0.866530272322507,-0.323314710209016,-0.508223182939132,-0.0468733711718799,-0.0508351052540796,-0.441873535574134,0.139459327799518,0.517639889416166,0.435543544317109,-0.490563539433066,-0.980192369214586,0.605698320968239,0.643460553803254,-1.20904256940198,-0.549463598442481,1.42481912443893,0.512118822121714,0.436277021028219,-1.23349303122401,-1.60363573568996,0.079231033940316,0.453788563275615,0.0209038210084026,0.364845268880116,0.0225737346721173,0.0209038210084026,1.60363573568996,0.618372186654901,0.461145138511836,1.20863796395005,0
"392","DTXSID301361171",1.66859034860316,-2.31406955241056,1.38430666722619,2.00716527158577,-1.36724910973408,-0.707299611385698,-1.9533049617543,-2.39643395548209,-1.77512722403759,-1.0216052152082,0.265190332653875,-0.436254315493721,0.0623693833199553,-0.426013840439273,0.916677576869021,-0.490563539433066,-1.43379202943623,2.55176096540804,-0.593899024179223,-1.20904256940198,2.39075875870033,-0.712382893105428,-3.0624183260662,2.76090601742272,-1.46342764737006,-3.35862844600061,1.57135585635596,2.69331159594349,2.67559442986376,3.55792481351724,0.0343242470420433,0.0623693833199553,3.55792481351724,1.64091414261359,0.974228465237411,2.88792657811748,0
"393","DTXSID30145493",1.22218592669164,-0.863993761329254,1.15294116298649,0.36225187679917,-0.352984729893449,-0.38651925208332,-0.942305501316429,-1.66837533423064,-1.20314083805766,-0.300535221745823,-0.154816444167351,-0.674857539396348,-0.196764144311687,-0.319181221940283,0.149236657315513,-0.490563539433066,-0.299792878882121,0.497289732676659,-0.593899024179223,-1.20904256940198,0.301825493321793,-0.712382893105428,0.243155364332512,0.472316235390453,-0.724055501320287,-1.16852638026111,-0.315876169916867,-0.419648927164181,0.558733962216673,1.22721835068167,0.019918199688975,0.149236657315513,1.66837533423064,0.63948055448497,0.407480489562987,1.16105558112559,0
"394","DTXSID30147917",-1.10126841385984,2.32496959665039,-0.952484925594782,-1.36658567078267,-1.36724910973408,-0.91915451754665,-1.87767985942466,-2.31097495865915,-1.88515167535794,-2.04419900367639,0.47179325067201,0.290858537261449,0.547991299353155,-0.572030667574833,0.954090074535675,-0.490563539433066,-1.20699219932541,-1.12504891500977,-0.593899024179223,1.69771366681255,-0.282623884297151,-0.712382893105428,-0.143125700454566,-1.26135479535905,-1.46342764737006,-1.89017514254472,-1.7036665803529,-1.58928099261718,-0.962703163384863,-1.33807853024903,0.758152712713526,0.143125700454566,2.32496959665039,1.18158394117262,0.613745957052433,1.96717876619974,0
"395","DTXSID30166027",2.45921022837415,-2.90974384003317,1.78919629964567,2.52749501891623,-1.36724910973408,-0.731574622600337,-2.06354678202025,-2.43253525779457,-1.8988789785408,-1.11358009700852,0.29885754670522,-0.383282769595443,0.153364341813159,-0.439853866024687,0.997040948113897,-0.490563539433066,-1.43379202943623,1.24989486730427,-0.593899024179223,-1.20904256940198,2.38366631081507,-0.712382893105428,-3.0624183260662,1.32687454430395,-1.46342764737006,-3.35862844600061,0.037336764398152,0.552595931897808,0.848214190720788,2.00580914030639,0.0278834631540475,0.037336764398152,3.35862844600061,1.40979853105531,0.925201895257929,2.59405695698546,0
"396","DTXSID30167857",0.754268038663914,-0.208150353744762,0.967848759594732,1.00007543804295,-1.36724910973408,-0.688445906930296,-2.01013620026054,-2.39761297073808,-1.70192588311453,-1.09870169078822,0.270640530742061,-0.194719517908502,0.4294187948604,-0.445036719084981,1.17779638882319,-0.490563539433066,-1.20699219932541,0.0686422031768585,-0.593899024179223,-1.20904256940198,0.95446393699819,-0.712382893105428,-1.54515164986589,0.239823818188771,-1.20131256575887,-2.41579637663288,-1.00238515419018,-1.02967512915224,0.56599330436666,0.231572971556965,0.0941693636693574,0.0686422031768585,2.41579637663288,0.939324121278795,0.62407668448134,1.73814227741491,0
"397","DTXSID30173019",-0.289135067972631,1.32616220528318,-0.489753917115381,-1.14838287351506,-1.36724910973408,-0.983275850004401,-1.33364992827658,-1.81018129690281,-1.94081361185547,-2.15422970200047,0.0977176745061356,-0.342617612159071,-0.363373680190558,-0.387995422632508,0.0249773877431158,-0.490563539433066,-1.20699219932541,-0.547225752120486,-0.593899024179223,0.523938345163513,1.40646853144107,-0.712382893105428,-0.296324378959047,-0.44925278417122,-1.06921694542214,-2.25503586422134,-1.10732169792379,-1.01953226070146,-1.3412375268281,-0.545848762828079,0.42237187470464,0.0249773877431158,2.25503586422134,0.920825194857161,0.606371148528122,1.69698026497316,0
"398","DTXSID30173670",0.323998716339566,0.724471005664378,-0.0038863582120096,-1.26587668742839,-1.36724910973408,-0.960639209064847,-0.888031387096497,-0.929586786858463,-1.65221135790925,-2.21855041679927,-0.0577425698950392,-0.626628548435047,-0.397564925074575,-0.335787699304081,-0.324462663598815,-0.490563539433066,-1.20699219932541,-0.497881942418307,-0.593899024179223,1.0102524627844,0.0472320462507653,-0.712382893105428,-0.444420452645782,-0.310553528347736,-1.12086140209603,-2.53256485432668,-1.43007752589901,-1.29611323701047,-1.46662249762983,-0.312427399972619,0.187500503934021,0.0038863582120096,2.53256485432668,0.851651081561302,0.618897655004009,1.64384007996643,0
"399","DTXSID30187494",-0.622593792774001,0.555997469771114,-0.431912541055455,-0.393065498357944,-1.36724910973408,0.849262414307736,-0.677989170296196,-1.68485427367915,-0.904840971653902,1.33161947314983,-0.40240884537356,-0.244902229964189,0.46942328955393,1.20160945586073,-0.174037785689709,-0.490563539433066,-1.20699219932541,-1.0853831665342,-0.593899024179223,-1.20904256940198,1.32961948704768,-0.712382893105428,-3.0624183260662,-0.553238653384833,-0.660213610155583,-1.44177440313256,-1.57512719769984,-1.40616042926901,-0.482255702091527,-0.257871488787704,0.327731738183174,0.174037785689709,3.0624183260662,0.912623633694526,0.598002732981938,1.67806713191141,0
"400","DTXSID30190948",0.635943975024719,0.062610686083698,1.15294116298649,1.73860798264102,-1.36724910973408,-1.04840132406419,3.58949907458884,2.42277610858153,3.3365115726482,-3.25203461431036,7.2645445299885,4.15156701385409,5.49516437447328,18.4482933876147,-0.699035439805088,-0.490563539433066,-1.43379202943623,0.653621410352422,-0.593899024179223,-1.20904256940198,-0.549463598442481,-0.712382893105428,0.502780981387453,-1.56989703909511,-1.46342764737006,-1.24440142809217,2.30319231454509,4.37702156229877,-1.20292689403153,1.19799196968975,0.0278686919590524,0.062610686083698,18.4482933876147,2.47231950857532,3.4489117521171,6.88692655128521,1
"401","DTXSID30196349",0.442322779978762,-0.135947409790506,-0.154273935967815,0.815442301893438,-0.352984729893449,-0.170342488325415,-0.0208954163369047,-0.314569384477825,-1.19410479465213,-0.311892195086762,-0.891869241397478,-1.50836221378284,-1.01897199171773,0.941294570440787,-0.957576799031134,-0.490563539433066,-0.526592708992943,-0.54191950475831,-0.593899024179223,-0.139673895406648,2.29371967064621,-0.712382893105428,-3.0624183260662,-0.177369321830548,-0.195932539856167,-1.49971015969782,-1.08844103220337,-0.823965186471357,-1.20563414869697,0.395630390191604,0.0985254641627435,0.0208954163369047,3.0624183260662,0.765956753143628,0.672458500933575,1.6267036343386,0
"402","DTXSID30196485",-0.407459131611827,1.15768866938991,-0.177410486391785,-0.829471092893165,-1.36724910973408,-0.824053616728152,-1.65410223217969,-2.13511073483249,-2.04935252350868,-1.86896194664182,0.288878377349041,-0.219949892790115,-0.106326733409665,-0.456364050646816,0.458409925182517,-0.490563539433066,-1.43379202943623,-0.473944235315443,-0.593899024179223,0.852540474212556,1.67846456856506,-0.712382893105428,-0.423457381013046,-0.42273807350049,-1.46342764737006,-2.96000923985106,-1.13397474469089,-1.18238277714688,-1.20563414869697,-0.269562041184472,0.454585110175679,0.106326733409665,2.96000923985106,0.976585378033021,0.69749648228076,1.86938087535239,0
"403","DTXSID3020047",-0.794701521703741,0.977181309504274,-0.501322192327366,-1.21552219575125,-1.36724910973408,-0.492918065439186,-0.363114408164986,-1.21734435106403,-0.691737322923651,-0.376490824240167,-0.565242940442615,-0.154956940396407,0.721870642362595,1.51305035790283,-0.299732776419617,-0.490563539433066,-1.20699219932541,-1.27136403769189,-0.593899024179223,-1.20904256940198,1.02470231090613,-0.712382893105428,-3.0624183260662,-0.729401451871873,-0.350346870112261,-1.30241872689045,-1.61529777405137,-1.42277034631051,-0.744317953706074,-0.536496320910665,0.445009892323218,0.154956940396407,3.0624183260662,0.917494976744644,0.573618202714315,1.65172627621897,0
"404","DTXSID30200935",1.34588835685989,-1.0926364171844,1.61567217146589,2.05751976326291,-1.36724910973408,-0.94620657359337,-2.19360164832478,-1.83113484398229,-2.0428345339701,-1.81081127782628,0.337935563014814,-0.320790991945888,0.296383921866337,-0.4563918125681,1.09347699360774,-0.490563539433066,-1.43379202943623,0.437271450518134,-0.593899024179223,-1.20904256940198,2.32285620081085,-0.712382893105428,-3.0624183260662,0.508110390443095,-1.46342764737006,-3.35862844600061,-0.973667667676141,-0.762168055163559,-1.00638020532062,1.10953345655421,0.051249652750799,0.296383921866337,3.35862844600061,1.27508919602288,0.792222926000814,2.28913454130392,0
"405","DTXSID3020122",0.0712154894740111,-0.496962129561786,-0.35093461457156,-0.493774481712225,-0.352984729893449,0.529474701082878,0.629052759165998,1.4666250251905,0.40715394492494,0.0745817576057587,-0.3022606615496,0.0669792008476025,0.327061561429181,2.29288612065697,-0.672559707989917,-0.490563539433066,-0.299792878882121,0.0221589041820513,0.39121685837109,-1.20904256940198,1.04616487946466,0.989136769541361,0.488605743817773,-0.51414337579395,0.0887607715571695,0.0347515813929315,-0.429426006568245,-0.141186636641465,-0.315792690224124,-0.109401473348756,0.151408272551486,0.0221589041820513,2.29288612065697,0.503488385475904,0.487652909945682,1.12768411020638,0
"406","DTXSID30201861",-0.622593792774001,1.37429750125268,-0.35093461457156,-0.812686262334118,-1.36724910973408,-0.901066580155338,-1.54100941762362,-1.56872143953386,-1.92408725457497,-2.05812973854714,0.0635064408448995,-0.433525632131476,0.332312510450479,-0.385938411637348,0.474628167300036,-0.490563539433066,-1.20699219932541,-0.591139358996503,-0.593899024179223,-1.20904256940198,0.645415091803239,-0.712382893105428,-0.266592665847766,-0.877990897995514,-0.890407746184416,-1.79852167262305,-1.63461555595839,-1.45819867417766,-0.962703163384863,-0.597287193373856,0.555132645869599,0.0635064408448995,2.05812973854714,0.938214637308532,0.542053630813399,1.63204328474968,0
"407","DTXSID30203885",1.71699564736464,-1.79661512073839,0.528254301539301,1.5875445076096,-1.36724910973408,-0.672621023936213,-1.88126243483279,-2.32938867975889,-1.54530253710305,-0.890212526922065,0.242914281251483,-0.470870979226656,0.00366295848567458,-0.417064159860526,0.86483024058201,-0.490563539433066,-1.43379202943623,4.41156967698485,-0.593899024179223,-1.20904256940198,2.39380522179598,-0.712382893105428,-3.0624183260662,4.80828428514841,-1.46342764737006,-3.35862844600061,3.79997446204364,5.03621333179011,5.29184924181566,5.77523291810416,0.112635699296772,0.00366295848567458,5.77523291810416,2.00519573738737,1.67034880574199,4.14324220873711,1
"408","DTXSID30206194",0.216431385758479,0.44769305383973,0.227479146027691,0.479745690712499,-1.36724910973408,-0.758003672403122,-2.3314331999056,-2.49259641775292,-1.80929835027661,-1.28699925174507,0.451718976067074,-0.00737725408493621,0.723616170392815,-0.524557571474973,1.69331778453522,-0.490563539433066,-1.43379202943623,-0.162100893033361,-0.593899024179223,-1.20904256940198,1.455354439681,-0.712382893105428,-1.51652995624232,-0.138468651516418,-1.46342764737006,-2.84295536434167,-1.26957996002081,-1.21598312072252,-0.449497920639709,-0.107453047949294,0.351357733413003,0.00737725408493621,2.84295536434167,0.995951603059463,0.749116994802119,1.95482135640618,0
"409","DTXSID30209347",-0.778566422116578,0.995232045492838,-1.04503112729066,-0.863040754011259,-0.352984729893449,-0.149846782155818,-0.854099876868616,-1.0378080774075,-1.05528190537727,0.374931706111016,0.549117351170578,1.18793381254072,0.792801366218099,-0.536140038794072,1.19692814653412,3.25321084045086,-0.753392539103765,-0.333311993905309,-0.593899024179223,0.706723456877999,0.87265199919366,-0.712382893105428,-2.1977076104162,-0.271681498471091,-0.323097282420009,-0.200946243169871,-1.0943414340049,-1.00945917240793,0.079617380317501,-0.469860172249089,0.59741193161774,0.079617380317501,3.25321084045086,0.821400922741847,0.625249517896625,1.62172030564953,0
"410","DTXSID30210695",0.571403576676067,-0.51501286555035,0.701778429719077,-0.9133952456884,0.661279649947178,-0.0222872183669644,0.573900783424595,0.0926971534162387,-0.0842417234826643,1.11809565668769,-0.947128625446619,-1.3181632012409,-1.09048114355434,-0.245693242560799,-0.936789838110804,-0.490563539433066,0.834206271671988,0.246051077248114,-0.593899024179223,-1.20904256940198,-0.549463598442481,-0.712382893105428,0.334926518728235,0.147463385502188,0.742491356288432,0.250797727796372,-0.184493518066389,-0.187692313438726,-0.462763468500363,0.991458877346859,0.0144673405580274,0.0222872183669644,1.3181632012409,0.591001483100751,0.365316556487702,1.05860667540501,0
"411","DTXSID30211167",0.0981073221192828,0.525912909790174,0.632368778447167,-1.18195253463315,-1.36724910973408,-0.870631131909628,-1.90712927969413,-1.85077134981804,-1.37629090235433,-1.67659734393883,0.270640530742061,-0.158381638180586,0.0944309507428519,-0.445036719084981,0.675771260757944,-0.490563539433066,-1.20699219932541,-0.0579830708028396,-0.593899024179223,0.132216218384219,1.01587706580805,-0.712382893105428,-0.18695988829836,-0.0263726422940475,-1.20131256575887,-2.33780123074313,-1.09015931021371,-0.97921304449097,-0.580529046446983,0.0460828735282531,0.237872253802346,0.0263726422940475,2.33780123074313,0.792987212491993,0.62742879799781,1.59609607392919,0
"412","DTXSID3021437",0.705862739902426,-0.00959225787055811,1.09509978692657,-0.225217192767474,-1.36724910973408,-0.97374375035585,-1.0052253074672,-1.8112758161927,-1.84584395599515,-2.06592210721282,-0.263865888152936,-0.891809610218747,-0.609708422265398,-0.258129820806722,-0.29881841320958,-0.490563539433066,-0.753392539103765,-0.267234196565,-0.593899024179223,-1.20904256940198,2.0460509009087,-0.712382893105428,-3.0624183260662,-0.147022502056164,-0.771288119986857,-2.14854170788886,-1.36991257261611,-1.29286413334525,-1.239324428978,0.197670369606339,0.109932714963454,0.00959225787055811,3.0624183260662,0.990965733410639,0.73312557980331,1.92936647555887,0
"413","DTXSID3021514",-1.68751036552676,2.06022546881811,-1.25326008110639,-0.930180076247447,-1.36724910973408,-1.04840132406419,-1.18484503986827,-2.39968390847143,-1.65837166037091,-3.25203461431036,0.205173652641695,-0.221245739019464,0.286668230936424,-0.496378704473972,0.755817888773004,-0.490563539433066,-1.43379202943623,-1.21253286747692,-0.593899024179223,-1.20904256940198,0.231421852651714,-0.712382893105428,-0.341765686430479,-1.39605462954398,-1.46342764737006,-1.35118098224024,-1.44285721098478,-1.15663924991053,-0.744317953706074,-1.16116150397795,0.742322481821643,0.205173652641695,3.25203461431036,1.12493618347371,0.682504650304553,1.99854213586353,0
"414","DTXSID30219128",0.313241983281457,0.562014381767302,-0.37407116499553,0.1944035712087,-1.36724910973408,-0.796137150716395,-0.998395944846231,-1.23055951996329,-1.62728122370765,-1.50254428029581,-0.0577425698950392,-0.665561991000668,-0.212362255176521,-0.335787699304081,0.176991649758147,-0.490563539433066,-1.43379202943623,-0.236145212693704,-0.593899024179223,-1.20904256940198,2.05100890377279,-0.712382893105428,-1.44111586771546,-0.0876494675034819,-1.12086140209603,-2.39940638779458,-1.30646961312152,-1.3422255210134,-1.46662249762983,-0.313986140292189,0.229930316546272,0.0577425698950392,2.39940638779458,0.88731718549466,0.623227851799197,1.68504883579763,0
"415","DTXSID3022081",-0.471999529960479,0.844809245588138,-0.570731843599276,-1.06445872071982,-0.352984729893449,-0.574427353584147,-0.39248482372798,0.744222733662002,0.0711407753893597,-1.09235518885706,-0.317780046533871,-0.455913343184611,0.308664767520079,-0.346101132645818,0.244416152679321,-0.490563539433066,-0.299792878882121,-0.694589728728637,-0.593899024179223,-1.20904256940198,-0.549463598442481,-0.712382893105428,-0.035082300392549,-0.649248622864274,0.331411861959603,-0.104522552616156,-0.963440715022787,-0.902105081865695,-0.773435981663246,-0.59962530385321,0.320100222240109,0.035082300392549,1.20904256940198,0.558703234665196,0.302597593654757,0.946028154543285,0
"416","DTXSID3022114",-0.332162000205066,1.29607764530224,-0.28152496329965,-0.896610415129353,-1.36724910973408,-0.639687576126497,-2.12128523472392,-2.18053201531768,-1.56450405555363,-0.898754731740309,0.5298364101173,0.3305863888274,0.95416070687909,-0.532928229320848,2.21666817214236,-0.490563539433066,-1.43379202943623,-0.315953461429403,0.622066064111302,-1.20904256940198,1.44365355292175,1.38786596438134,-0.0415401607670367,-0.130455696600551,-1.46342764737006,-2.0979855234125,-1.04593408023466,-0.81256093385974,0.068075026299021,-0.304633698374774,0.454523493469091,0.0415401607670367,2.21666817214236,0.967003920081761,0.658523238156264,1.80991366492178,0
"417","DTXSID3022116",0.474592979153088,-0.129930497794318,1.21078253904642,1.28541755754675,-1.36724910973408,-0.840294355276137,-1.72757171073357,-1.1652678188977,-2.10253837359415,-0.829615780185727,-0.013766583771534,-0.544719861856811,0.355134650207511,-0.325869249848543,0.33404313534375,-0.490563539433066,-0.980192369214586,-0.0812533254073174,-0.593899024179223,-1.20904256940198,-0.549463598442481,-0.712382893105428,-3.0624183260662,-0.356228546396251,-0.882622149700915,-1.96001606513183,-1.18842546519346,-0.802345610669245,-1.02275909604653,0.0117905864977348,0.0857020626281603,0.0117905864977348,3.0624183260662,0.887006578929211,0.681902914280392,1.75984230920811,0
"418","DTXSID30234750",-1.23034921055714,2.54759534050934,-0.755824246991036,-1.24909185686934,-1.36724910973408,-1.04840132406419,-1.96774474863932,-2.70897199231573,-2.46999131336134,-3.25203461431036,0.622962567467851,0.792205576732402,0.801086819440305,-0.670450671539997,1.11064817131716,-0.490563539433066,-1.43379202943623,-1.06159325248456,-0.593899024179223,2.26303991795994,-0.0734953234898293,-0.712382893105428,-0.352412853963573,-1.35562229780789,-1.46342764737006,-1.7106191454206,-1.82326749345254,-1.69894727034729,-1.46498914564608,-1.13972882458387,0.561973016041121,0.0734953234898293,3.25203461431036,1.34107960741766,0.753675309704513,2.30578400383944,0
"419","DTXSID3024447",1.1684022614011,0.580065117755866,0.562959127175257,0.160833910090606,-1.36724910973408,-0.595624218696155,-1.6780995382589,-2.18404899029602,-1.39049805929728,-0.821480516905921,0.198157553022542,-0.293056418701515,0.234968640063177,-0.430069509743388,0.970100268338286,-0.490563539433066,-1.20699219932541,0.32641712557175,-0.593899024179223,-1.20904256940198,0.182907179998137,-0.712382893105428,0.125697286211476,0.209030038957533,-1.19274840962702,-1.91602403041409,-0.70042353371535,-0.659730383036983,0.848214190720788,0.555401272947427,0.12479129300099,0.125697286211476,2.18404899029602,0.785502897204191,0.542201168891641,1.47952039338549,0
"420","DTXSID3025122",-1.07437658121457,1.73531222102396,-1.05659940250265,-0.0909385482950982,-1.36724910973408,-0.160926120440053,-1.5701602528596,-1.29286773456232,-0.915191670811562,-0.814276717447162,0.404985742341161,0.256027457273696,1.11068961146572,-0.572885645165438,1.9397961530175,-0.490563539433066,-1.43379202943623,-1.05124773875956,-0.593899024179223,-1.20904256940198,0.0276479349376094,-0.712382893105428,-0.0228547985589453,-1.12466560335805,-1.46342764737006,-1.00923362804404,-1.00103621536595,-0.579346505043245,-0.300328188573991,-1.09413567023648,0.7172537625546,0.0228547985589453,1.9397961530175,0.882529565131947,0.518167066270851,1.54578340995864,0
"421","DTXSID3026148",0.103485688648337,0.74853865364913,0.470412925479376,-1.36658567078267,-1.36724910973408,-0.888486676663673,-0.847022111171067,-1.07337785528679,-1.61232916909303,-1.57186108343002,-0.0577425698950392,-0.853062175258695,-0.334888016248529,-0.335787699304081,-0.0758380333102922,-0.490563539433066,-1.20699219932541,-0.214596032031496,-0.593899024179223,-1.20904256940198,1.31722447988745,-0.712382893105428,0.21356780456765,-0.271566262058397,-1.46342764737006,-2.508836064516,-1.25200394708367,-1.18935038620644,-1.52395315225935,-0.258650858947489,0.221148821662145,0.0577425698950392,2.508836064516,0.871090809944264,0.592585041899741,1.62959966357593,0
"422","DTXSID3026485",-0.348297099792229,0.501845261805422,-0.11956911033186,-0.695192448420789,-1.36724910973408,-1.04840132406419,2.6143375730555,1.04800382813633,-4.30119597170827,-3.25203461431036,6.88326777126152,4.97795378714323,6.88983701797104,1.29928565940238,-0.272146363664433,-0.490563539433066,-1.43379202943623,-0.360005326322943,-0.593899024179223,-1.20904256940198,-0.549463598442481,-0.712382893105428,0.127317315131789,-0.245516461217465,5.4880719328648,-1.15857822783188,-1.11014775932761,-0.70237533032911,-1.47226865263537,-0.56689175714226,0.245624630134238,0.11956911033186,6.88983701797104,1.72796444525344,1.97803734760956,4.25985225019368,1
"423","DTXSID3026691",-1.27337614278958,1.63904162908495,-1.1722821546225,-0.158077870531286,-1.36724910973408,-0.208972343913145,-1.28407020564412,-1.10425901132818,-0.0225544527483566,-0.516312847873579,0.365822720216179,0.275057425560596,1.0668032130616,-0.57571224429589,1.95603161433554,-0.490563539433066,-1.43379202943623,-1.26979075680283,-0.593899024179223,-1.20904256940198,-0.812535230411103,-0.712382893105428,0.0156314800681564,-1.22481006677427,-1.46342764737006,-0.476355135216529,-0.319707195456802,0.153472376751613,0.0908354502281737,-1.07465141624187,0.146884250030261,0.0156314800681564,1.95603161433554,0.810883993220564,0.544040314812912,1.50725559618109,0
"424","DTXSID3026724",0.41543094733349,0.393540845874038,-0.512890467539351,0.328682215681076,-1.36724910973408,-0.16744973090212,-1.42224267913669,-1.90765932984653,-0.992749195260537,0.171191042050629,0.201665602832118,-0.140561475078189,0.496425371528848,-0.462782266327281,1.18365639554111,-0.490563539433066,-0.980192369214586,-0.26332483193159,-0.593899024179223,-1.20904256940198,0.293161021647671,-0.712382893105428,0.129943853839808,-0.305053475509741,-1.1042521295979,-1.03862960305005,-0.508928271264302,-0.17978585525305,0.954991959107003,-0.0669257996405001,0.257570902282158,0.0669257996405001,1.90765932984653,0.633175129028066,0.472049554554893,1.23739855885833,0
"425","DTXSID3026932",2.89485791722755,-3.90253431940419,2.06683490473331,2.42678603556195,-1.36724910973408,-0.702097823268276,-1.86386348493477,-2.41686160114949,-1.65862278715619,-1.00189631196528,0.194649503212969,-0.479231230090404,-0.0105312349258856,-0.39824043472228,0.755950834379292,-0.490563539433066,-1.20699219932541,1.92053683512995,-0.593899024179223,-1.20904256940198,2.03443058169599,-0.712382893105428,-3.0624183260662,2.09470534410793,-1.33989618316518,-2.98406419859385,0.844945957636931,1.53459551549516,2.40042906566849,2.77387843277402,0.034920140565306,0.0105312349258856,3.90253431940419,1.57809960660816,0.988338263201146,2.84317258350562,0
"426","DTXSID3027037",-1.82196952875312,1.25997617332511,-0.489753917115381,-1.11481321239696,-1.36724910973408,-1.04840132406419,-0.212415493973637,-2.53911716538833,-3.03355602021671,-3.25203461431036,0.0495194565584545,-1.12944605686702,-0.399405646235162,1.09682951834559,0.492513477703429,-0.490563539433066,-1.43379202943623,-0.794178409005818,-0.593899024179223,-1.20904256940198,0.67516310898778,-0.712382893105428,-0.00219470177437791,-1.19768657313831,-1.46342764737006,-1.72134194906357,-1.25124934832689,-0.873922233429798,-1.66153583435699,-1.02555109617544,0.610797069972893,0.00219470177437791,3.25203461431036,1.14709772240575,0.775104927367492,2.13923202943614,0
"427","DTXSID3027247",-0.170811004333435,0.832775421595762,-0.408775990631485,-1.1987373651922,-0.352984729893449,-0.948623120208706,-0.659065844286387,-0.787200808675325,-1.35140034926157,-1.88865755358205,-0.323520491676814,-0.648967281138199,-0.560726701811173,-0.277743266699329,-0.671657451093602,-0.490563539433066,-0.299792878882121,-0.652535453812412,-0.593899024179223,0.673338048345672,-0.549463598442481,-0.712382893105428,-0.317431216735345,-0.355311135345616,-0.258476831606955,-0.978573748426112,-0.9889977536795,-0.824470423752272,-1.28448708458504,0.073360829120711,0.231408968626597,0.073360829120711,1.88865755358205,0.671157727984381,0.397836531886136,1.18038848879864,0
"428","DTXSID3027370",-0.783944788645632,1.66310927706971,-0.940916650382797,0.311897385122029,-1.36724910973408,-1.03093634824716,-0.509223102790691,0.401692137585864,-1.2615120535194,-2.59576767593872,0.420237358942519,-0.755605733372051,1.48107580117808,7.02189066182935,3.22779151999307,-0.490563539433066,-1.43379202943623,-0.946457696512804,-0.593899024179223,-1.20904256940198,-0.549463598442481,-0.712382893105428,-1.60752864093607,-0.778400566342369,-1.46342764737006,-1.74078977164036,-1.05971901393446,-0.575792953833295,-1.239324428978,-0.940599748758931,0.611106706271178,0.311897385122029,7.02189066182935,1.30380112422186,1.25627387778732,2.91183168778963,0
"429","DTXSID30274176",-1.76818586346258,2.4693754845589,-0.836802173474931,-1.40015533190076,-1.36724910973408,-0.846595991759408,-2.27425011031442,-2.11252748890876,-1.42284411808982,-2.07839317779983,0.701272089033168,0.828434967934264,0.938688152774323,-0.686040511051348,1.78916069368709,-0.490563539433066,-1.43379202943623,-1.51464570583609,-0.593899024179223,1.51854530768906,-0.540241713115273,-0.712382893105428,-0.611467145275068,-1.22228943338449,-1.46342764737006,-2.0272476362621,-1.22507884551037,-0.891323607319458,-0.786377327421989,-1.39341381159373,0.759684877780536,0.490563539433066,2.4693754845589,1.26482236438051,0.563580607402171,1.98620554185529,0
"430","DTXSID3027611",-0.875377019639556,1.43446662121456,-0.778960797415006,-1.18195253463315,-1.36724910973408,0.776552492547197,-0.793854081744089,-1.07110070560001,-0.59194003392755,-0.654936012595083,0.833043669048383,1.55268401358851,1.18899385347029,1.2694882136814,2.27735069022964,0.757361253861575,-1.43379202943623,-2.2699683256357,-0.138798042261318,1.30798381365655,-2.17701067196113,0.0736802319946044,0.00252352448843731,-1.79895002025247,-1.46342764737006,0.0293290228966758,-0.700926333350497,-0.220196595678139,-0.540491758005871,-2.39880131771574,0.716146626641252,0.00252352448843731,2.39880131771574,1.06537301458778,0.678351880542235,1.93366342168184,0
"431","DTXSID3027746",-0.961430884104426,0.321337901919782,-0.466617366691411,-0.779116601216024,-1.36724910973408,-1.04840132406419,1.25742497902555,-5.32773844107777,-4.30119597170827,-3.25203461431036,-0.920066526915614,1.23438781374859,-19.1807880096312,-0.674623469301536,-0.931679961762905,-0.490563539433066,-1.43379202943623,-1.42030129518909,-0.593899024179223,-1.20904256940198,-0.549463598442481,-0.712382893105428,-3.0624183260662,-1.61164517659366,-1.46342764737006,-1.54198980752201,-2.20235604813798,-2.77473868534719,-2.05462921177881,-1.38912727571491,0.343909137147911,0.321337901919782,19.1807880096312,2.151129003431,3.41786173451551,6.52599202361085,1
"432","DTXSID3029235",2.22256210109575,-2.35017102438769,1.81233285006964,1.68825349096388,-1.36724910973408,-0.719783902867513,-1.91766286948788,-2.45622441577527,-1.71345516621418,-1.06890658299123,0.194649503212969,-0.453380454393145,0.0349226395493105,-0.398240434722285,0.755950834379297,-0.490563539433066,-1.20699219932541,0.99063247934154,-0.593899024179223,-1.20904256940198,2.02976324687171,-0.712382893105428,-3.0624183260662,1.07243999932748,-1.29473972356088,-2.88658045901079,-0.258628448688833,0.00336944530454936,1.09011780759575,1.66522438048056,0.0349008561549152,0.00336944530454936,3.0624183260662,1.25735133071792,0.830604815354229,2.32052549437133,0
"433","DTXSID30333994",2.2171837345667,-2.42839088033813,1.92801560218949,1.94002594934959,-1.36724910973408,-0.731574622600337,-2.08874491236676,-2.20482522081472,-1.79319511517819,-1.11358009700852,0.306482525497334,-0.371174987675843,0.183036416814505,-0.443040824359177,1.01558634147811,-0.490563539433066,-1.43379202943623,0.995214063991182,-0.593899024179223,-1.20904256940198,2.34319311908949,-0.712382893105428,-3.0624183260662,1.11684753705322,-1.46342764737006,-3.35862844600061,-0.349616060314757,-0.177568717249712,0.196935222211263,1.76030753997427,0.0423046952157048,0.177568717249712,3.35862844600061,1.31319810249494,0.88229410617284,2.44253455839617,0
"434","DTXSID30333999",2.20104863497954,-2.33813720039531,1.93958387740147,1.78896247431816,-1.36724910973408,-0.746313022266367,-2.11802922601269,-2.19350127000162,-1.86520597699733,-1.16942198953014,0.315311448309257,-0.357103781661176,0.208257829354575,-0.446755190233212,1.03722263373632,-0.490563539433066,-1.43379202943623,0.809233192833499,-0.593899024179223,-1.20904256940198,2.34317271370356,-0.712382893105428,-3.0624183260662,0.912823853509948,-1.46342764737006,-3.35862844600061,-0.548311553974138,-0.213425444095945,-0.0527647897232421,1.53857672951558,0.0418357682092637,0.0527647897232421,3.35862844600061,1.29448554724267,0.875584345314336,2.41523350924502,0
"435","DTXSID30334143",1.04469983123285,-0.322471681672334,2.4601562619408,1.68825349096388,-0.352984729893449,-0.900497089898564,1.79711037146186,0.430393023068698,-0.517384762519762,-1.38734795779193,-0.584144565107154,-2.37217652287502,-1.93450404027536,7.90440541556018,-0.391390126105106,-0.490563539433066,-0.072993048771299,0.362125834235453,-0.593899024179223,-1.20904256940198,-0.549463598442481,-0.712382893105428,-3.0624183260662,1.25558248536427,-1.04118879808154,-0.93482634040745,-0.0955514657917818,0.487803029117619,-1.04103306503825,0.79271948660181,0.0170724051803969,0.072993048771299,7.90440541556018,1.22631711248016,1.45911859818459,3.09398891815644,1
"436","DTXSID30334426",-0.0847571398685654,0.429642317851166,0.401003274207466,-0.879825584570306,-0.352984729893449,-0.681247433235672,-0.341534631585144,-0.554934746275255,-0.947693624253397,-1.15164963550393,-0.500345879449389,-1.07100169919907,-0.610635801146618,-0.247043701364871,-0.594177871259644,-0.490563539433066,-0.526592708992943,-0.167206904646022,-0.593899024179223,-1.20904256940198,-0.549463598442481,-0.712382893105428,-0.0592988326524237,-0.199223759470114,-0.257179232193038,-0.778754506394924,-1.07800930699416,-1.1833966681076,-0.971616845412569,0.538644814512061,0.128959121510351,0.0592988326524237,1.20904256940198,0.605458442453399,0.33392444006189,1.03288172573262,0
"437","DTXSID30334825",2.0881029378694,-2.41635705634576,1.77762802443368,1.80574730487721,-1.36724910973408,-0.718865156402269,-2.08874491236676,-2.13613282497325,-2.01577551754297,-0.995836637291653,0.306482525497334,-0.371174987675843,0.191709655240502,-0.443040824359177,1.01558634147811,-0.490563539433066,-1.43379202943623,0.92651413183578,-0.593899024179223,-1.20904256940198,2.46113186517837,-0.712382893105428,-3.0624183260662,1.11642011862982,-1.46342764737006,-3.35862844600061,-0.436932281640194,0.17514810792621,-0.113229266144512,1.73653675010085,0.0334142946270517,0.113229266144512,3.35862844600061,1.30095002708455,0.881603887837936,2.42940300351711,0
"438","DTXSID30334961",0.797294970896349,-0.172048881767634,0.285320522087616,1.016860268602,-1.36724910973408,-0.717808339596245,-2.21820917068585,-2.44495684613792,-1.81498464208674,-1.19431734200571,0.404979071911784,-0.108128993042166,0.569009911896232,-0.50038686085277,1.5082371920574,-0.490563539433066,-1.43379202943623,0.210623652137303,-0.593899024179223,-1.20904256940198,1.46018022913538,-0.712382893105428,-1.62482348935069,0.316500983019186,-1.46342764737006,-2.88829284590434,-0.736964541070386,-0.540085677210077,0.56599330436666,0.435378268340614,0.0877567576949494,0.108128993042166,2.88829284590434,0.993391427227371,0.708754757991308,1.90059751745624,0
"439","DTXSID30336965",0.350890548984838,0.580065117755866,0.447276375055406,-1.24909185686934,-1.36724910973408,-0.868787166548634,-1.62096468609932,-1.1912671762837,-0.599370428299119,-1.84580389014014,0.117772535617893,-0.481180302013759,0.287087553770699,-0.389579390585021,0.587155179585278,-0.490563539433066,-1.20699219932541,0.152784125634227,-0.593899024179223,-1.20904256940198,1.32714048561563,-0.712382893105428,0.129335740362792,-0.328684315872094,-1.16523930205198,-1.93494182847622,-1.30380429353327,-1.24188279230695,-0.580529046446983,-0.140186594660244,0.167563383387181,0.117772535617893,1.93494182847622,0.816698335591619,0.528527432874967,1.49321344967158,0
"440","DTXSID30337710",0.0228101907125219,1.03735042946615,-0.385639440207515,-1.40015533190076,-1.36724910973408,-1.03093634824716,-1.65410223217969,-1.14510040398371,-2.03460328077268,-2.59576767593871,0.288878377349041,-0.219949892790115,0.202737823142787,-0.456364050646816,0.458409925182517,-0.490563539433066,-1.43379202943623,-0.610581296770946,-0.593899024179223,1.00997425104663,0.194236831171037,-0.712382893105428,-0.494388480401724,-0.365827964088333,-1.46342764737006,-2.90284813449956,-1.21422482146417,-0.819429296141375,-1.65334638899403,-0.245791251311044,0.345115298419928,0.0228101907125219,2.90284813449956,0.950158945388903,0.719759336419473,1.87145089600583,0
"441","DTXSID30337790",1.62018504984167,-1.30924524904717,1.84703767570559,1.21827823531057,-1.36724910973408,-0.777937836264231,-1.97665667737715,-2.20346420760013,-1.6586227871562,-1.32790484357554,0.194649503212969,-0.425033741732011,0.171826900130033,-0.398240434722284,0.755950834379302,-0.490563539433066,-1.43379202943623,0.432689865868493,-0.593899024179223,-1.20904256940198,2.07625424488688,-0.712382893105428,-3.0624183260662,0.297884274494024,-1.24724758501152,-2.73605349684406,-1.11003316534354,-1.0880270194033,-0.191075422519809,0.761544680210429,0.0447518028202379,0.171826900130033,3.0624183260662,1.15650637406644,0.754224370527835,2.12191356834207,0
"442","DTXSID30338020",2.22794046762481,-2.41635705634576,1.92801560218949,1.68825349096388,-1.36724910973408,-0.753542355574811,-2.08874491236676,-2.20482522081472,-1.65098640046563,-1.14328305034979,0.306482525497334,-0.371174987675843,0.183036416814505,-0.443040824359177,1.01558634147811,-0.490563539433066,-1.43379202943623,0.995214063991182,-0.593899024179223,-1.20904256940198,2.36737248958781,-0.712382893105428,-3.0624183260662,1.11777207792305,-1.46342764737006,-3.35862844600061,-0.349616060314757,-0.439241625219766,0.196935222211263,1.76030753997427,0.045550040172018,0.183036416814505,3.35862844600061,1.31130441054899,0.864774072741938,2.41821522365867,0
"443","DTXSID30340608",0.173404453526044,0.832775421595762,0.181206045179751,-1.09802838183792,-1.36724910973408,-0.661658744054662,-1.60817184314321,-1.95344198666367,-1.56269132835386,-0.737209986517087,0.108902116279999,-0.473555554832594,0.151413225212776,-0.38884431821716,0.56840048492359,-0.490563539433066,-0.753392539103765,-0.101896677678857,-0.593899024179223,-1.20904256940198,0.91503128755246,-0.712382893105428,0.0793800119917553,-0.29948847699526,-1.12345660092387,-1.81169074325682,-1.35551269474417,-1.26103937844877,-0.545150642479019,-0.120702340665631,0.217090860257812,0.0793800119917553,1.95344198666367,0.774652747334407,0.549145728366043,1.47755927964294,0
"444","DTXSID3034610",-0.826971720878067,0.616166589732994,-0.998758026442722,-0.275571684444615,0.661279649947178,0.578929492006195,0.383207610243156,1.10102700964216,1.15521191966118,0.620700746477591,1.44652439968822,1.52078147486623,2.03631386176508,0.0638874231100506,0.0808635726345473,-0.490563539433066,-0.753392539103765,-0.330313225180413,-0.593899024179223,1.46987907214483,-0.549463598442481,-0.712382893105428,0.69041172192576,0.0623505462318221,1.70608868106302,1.74514069023813,0.00589455885978162,0.447287655207588,0.478691186041767,-0.283980389140485,0.0783674789381216,0.00589455885978162,2.03631386176508,0.756197816727918,0.544008580501726,1.45252879977013,0
"445","DTXSID3035266",2.06658947175318,-1.06856876919965,1.89331077655353,0.899366454688673,-1.36724910973408,-0.636428025756071,-1.69073073123115,-2.207408707912,-1.35582224974346,-0.901612658358978,0.197280540570151,-0.357310914826263,0.182973187639788,-0.422029395841598,0.916618679430605,-0.490563539433066,-0.980192369214586,1.07034061020248,-0.593899024179223,-1.20904256940198,0.72778157638845,-0.712382893105428,-0.0197261195169333,1.0089315003167,-1.27449717270378,-2.23836047756744,-0.132149843592533,0.0399074022406186,1.89171998900496,1.42907522206586,0.0278655284853805,0.0197261195169333,2.23836047756744,0.99939566607244,0.648847562503044,1.82992054607634,0
"446","DTXSID3037757",0.969402699826089,-0.27433638570283,1.10666806213855,1.03364509916105,-1.36724910973408,-0.654814747506113,-1.63128149493489,-2.33775794437975,-1.60902425052584,-0.963025864969844,0.124979751329934,-0.487329291675997,-0.0554696760974325,-0.390216898119346,0.602499986564646,-0.490563539433066,-1.20699219932541,0.338764996791909,-0.593899024179223,-1.20904256940198,1.04132814717705,-0.712382893105428,-0.178911320087967,0.23649591767662,-1.19793880728269,-2.18947590886812,-0.715102164092448,-0.64340503747649,0.828055555981207,0.652822542920491,0.0510670522600714,0.0554696760974325,2.33775794437975,0.861429396215549,0.56724070744847,1.58749750174959,0
"447","DTXSID30379857",1.44269895438287,-2.12152836853255,1.88174250134155,-0.242002023326521,-1.36724910973408,1.91365325401457,0.597464016827484,0.126375538612942,0.649380783410044,0.499858524637317,7.39012001727842,4.16111644535694,5.34427638554545,-0.181787513160174,0.159232190656687,-0.490563539433066,-1.43379202943623,1.04579742833322,-0.593899024179223,-1.20904256940198,-5.27247281025318,-0.712382893105428,0.619532918840498,1.31404654258226,-1.46342764737006,1.21197679959503,1.86673900300454,2.90762411327426,-0.67253318792415,1.45089758653982,0.0108237754604716,0.126375538612942,7.39012001727842,1.67810712400302,1.72759916864829,3.88943405987283,1
"448","DTXSID3041877",0.549890110559849,0.549980557774926,0.158069494755781,-0.762331770656977,-0.352984729893449,-0.617639672720957,-0.70672563849129,-0.76906427529304,-0.847007821895815,-1.07571292042531,-0.259656228381444,-0.713898842658216,-0.210676038111282,-0.305872441012744,0.00142046585390333,-0.490563539433066,-0.299792878882121,-0.0652773731066408,-0.593899024179223,-1.20904256940198,1.04294776144599,-0.712382893105428,0.0697372486726573,0.0308371798440279,-0.434950351899634,-0.75575959668148,-0.789715519717169,-0.67586051739282,-0.695680361301158,0.665682150556935,0.0634345710137996,0.00142046585390333,1.20904256940198,0.547101999136844,0.318195381517287,0.954392087478971,0
"449","DTXSID3042059",0.738132939076752,0.219050397984586,0.0655232930599006,-1.23230702631029,-1.36724910973408,-0.421493839982036,-1.92371235344964,-2.1455904349025,-1.78300459637865,-0.247949308608915,0.357113079309647,-0.106179933497711,0.543789623784414,-0.49907426893545,1.40691010386092,-0.490563539433066,-1.43379202943623,-0.158243971096254,-0.593899024179223,-1.20904256940198,0.63640973966234,-0.712382893105428,0.0624940497953217,-0.367503589624757,-1.46342764737006,-2.13015393434141,-1.24347833370877,-1.13868128477488,-0.300328188573991,-0.0688742250399615,0.208134816133538,0.0624940497953217,2.1455904349025,0.835545177613973,0.649424704332653,1.66680879915977,0
"450","DTXSID30424912",1.43732058785382,-1.06255185720346,2.17094938164117,2.9471157828924,-1.36724910973408,-0.929067980091741,-0.846661462847753,-0.483170243297027,-1.21611204683083,-1.95153337897115,-0.158054643991571,-0.968000042785999,-0.607731672628637,-0.284245112749564,-0.240162952611954,-0.490563539433066,-1.20699219932541,0.667251743873055,-0.593899024179223,-1.20904256940198,2.40535736846931,-0.712382893105428,-3.0624183260662,0.972701537719223,-1.26878773528254,-2.95434205465573,-0.876535307248954,-0.924326357364598,-1.31736489867534,1.36360812864396,0.0460081130104648,0.158054643991571,3.0624183260662,1.22318333131917,0.793913819038623,2.23939301968861,0
"451","DTXSID30431727",0.41543094733349,-1.55593864089087,1.18764598862245,-0.0405840566179572,0.661279649947178,0.769464465111348,0.547691406752109,-0.00430205261953949,0.402846948457732,1.23667692351873,1.16097253978474,0.408488351634982,0.557360886711409,-0.221038560203137,-1.30392894044445,2.00528604715622,0.607406441561167,0.658813237286303,-0.593899024179223,1.18682039382832,-0.964297674406263,-0.712382893105428,1.09033418906523,1.4780805286529,0.813340284288287,1.1087035614671,0.311637134062343,0.459830744873074,0.70839489976878,1.70029603767087,0.0614699190003033,0.00430205261953949,2.00528604715622,0.829105781667387,0.490148059244016,1.45649529749973,0
"452","DTXSID3044384",0.232566485345642,0.549980557774926,0.377866723783496,-1.31623117910553,-1.36724910973408,-0.859216257545227,-1.37555582375348,-1.52800872709412,-1.68811258637067,-1.69661052676462,0.117772535617893,-0.603057441443503,-0.146148682504179,-0.389579390585021,0.41839322325312,-0.490563539433066,-1.20699219932541,-0.028615160873814,-0.593899024179223,-1.20904256940198,1.21171817893961,-0.712382893105428,0.248743635417552,-0.215318038345017,-1.46342764737006,-2.4646401742157,-1.19474008828561,-0.824248626676183,-1.11120510596644,-0.116805489866708,0.184851069933853,0.028615160873814,2.4646401742157,0.858623054069243,0.60376427120416,1.63144132121057,0
"453","DTXSID3044754",0.727376206018643,-0.178065793763822,0.239047421239676,-0.376280667798897,-1.36724910973408,-0.565495034037001,-1.66786391636758,-2.14441089316979,-1.34326957454298,-0.794585382551778,0.19885916298446,-0.240988120117657,0.316796910923819,-0.436541366535142,1.01285883793807,-0.490563539433066,-1.20699219932541,-0.0455446167436148,-0.593899024179223,-1.20904256940198,0.178536488768085,-0.712382893105428,0.0893306243597079,-0.173436694785099,-1.12112092197881,-1.76280617455749,-1.09232647921654,-1.14251005152156,0.327754893807981,0.111939652030044,0.142296074022497,0.0455446167436148,2.14441089316979,0.728929174031248,0.566699940198593,1.45430509748545,0
"454","DTXSID3044756",-0.020216741519913,0.682352621691062,0.458844650267391,-0.661622787302695,-1.36724910973408,-0.796282007731786,-1.08194486795259,-0.764011894809621,-1.50758075674504,-1.78269730585906,-0.0577425698950392,-0.735930502287676,-0.263659246665938,-0.335787699304081,0.0808695044947822,-0.490563539433066,-1.20699219932541,-0.101896677678857,-0.593899024179223,-1.20904256940198,0.96947015900017,-0.712382893105428,-0.0735229346356683,-0.271476457470506,-1.12086140209603,-2.06704024597898,-1.34793699450401,-1.22851459565574,-1.22544786877966,-0.0677051698002845,0.173914311563944,0.020216741519913,2.06704024597898,0.776118166576859,0.55386175392352,1.48506121159896,0
"455","DTXSID3044831",0.16802608699699,0.26718569395409,-0.778960797415006,-0.0573688871770042,-1.36724910973408,-0.3893259628093,-1.62571723799159,-1.87787555103188,-0.824471501348873,-0.402915340809034,0.332870460354353,-0.0265892435958954,0.612343034007524,-0.512952662309932,1.51640959589262,-0.490563539433066,-1.43379202943623,-0.308087056984128,-0.593899024179223,-1.20904256940198,0.178470382063231,-0.712382893105428,0.194356985304434,-0.565411410295709,-1.46342764737006,-1.30144022009413,-0.696713615027314,-0.764340643781459,0.367399254315011,-0.1775963623299,0.327136352163804,0.0265892435958954,1.87787555103188,0.707239493284983,0.523901711398459,1.37783368387501,0
"456","DTXSID3044833",1.12537532916867,-0.39467462562659,0.863734282686867,-1.38337050134172,-1.36724910973408,-0.619232808444379,-1.29031619446489,-1.13617045532382,-1.12576613760882,-0.912403503118736,0.0741396621179868,-0.494275928256896,0.0279046462856228,-0.386490642603854,0.564177994178818,-0.490563539433066,-1.20699219932541,0.325654322716451,-0.593899024179223,-1.20904256940198,0.442881518002923,-0.712382893105428,0.205530930937698,0.050507046197304,-1.19248888974424,-1.93143551245608,-0.958802975176711,-0.856738075144017,-0.648644433275367,0.102976895192522,0.0687641578659885,0.0279046462856228,1.93143551245608,0.756460754841672,0.475078475787259,1.36456120384936,0
"457","DTXSID3044885",-1.57456466841662,2.75217034837973,-1.1722821546225,-1.18195253463315,-1.36724910973408,-1.04840132406419,-3.30384559841861,-3.96649018332524,-3.5354305245713,-3.25203461431036,0.965857921775288,1.33791066238144,1.59074666633276,-0.825751503889498,2.20497582308538,-0.490563539433066,-1.43379202943623,-1.40308578824855,-0.593899024179223,2.15175522285218,-0.0139992891207475,-0.712382893105428,-0.872717833411001,-1.37169680710472,-1.46342764737006,-2.64268764002883,-2.04410598427537,-1.97835198689235,-1.53050470854972,-1.23676040947704,0.282355818836797,0.0139992891207475,3.96649018332524,1.66731314804749,0.95420025161996,2.88868947012104,0
"458","DTXSID3044889",1.17378062793015,0.182948926007458,0.0423867426359305,-1.26587668742839,-1.36724910973408,-0.649594894809321,-0.759131446562097,-0.117672821213178,-1.15782259706611,-0.914800468964074,-0.18393860644904,-0.831535822503103,-0.243669613834603,-0.315002440992493,-0.0879030351368266,-0.490563539433066,-0.526592708992943,0.108632142865929,-0.593899024179223,-1.20904256940198,-0.549463598442481,-0.712382893105428,0.39353841753585,-0.0278622271208625,-0.891445825715549,-0.859277461508492,-0.31629132886483,0.412092375854049,-0.91489101688714,-0.0793957221970522,0.0676951575436562,0.0278622271208625,1.36724910973408,0.579289489779058,0.409128800546655,1.10297435447878,0
"459","DTXSID3047134",-0.0309734745780217,0.92904601353477,-0.246820137663695,-0.930180076247447,-1.36724910973408,-0.734956258690418,-1.59189004301725,-2.07227281232583,-1.31560659989045,-1.07760368002533,0.0977176745061356,-0.463851331147477,0.175764249726791,-0.387995422632508,0.544957224407378,-0.490563539433066,-0.753392539103765,-0.219177616681138,-0.593899024179223,-1.20904256940198,0.969470159000169,-0.712382893105428,0.0372734777476702,-0.479791240450654,-1.06921694542214,-1.7977470214093,-1.52268540932465,-1.48755252745536,-0.449497920639709,-0.27618668754264,0.275848775984003,0.0309734745780217,2.07227281232583,0.801158789300816,0.554053396267139,1.51034713652275,0
"460","DTXSID3047186",0.786538237838241,-0.412725361615154,-0.18897876160377,-1.11481321239696,-0.352984729893449,-0.323661465396127,-0.568210313193731,-0.864267182428679,-1.16323246996601,0.181100727638108,-0.207973714445261,-0.436009868905908,-0.221357777608731,-0.345515054083877,-0.160531618916395,-0.490563539433066,-0.299792878882121,-0.366250774700706,-0.593899024179223,1.21783248590376,0.239215023684208,-0.712382893105428,0.231842094000237,-0.479260771814909,-0.171278150991749,-0.429223724527271,-0.956111955681358,-0.916474845125151,-0.540491758005871,0.22027210424009,0.0863062115707061,0.160531618916395,1.21783248590376,0.506426417340185,0.318564504512225,0.914188983115833,0
"461","DTXSID3047554",0.512241544856468,-0.226201089733326,0.354730173359526,-0.242002023326521,-0.352984729893449,-0.419702034391886,-0.506641188155117,-1.17996244332334,-0.590908215654335,-0.289354318679506,-0.39290939554482,-0.82040589113621,-0.361786319444178,-0.279409632571505,-0.192852514885556,-0.490563539433066,0.153806781339523,0.0727851761847036,-0.593899024179223,-1.20904256940198,0.411456043182699,-0.712382893105428,0.244373140097978,0.0856514248636215,-0.169721031695049,-0.640336565832615,-0.6896031468552,-0.69702483659614,0.0908354502281737,0.72530396778045,0.0253533310193201,0.0727851761847036,1.20904256940198,0.456962570191053,0.290792427466025,0.829176877347565,0
"462","DTXSID3051599",-0.563431760954403,-0.24425182572189,-0.674846320507141,-0.896610415129353,-1.36724910973408,-1.04840132406419,1.05222979875877,1.41580349163345,1.5505690315393,-3.25203461431036,8.85316381710897,6.2990819365917,9.68046920015254,-0.198295281912757,0.816922402408516,-0.490563539433066,-1.43379202943623,-0.218123995237256,-0.593899024179223,-1.20904256940198,-0.549463598442481,-0.712382893105428,0.180112930985677,0.79466596566395,3.49002835531577,-0.14688374267337,-0.490159494744129,-0.0478731513410531,-1.16144662639432,-0.264885820225765,0.246365547941278,0.0478731513410531,9.68046920015254,1.65655613557024,2.42360353948762,4.75876866611439,1
"463","DTXSID3052018",1.49110425314436,-0.90611214530257,1.23391908947039,0.865796793570579,-1.36724910973408,-0.568758359397307,-1.43863314942703,-1.10557192152829,-1.50542609184202,-0.583676474830003,-0.158054643991571,-0.683555761201583,0.0223813269988012,-0.284245112749564,0.0808985159224199,-0.490563539433066,-0.753392539103765,0.148726967947603,-0.593899024179223,-1.20904256940198,1.65228631344266,-0.712382893105428,-3.0624183260662,0.0191463446735622,-0.714712785540087,-1.58700112015258,-1.26089222244738,-1.27335816892615,-0.545150642479019,0.473957091249947,0.0257896994916012,0.0191463446735622,3.0624183260662,0.893077109908641,0.645529544824695,1.71935492728425,0
"464","DTXSID3052143",0.264836684519968,0.59811585374443,0.192774320391736,-0.695192448420789,-1.36724910973408,-1.03093634824716,-1.18478287642776,-0.94267635374811,-2.00461368661583,-2.59576767593871,0.117772535617893,-0.505471386542527,-0.407222913127019,-0.389579390585021,0.0207000996275984,-0.490563539433066,-1.43379202943623,-0.356663296313161,-0.593899024179223,0.224304303585886,1.68907469469421,-0.712382893105428,-0.223341058868989,-0.142497328873843,-1.46342764737006,-2.94826715829526,-1.07653970037752,-0.972350218915179,-1.5732903822827,-0.141745334979813,0.245497068953255,0.0207000996275984,2.94826715829526,0.878661009799973,0.743856531779192,1.83079737047734,0
"465","DTXSID3059349",3.65858596435327,-1.41153275298236,1.54626252019398,4.10526909146664,-1.36724910973408,-0.480890531001888,2.17288002263916,0.587031534157457,0.428112601174328,-0.78893501167076,-0.200568571040368,-2.64371260056494,-1.22484042860418,12.7316241858259,1.5615535074317,-0.490563539433066,-1.43379202943623,2.56365115491502,-0.593899024179223,-1.20904256940198,-0.549463598442481,-0.712382893105428,-1.10440527457853,2.34595363185718,-1.46342764737006,-1.31167377033895,2.36280556599825,2.95830206560449,-0.0753654720415765,1.83707550071305,0.016894194168216,0.0753654720415765,12.7316241858259,1.86402840567522,2.28345900655578,4.78685593406661,1
"466","DTXSID3059391",-0.961430884104426,1.68116001305827,-1.13757732898654,-0.644837956743648,-1.36724910973408,-0.901066580155338,-2.15002847966049,-2.50558365326895,-1.93454756990826,-2.05812973854713,0.53118119655609,0.399827676147413,1.27011282607807,-0.61039047540935,2.19818627551777,-0.490563539433066,-1.43379202943623,-1.01944839472926,-0.593899024179223,-1.20904256940198,0.618146076050743,-0.712382893105428,-0.360086850185539,-1.13880689125969,-1.46342764737006,-1.8456123121958,-1.76245287413839,-1.63907599118404,-0.744317953706074,-0.900851870609921,0.5752918098696,0.360086850185539,2.50558365326895,1.20944055602871,0.603746161433433,1.9822356426635,0
"467","DTXSID3060372",-0.33754036673412,0.935062925530958,-0.640141494871186,-0.863040754011259,-0.352984729893449,-0.618792334251196,0.487550054678883,-0.0384714385452313,0.00160578767445831,-0.938677476450632,-0.76399922633921,-1.27083944432449,-0.921285065107179,-0.277217393976818,-0.931722014983559,-0.490563539433066,0.153806781339523,-0.72224133223324,-0.593899024179223,-1.20904256940198,-0.549463598442481,-0.712382893105428,0.118205343662749,-0.673472437361732,0.481673874091164,-0.105419517179446,-0.88917096273164,-0.820202481226648,-0.971616845412569,-0.200977467123435,0.21773203000569,0.00160578767445831,1.27083944432449,0.602368972476565,0.344713277417834,1.04360196757139,0
"468","DTXSID3060661",0.29172851716524,0.411591581862602,0.134932944331811,0.160833910090606,-1.36724910973408,-1.03093634824716,-1.86891494506722,-2.2410462127814,-1.89905808250844,-2.59576767593871,0.347717319634811,-0.198647187180193,0.52820368453612,0.0680046327945709,1.3524253793036,-0.490563539433066,-1.43379202943623,-0.251634878174127,-0.593899024179223,-1.20904256940198,2.45462706285687,-0.712382893105428,-2.70582625806986,-0.432507113089041,-1.46342764737006,-3.22803855980883,-1.5285524042817,-1.20256114855132,-1.21603000661226,-0.26761361578501,0.240998812263839,0.0680046327945709,3.22803855980883,1.12291854271105,0.883670123825416,2.25401630120758,0
"469","DTXSID3061001",0.404674214275381,0.0445599500951338,0.505117751115331,0.00977043505918363,-1.36724910973408,-1.03093634824716,-2.15248135971378,-2.30859732937163,-2.45838411992666,-2.59576767593871,0.194649503212969,-0.34054942164391,0.273833501958741,-0.398240434722284,0.755950834379293,-0.490563539433066,-1.20699219932541,-0.379933550917639,-0.593899024179223,-1.20904256940198,1.88987381068986,-0.712382893105428,-3.0624183260662,-0.348343362458694,-1.11748764361985,-2.53990365529906,-1.70904209526377,-1.58738320201113,-1.21603000661226,0.0893379173962932,0.255750750370225,0.00977043505918363,3.0624183260662,1.0997798595058,0.883439235586592,2.23058208105664,0
"470","DTXSID3061188",1.37815855603422,-0.69552022543599,2.08997145515728,1.72182315208197,-0.352984729893449,-0.710392178936889,-0.482146877515695,-1.45687574997614,-1.16226139221212,-0.917340997480415,-0.460372484452608,-1.14315046248084,-0.83340489918774,-0.219527916972844,-0.640709134841837,-0.490563539433066,-0.299792878882121,0.37791585334015,-0.593899024179223,-1.20904256940198,2.46361390212237,-0.712382893105428,-3.0624183260662,0.482407395409315,-0.678380001950417,-1.66042990099285,-0.49256898985745,-0.475680617250407,-0.928580474372553,1.45401506717896,0.0222954932439454,0.219527916972844,3.0624183260662,0.988211054873418,0.679905308213286,1.85848984938642,0
"471","DTXSID3061974",1.90523847588155,-2.74127030413991,2.10153973036926,2.35964671332576,-1.36724910973408,-0.702097823268276,-1.72757171073357,-2.32648573649727,-1.74833696174594,-1.00189631196528,0.194649503212969,-0.544719861856806,-0.113356528136424,-0.39824043472228,0.662193567926948,-0.490563539433066,-1.43379202943623,1.87653741293271,-0.593899024179223,-1.20904256940198,2.3980691042591,-0.712382893105428,-3.0624183260662,2.07242458496872,-1.46342764737006,-3.35862844600061,1.14630883161485,1.70317425625584,1.10463649189573,2.76023945497779,0.0281024573761736,0.113356528136424,3.35862844600061,1.50933457951379,0.882598250381382,2.63906034000196,0
"472","DTXSID3061976",-1.08513331427268,1.32616220528318,-0.744255971779051,-0.695192448420789,-1.36724910973408,-1.04840132406419,-1.77734192240083,-2.08553497432156,-2.03520891734751,-3.25203461431036,0.615453602710727,0.673880874427675,1.30522964998058,-0.57307826322699,2.05242913491999,-0.490563539433066,-1.43379202943623,-1.13014539158674,-0.593899024179223,-1.20904256940198,-0.549463598442481,-0.712382893105428,-0.365269810984668,-1.01673977889607,-1.46342764737006,-1.53974739611378,-1.68269138049796,-1.49001174823768,-1.21603000661226,-0.231762588434923,0.684244117291149,0.231762588434923,3.25203461431036,1.19205185766442,0.645331280411629,2.01807589659131,0
"473","DTXSID3062318",2.0988596709275,-2.0433085125821,2.1478128312172,1.0504299297201,-1.36724910973408,-0.58017678566679,-1.83965207799989,-2.34115405202686,-1.5016663123574,-0.846016564402247,0.288878377349041,-0.294125617080172,0.24017537686783,-0.456364050646812,1.12442919325047,-0.490563539433066,-1.43379202943623,1.21232205916293,-0.593899024179223,-1.20904256940198,0.758490839026233,-0.712382893105428,0.232123896739184,0.929956162156029,-1.46342764737006,-2.45257192372779,0.326095587074338,0.487378392187842,1.89171998900496,1.50701223804431,0.015877668163872,0.232123896739184,2.45257192372779,1.1307025750626,0.68523599713827,2.00780465139959,0
"474","DTXSID3062528",0.0819722225321198,0.291253341938842,0.100228118695856,0.714733318539156,-1.36724910973408,-0.558409388391118,-2.29270068978751,-2.44986008564673,-1.84847086762714,-0.73888447111577,0.494539749034346,0.155280826039819,0.971133616170514,-0.556963174789319,2.04244751255445,-0.490563539433066,-1.43379202943623,-0.173685961398221,-0.593899024179223,-1.20904256940198,0.461968985831905,-0.712382893105428,-1.55862009130653,-0.155699906321339,-1.46342764737006,-2.48983672422085,-0.967767982908776,-0.684320655925241,0.56599330436666,-0.167854235332594,0.351676143298722,0.0819722225321198,2.48983672422085,0.926432734771162,0.728006041891654,1.85828046839248,0
"475","DTXSID30629980",-0.133162438630055,1.1637055813861,-1.05659940250265,-1.33301600966457,-1.36724910973408,-0.580325366870089,-0.694124388428309,-1.78586304447411,-1.72627668626812,-1.12111863215044,0.523180190376872,-0.0266499533418943,0.214290001978223,4.54241131371596,1.31331245530215,0.757361253861575,-1.43379202943623,-0.794421552415944,-0.593899024179223,0.77207072567445,0.731981990449806,-0.712382893105428,-1.42863490744625,-0.414176334125802,-1.46342764737006,-1.93135397022305,-1.02890169423392,-0.814991274272874,-0.580529046446983,-0.946055339877422,0.522171900134029,0.0266499533418943,4.54241131371596,1.06617547526475,0.81469143810318,2.10898051603683,0
"476","DTXSID3066681",0.254079951461859,0.381507021881662,0.320025347723571,-0.812686262334118,-1.36724910973408,-0.716105236244359,-1.66832213125464,-1.670508436106,-1.99305076148965,-1.4924911910447,0.270640530742061,-0.282808596480448,-0.0868541670198086,-0.445036719084981,0.515038589312613,-0.490563539433066,-1.43379202943623,-0.170682425155479,-0.593899024179223,0.325641509620742,1.58356839374637,-0.712382893105428,-0.263907026823759,-0.0342890934033371,-1.46342764737006,-2.96824500538673,-0.954510517957831,-0.879865276641475,-1.22544786877966,0.0908966577158622,0.281924153157659,0.0342890934033371,2.96824500538673,0.848917432022326,0.698538978048506,1.74304732392441,0
"477","DTXSID3073266",1.99667070687547,-2.66305044818947,1.9164473269775,2.77926747730193,-1.36724910973408,-0.71473073726773,-1.99024313010315,-2.40826547472735,-1.81568452173191,-1.04976079126952,0.276527251671165,-0.418505407907012,0.0927010361510408,-0.430632078564367,0.943465367283981,-0.490563539433066,-1.43379202943623,1.99381835193499,-0.593899024179223,-1.20904256940198,2.38881003391041,-0.712382893105428,-3.0624183260662,2.14626208549667,-1.46342764737006,-3.35862844600061,0.909643240121373,1.76984025587248,1.89171998900496,2.89273238214116,0.0284320877039991,0.0927010361510408,3.35862844600061,1.57267272264102,0.905260894699542,2.73140666785643,0
"478","DTXSID3073395",0.0335669237706306,1.02531660547378,-0.21211531202774,-1.01410422904268,-1.36724910973408,-0.777216760247945,-1.90417451668793,-2.09415706932101,-1.74621600038444,-1.24659398863061,0.288878377349041,-0.325969646889117,0.311248072218842,-0.456364050646816,0.966861097088655,-0.490563539433066,-1.20699219932541,-0.145896099876095,-0.593899024179223,-1.20904256940198,1.10403035673158,-0.712382893105428,0.0912459119091411,-0.459917963220367,-1.46342764737006,-2.36813494142895,-1.36695406513021,-1.26076151539168,-0.786377327421989,-0.380232603873871,0.317725479132163,0.0335669237706306,2.36813494142895,0.913663013910412,0.617290244735522,1.70379452717188,0
"479","DTXSID3074575",-1.38094347337067,1.89776884492104,-1.02189457686669,-1.4505098235779,-1.36724910973408,-1.03093634824716,-1.92519023374347,-1.26981801499106,-1.8673648857716,-2.59576767593872,0.821808486412918,1.29223072924895,2.03898473822988,-0.626360977675446,3.60000374388209,-0.490563539433066,-1.43379202943623,-1.41591517877112,1.67077944880796,-1.20904256940198,1.39090040244783,1.24342505782556,0.113008990200057,-0.771441887777386,-1.46342764737006,-1.36965029802071,-1.3400280309826,-1.01096454054726,-1.3412375268281,-1.29209569082174,0.769534227355616,0.113008990200057,3.60000374388209,1.39143681670944,0.639283585928468,2.20971980669788,0
"480","DTXSID3075040",-1.22497084402809,0.315320989923594,-0.778960797415006,-0.728762109538883,-1.36724910973408,-1.04840132406419,-2.44401955668683,-2.25246068332605,-4.30119597170827,-3.25203461431036,0.713771409891137,2.02410037010486,3.34943895420047,-0.572270242170855,2.43064591401979,-0.490563539433066,-1.43379202943623,-1.147122522635,-0.593899024179223,-1.20904256940198,-0.549463598442481,-0.712382893105428,-3.0624183260662,-1.43816803291117,-1.46342764737006,-1.43851271381151,-2.04791980598537,-1.99918280942119,-1.53050470854972,-1.21961426596178,0.389041857287712,0.315320989923594,4.30119597170827,1.5713205792611,0.977910471454312,2.82304598272261,0
"481","DTXSID30784927",0.372404015101055,0.592098941748242,0.586095677599227,-1.28266151798743,-0.352984729893449,-0.97374375035585,-0.787286548260048,-0.492618347021577,-1.36039370655966,-2.06592210721282,-0.261340092290039,-0.636457590824432,-0.468346671294232,-0.286622692756286,-0.52635155410016,-0.490563539433066,-0.299792878882121,0.0565803830274371,-0.593899024179223,0.952662633066134,-0.549463598442481,-0.712382893105428,-0.329826126863494,-0.132327606646679,-0.42534811623665,-0.99932624673133,-0.980846712707329,-0.867633909867777,-1.22544786877966,0.288856678301127,0.0466402180576717,0.0565803830274371,2.06592210721282,0.665009538642481,0.428552179863016,1.21355632886714,0
"482","DTXSID30858738",1.22218592669164,-0.653401841462674,1.70821837316177,1.35255687978294,-1.36724910973408,-1.03093634824716,-1.72757171073357,-2.12773039650432,-2.3311691213661,-2.59576767593872,0.194649503212969,-0.544719861856811,-0.0914325087817947,-0.398240434722285,0.544996984861521,-0.490563539433066,-1.43379202943623,-0.0519712307995121,-0.593899024179223,-1.20904256940198,2.60382622311884,-0.712382893105428,-3.0624183260662,0.0190435172641195,-1.46342764737006,-3.35862844600061,-1.23921925426052,-1.10351872634066,-1.39423233771015,0.519160560517448,0.069983596599445,0.0190435172641195,3.35862844600061,1.23819843340208,0.895535554217567,2.38448394280057,0
"483","DTXSID30858753",1.2275642932207,-0.557131249523666,1.6850818227378,1.41969620201913,-1.36724910973408,-1.03093634824716,-1.72757171073357,-2.04028003686536,-2.23646256387117,-2.59576767593871,0.194649503212969,-0.544719861856811,-0.0914325087817947,-0.398240434722285,0.544996984861521,-0.490563539433066,-1.43379202943623,-0.0519712307995121,-0.593899024179223,-1.20904256940198,2.60630522455088,-0.712382893105428,-3.0624183260662,0.0191130697984273,-1.46342764737006,-3.35862844600061,-1.23921925426052,-1.00002698916621,-1.39423233771015,0.519160560517448,0.067418298728732,0.0191130697984273,3.35862844600061,1.22719878160409,0.891985085818796,2.36893969145215,0
"484","DTXSID30861722",-1.77356422999163,2.5175107805284,-0.813665623050961,-1.36658567078267,-1.36724910973408,-0.67047057415092,-2.27425011031442,-2.23823738088977,-1.82086971558347,-1.35863540546212,0.701272089033168,0.828434967934264,0.938688152774323,-0.686040511051348,1.78916069368709,-0.490563539433066,-1.43379202943623,-1.51464570583609,-0.593899024179223,1.32379709125049,-0.535184550193901,-0.712382893105428,-0.548521626525959,-1.228656437887,-1.46342764737006,-2.02700300956302,-1.22507884551037,-1.24274447941848,-0.786377327421989,-1.39341381159373,0.76028604471211,0.490563539433066,2.5175107805284,1.25547076778979,0.565555241879688,1.97938147739579,0
"485","DTXSID30861888",-0.0686220402814022,0.279219517946466,0.00768191699997543,2.17501357717624,-1.36724910973408,-1.04840132406419,3.02591833303588,1.8364127170395,-4.30119597170827,-3.25203461431036,3.53372757471903,2.27803733898075,3.94718703414587,1.67122591419412,-0.616600189264026,-0.490563539433066,-1.43379202943623,-0.152518182163663,-0.593899024179223,-1.20904256940198,-0.549463598442481,-0.712382893105428,0.502361497371362,-0.827821505997505,-1.46342764737006,-1.9151270658508,-0.250847786208791,0.027786148258657,-1.56932874582594,-0.0556249323236248,0.160144237213598,0.00768191699997543,4.30119597170827,1.37208381129897,1.22556711235752,2.94080971511659,0
"486","DTXSID30862335",-0.703269290709817,1.97598870087148,-1.02189457686669,-1.41694016245981,-1.36724910973408,-0.339972391727367,-1.37750264636394,-2.09414034370668,-1.31391268727036,-0.247531245321418,0.30746821441963,0.0173908591271185,0.627476544455959,-0.515168043931423,1.439929778636,-0.490563539433066,-1.43379202943623,-0.943597185805431,-0.593899024179223,-1.20904256940198,0.362808928550102,-0.712382893105428,-0.0762564046009739,-0.953505987077663,-1.46342764737006,-1.73981126484405,-1.35217014580161,-1.30667444109839,-1.00638020532062,-0.975671405949234,0.657501293430934,0.0173908591271185,2.09414034370668,0.979527275585861,0.550054643229163,1.68359721891919,0
"487","DTXSID30862875",1.53950955190585,-1.3934820169938,1.95115215261346,1.68825349096388,-1.36724910973408,-0.790528221264456,-2.24353342735241,-2.41319527441289,-1.94812797647518,-1.33694766709499,0.352758258856383,-0.296798613026862,0.305022605968418,-0.46279794113403,1.13097990018867,-0.490563539433066,-1.43379202943623,0.319990511515853,-0.593899024179223,-1.20904256940198,2.34398639954775,-0.712382893105428,-3.0624183260662,0.302082859961869,-1.46342764737006,-3.35862844600061,-1.01716287017584,-0.894087434346323,-0.449497920639709,0.897155088012933,0.0665378882697588,0.296798613026862,3.35862844600061,1.25894845890595,0.832548552450858,2.32461060604305,0
"488","DTXSID30863125",1.54488791843491,-1.32127907303954,1.7660597492217,1.40291137146008,-1.36724910973408,-0.790528221264456,-2.24353342735241,-2.4970018690669,-2.11986425443941,-1.33694766709499,0.352758258856383,-0.296798613026862,0.305022605968418,-0.46279794113403,1.13097990018867,-0.490563539433066,-1.43379202943623,0.319990511515853,-0.593899024179223,-1.20904256940198,2.3617947363657,-0.712382893105428,-3.0624183260662,0.303233195138448,-1.46342764737006,-3.35862844600061,-1.01716287017584,-0.894087434346323,-0.449497920639709,0.897155088012933,0.0663947612833629,0.296798613026862,3.35862844600061,1.25018987371568,0.834708414617264,2.31861664442578,0
"489","DTXSID30863443",1.25983449239502,-0.533063601538914,1.62724044667788,1.25184789642866,-1.36724910973408,-0.565526183429223,-1.45990065103868,-2.03815528263053,-1.30793280348663,-0.708890441016549,0.19745594306063,-0.40188743033118,-0.16015188207649,-0.423633000214143,0.478584151240998,-0.490563539433066,-1.20699219932541,0.61671605470947,-0.593899024179223,0.449012959113811,0.702432124740275,-0.712382893105428,0.293767264888252,0.327850255254797,-1.46342764737006,-2.39785708536708,0.432573075560461,0.972460053578263,0.558733962216673,0.934175170602697,0.0163026405860492,0.16015188207649,2.39785708536708,0.864473220824819,0.557866771835551,1.57854268877432,0
"490","DTXSID30865023",0.146512620880772,0.676335709694874,0.632368778447167,-0.779116601216024,-1.36724910973408,-0.691836953286169,-1.92708012068974,-2.33718270715968,-1.7359010651305,-1.14337794018811,0.27878242654875,-0.115455168883231,0.106950733412689,-0.450088961013985,0.667355518550484,-0.490563539433066,-1.20699219932541,-0.243963941960522,-0.593899024179223,0.96382516932031,1.33209848847972,-0.712382893105428,-0.447545316370744,-0.144980423044133,-1.16887258041095,-2.38264945890765,-1.05135792082864,-1.07970158488489,-0.191075422519809,0.0694639783217882,0.323470245811953,0.0694639783217882,2.38264945890765,0.837832211864284,0.641113914379963,1.65845802227064,0
"491","DTXSID30867183",0.818808437012567,0.14684745403033,0.227479146027691,-0.779116601216024,-0.352984729893449,-0.465648889138449,-0.799529826876955,-1.03561795234195,-1.05175408959219,-0.535759727840699,-0.218355707327405,-0.69851893531263,-0.189396870747702,-0.310541796424581,0.058035598616949,-0.490563539433066,-0.299792878882121,0.134243248732606,-0.593899024179223,-1.20904256940198,0.434402489907564,-0.712382893105428,0.19384036558513,0.106862685702867,-0.551993819034925,-0.835059418299652,-0.585403769633882,-0.457560185099354,-0.337068859091778,0.652432857840599,0.0368283803010232,0.058035598616949,1.20904256940198,0.509431478877658,0.304249142156854,0.898870380838431,0
"492","DTXSID30868190",1.19529409404637,0.104729070057014,0.840597732262897,1.21827823531057,-1.36724910973408,-0.675827594900532,-1.76443849464961,-1.30504870103544,-1.16695415978103,-1.17122308720368,0.130951444348477,-0.337981249067697,0.343999374878155,-0.390772463421563,0.83274238821287,-0.490563539433066,-0.980192369214586,0.29785969367648,-0.593899024179223,-1.20904256940198,1.05128024176961,-0.712382893105428,-1.43864560458713,0.400023687916134,-1.00978689226476,-1.93975282022477,-1.15268694548285,-1.14202026074225,-0.363454148026266,0.12168177902735,0.0986848841211442,0.104729070057014,1.93975282022477,0.858311988932063,0.491676009748223,1.48765728140979,0
"493","DTXSID30868211",1.17915899445921,-1.11068715317296,1.3033287407423,2.07430459382196,-1.36724910973408,-0.976467207398293,-2.24353342735241,-1.85265970916423,-2.26898544163696,-2.09115284858072,0.352758258856383,-0.296798613026862,0.342606639147738,-0.46279794113403,1.13097990018867,-0.490563539433066,-1.43379202943623,0.251290579360452,-0.593899024179223,-1.20904256940198,2.2707971707379,-0.712382893105428,-3.0624183260662,0.304900509455014,-1.46342764737006,-3.35862844600061,-1.12622707542349,-1.07331251903602,-1.20563414869697,0.88780264609552,0.0634595120052182,0.251290579360452,3.35862844600061,1.28325292340717,0.814733977371229,2.32611241444234,0
"494","DTXSID30870713",-0.33754036673412,1.34421294127174,-0.536027017963321,-1.43372499301886,-1.36724910973408,-0.922350864341351,-2.2758408890588,-2.2570736400234,-2.34019265909989,-1.72290760030077,0.483852660173841,0.110108146573885,0.412936213171517,-0.541485330574743,1.13916799214182,-0.490563539433066,-1.43379202943623,-0.473944235315443,-0.593899024179223,0.739552441934786,1.42134254003334,-0.712382893105428,-0.415853901264538,-0.488989223116889,-1.46342764737006,-2.87830392235861,-1.29826601744427,-1.2684794254711,-1.239324428978,-0.312037714892727,0.440996641418536,0.110108146573885,2.87830392235861,1.08182764695053,0.702562603438801,1.98110777935219,0
"495","DTXSID30870798",1.52875281884774,-1.28517760106241,1.70821837316177,2.4100012050029,-1.36724910973408,-0.907669796538326,-2.24353342735241,-2.14254349134266,-1.90336959432273,-1.72279118585161,0.352758258856383,-0.296798613026862,0.31755061702819,-0.46279794113403,1.13097990018867,-0.490563539433066,-1.43379202943623,0.251290579360452,-0.593899024179223,-1.20904256940198,2.31556793660064,-0.712382893105428,-3.0624183260662,0.299784631848067,-1.46342764737006,-3.35862844600061,-1.10162880925519,-0.89693849530693,-0.786377327421989,0.873384298139506,0.0698121629583306,0.251290579360452,3.35862844600061,1.28764394954588,0.830905042027835,2.35120240334151,0
"496","DTXSID30870854",0.716619472960534,-1.11670406516915,1.74292319879773,2.09108942438101,-1.36724910973408,-1.03093634824716,-2.24353342735241,-1.41439473678598,-2.08240312293256,-2.59576767593872,0.352758258856383,-0.296798613026862,0.355134650207514,-0.46279794113403,1.13097990018867,-0.490563539433066,-1.43379202943623,0.18259064720505,-0.593899024179223,-1.20904256940198,-0.549463598442481,-0.712382893105428,-3.0624183260662,0.308732119200653,-1.46342764737006,-3.35862844600061,-0.964790454586584,-0.899140736533799,-1.3412375268281,0.864031856222092,0.0611336241093842,0.18259064720505,3.35862844600061,1.21447437865748,0.828983638151527,2.27557343549143,0
"497","DTXSID30871008",1.52875281884774,-1.20695774511197,1.49998941934604,2.61141917171146,-1.36724910973408,-0.836772353730508,-2.24353342735241,-2.14254349134266,-1.97184045696211,-1.44257177746459,0.352758258856383,-0.296798613026862,0.31755061702819,-0.46279794113403,1.13097990018867,-0.490563539433066,-1.43379202943623,0.251290579360452,-0.593899024179223,-1.20904256940198,2.32984698484922,-0.712382893105428,-3.0624183260662,0.300944400672964,-1.46342764737006,-3.35862844600061,-1.10162880925519,-1.02915070224178,-0.786377327421989,0.873384298139506,0.0691664085542697,0.251290579360452,3.35862844600061,1.28030975595905,0.836896654356332,2.35153747353516,0
"498","DTXSID30871023",0.791916604367295,-0.533063601538914,1.17607771341046,1.70503832152293,-1.36724910973408,-0.996274167706971,-2.04163536432764,-1.71220456463844,-1.55540746737355,-2.27464914943817,0.194649503212969,-0.393811275612495,0.271205038291547,-0.398240434722285,0.755950834379297,-0.490563539433066,-1.43379202943623,-0.00797180860227415,-0.593899024179223,-1.20904256940198,1.87926368456071,-0.712382893105428,-3.0624183260662,-0.0946781046160261,-1.19716024763434,-2.61235392934301,-1.48764399958455,-1.49925374994157,-1.02275909604653,0.292753529100049,0.0619833741328255,0.00797180860227415,3.0624183260662,1.12544365604427,0.768839215943567,2.10955785245204,0
"499","DTXSID30871083",0.759646405192969,-0.701537137432178,1.23391908947039,1.06721476027914,-1.36724910973408,-1.03093634824716,-1.72757171073357,-1.87941982384012,-2.65690835812911,-2.59576767593871,0.194649503212969,-0.544719861856811,-0.0632444838973025,-0.398240434722285,0.544996984861521,-0.490563539433066,-1.43379202943623,-0.0519712307995121,-0.593899024179223,-1.20904256940198,2.52945618015749,-0.712382893105428,-3.0624183260662,0.0145283438989949,-1.46342764737006,-3.35862844600061,-1.33796853888481,-1.29907340468401,-1.59602027145335,0.533578908473461,0.0644191032118559,0.0145283438989949,3.35862844600061,1.21509243469642,0.902241731673043,2.36996185123792,0
"500","DTXSID30871245",1.53950955190585,-1.40551584098617,1.92801560218949,1.43648103257818,-1.36724910973408,-0.841059877262273,-2.19360164832478,-2.08880931702978,-1.73017386622937,-1.52840558431196,0.337935563014814,-0.320790991945888,0.273833501958745,-0.4563918125681,1.09347699360774,-0.490563539433066,-1.43379202943623,0.437271450518134,-0.593899024179223,-1.20904256940198,2.31671738379525,-0.712382893105428,-3.0624183260662,0.503761679699928,-1.46342764737006,-3.35862844600061,-0.927167288758729,-0.79354029641966,-0.545150642479019,1.0951151085982,0.0507312603763445,0.273833501958745,3.35862844600061,1.24947095396363,0.794053544719657,2.26585949120479,0
"501","DTXSID30871301",0.162647720467935,0.95913057351571,-0.177410486391785,-0.963749737365541,-1.36724910973408,-0.972661482599367,-1.90417451668793,-1.5656740872284,-1.54657673730562,-2.17689679718516,0.288878377349041,-0.325969646889111,0.326281685490567,-0.456364050646816,0.966861097088655,-0.490563539433066,-1.20699219932541,-0.214596032031496,-0.593899024179223,-1.20904256940198,1.80221632005275,-0.712382893105428,0.0456438924749454,-0.412458502727035,-1.46342764737006,-2.3574529089025,-1.43992811238197,-1.29319969826629,-1.02734518544979,-0.280862908501347,0.29295099250204,0.0456438924749454,2.3574529089025,0.957017917984966,0.642137155350382,1.77895347683345,0
"502","DTXSID30871407",1.36202345644706,-1.36339745701286,1.46528459371009,1.99038044102673,-1.36724910973408,-0.909583851674251,-2.19360164832478,-1.84822995430069,-1.71336738176333,-1.87502023939239,0.337935563014814,-0.320790991945888,0.285108711912541,-0.4563918125681,1.09347699360774,-0.490563539433066,-1.43379202943623,0.368571518362733,-0.593899024179223,-1.20904256940198,2.30257796909672,-0.712382893105428,-3.0624183260662,0.503380332554759,-1.46342764737006,-3.35862844600061,-0.908976961764152,-0.791239339491959,-0.807126261944272,1.07134431872477,0.0509662057163432,0.285108711912541,3.35862844600061,1.25530711277892,0.787586101408522,2.26341732258182,0
"503","DTXSID30872994",1.01780799858758,-0.671452577451238,1.74292319879773,1.43648103257818,-1.36724910973408,-0.790528221264456,-2.04163536432765,-2.49150546954636,-1.76014277143485,-1.33694766709499,0.194649503212969,-0.393811275612495,0.23899015270927,-0.398240434722285,0.755950834379297,-0.490563539433066,-0.980192369214586,0.0607281235531274,-0.593899024179223,-1.20904256940198,2.16682785067793,-0.712382893105428,-3.0624183260662,-0.00912523824053935,-1.19716024763434,-2.78294028083424,-1.41332264450559,-1.52441925504582,-0.22019345047698,0.539034499591953,0.0578663751120234,0.00912523824053935,3.0624183260662,1.12001886411381,0.81218521799077,2.159615943142,0
"504","DTXSID30873067",1.48572588661531,-1.22500848110053,1.89331077655353,2.96390061345145,-1.36724910973408,-0.819622202961053,-0.846661462847753,-0.821042206365815,-1.21346984553206,-1.46031099311846,-0.158054643991571,-0.968000042785999,-0.545672833092438,-0.284245112749564,-0.240162952611954,-0.490563539433066,-1.20699219932541,0.598551811717653,-0.593899024179223,-1.20904256940198,2.40986915107563,-0.712382893105428,-3.0624183260662,0.964558227373923,-1.26878773528254,-2.97578766194167,-0.811015044155153,-0.943265610205927,-1.26376277387062,1.32541899081452,0.044763003650592,0.158054643991571,3.0624183260662,1.20429175738202,0.773785997362325,2.19473783400579,0
"505","DTXSID30873082",2.5829126585424,-2.15762984050967,1.89331077655353,2.84640679953812,-1.36724910973408,-0.727338133867647,-2.0224069773729,-2.22973791260355,-1.6696855363198,-1.07433227710289,0.286352581486147,-0.403050576811121,0.126288238599341,-0.434669194340327,0.966904683897062,-0.490563539433066,-1.43379202943623,1.55315667746423,-0.593899024179223,-1.20904256940198,2.38191389220113,-0.712382893105428,-3.0624183260662,1.73203349079509,-1.46342764737006,-3.35862844600061,0.267518209934042,0.340918913627601,0.954991959107003,2.42549997135035,0.033352045242575,0.126288238599341,3.35862844600061,1.42561542955836,0.915687512830551,2.59769544598147,0
"506","DTXSID30873244",0.83494353659973,-2.8977100160408,1.62724044667788,2.22536806885338,-1.36724910973408,-0.715865010694247,-1.72757171073357,-2.12802612636373,-1.44746107690772,-1.02184130768074,0.194649503212969,-0.544719861856806,-0.107092522606536,-0.39824043472228,0.662193567926948,-0.490563539433066,-1.43379202943623,1.80783748077731,-0.593899024179223,-1.20904256940198,2.39672431996527,-0.712382893105428,-3.0624183260662,2.06713432460001,-1.46342764737006,-3.35862844600061,0.88431632948901,1.13500631617284,0.796608085787462,2.73646866510437,0.0290139715896343,0.107092522606536,3.35862844600061,1.40161407658335,0.883433682825083,2.53240919059946,0
"507","DTXSID30873269",2.22794046762481,-2.296018816422,0.551390851963272,1.11756925195628,-1.36724910973408,-0.535296591166841,-0.608952480739598,-2.16261953045565,-1.38471966278568,-0.738105358912595,0.074869058859759,-0.946271028370865,-0.129749903876154,2.11985292662538,1.0497086159743,-0.490563539433066,-1.43379202943623,3.58612163719401,-0.593899024179223,-1.20904256940198,2.40277770558765,-0.712382893105428,-2.61352965380465,3.45948246282795,-1.46342764737006,-3.39132688144419,2.72207990108435,4.18033752029906,3.12190909171841,4.24922614524609,0.0425987325615606,0.074869058859759,4.24922614524609,1.76467374525332,1.21663920041021,3.32197192177838,1
"508","DTXSID30875107",2.9002362837566,-2.10949454454017,2.00899352867338,1.8393169659953,-0.352984729893449,-0.611869087412351,-1.27610520869209,-1.79292486591398,-1.07988008152755,-0.627664340926794,-0.0919226163907183,-0.761650954583014,-0.300622075834221,-0.302461694740946,0.0996499692128812,-0.490563539433066,-0.299792878882121,1.61108201928853,-0.593899024179223,-1.20904256940198,2.27483075150111,-0.712382893105428,-3.0624183260662,1.77627288875517,-1.03080800277021,-1.96653944377395,0.402031082458141,0.338506219235841,0.796608085787462,2.91689285709448,0.0280943590025064,0.0919226163907183,3.0624183260662,1.18791491766088,0.889286776105468,2.32620199107588,0
"509","DTXSID30875203",3.19604644285459,-1.92898718465453,2.02056180388537,1.85610179655435,-0.352984729893449,-0.600751561816282,-1.30266206175335,-1.82868912017032,-1.11090824523259,-0.610344404023361,-0.0750654328846215,-0.748890302069707,-0.289309479448727,-0.307338219811666,0.134192120011119,-0.490563539433066,-0.299792878882121,1.79706289044621,-0.593899024179223,-1.20904256940198,2.30211690855827,-0.712382893105428,-3.0624183260662,1.97839955999339,-1.05624095128298,-2.00767750033576,0.603701570638455,0.593031576642586,1.03663571542952,3.13862366755317,0.0324222578410525,0.0750654328846215,3.19604644285459,1.24148074923375,0.916954383499833,2.41518236011353,0
"510","DTXSID30876614",1.65245524901599,-1.76051364876127,1.90487905176552,0.949720946365814,-1.36724910973408,-0.718218615545742,-1.95330496175431,-2.46448001304931,-1.6586227871562,-1.04364565207276,0.194649503212969,-0.43625431549371,0.131406946796606,-0.398240434722283,0.755950834379295,-0.490563539433066,-0.980192369214586,0.618670737026175,-0.593899024179223,-1.20904256940198,2.14438462437982,-0.712382893105428,-3.0624183260662,0.586552936900863,-1.26567349668914,-2.86811114323031,-0.854122859523332,-0.822106919592867,0.56599330436666,1.16330999757934,0.0504329407434773,0.131406946796606,3.0624183260662,1.17756722701716,0.765296066459239,2.15714619208499,0
"511","DTXSID30878754",-0.945295784517263,2.13844532476856,-0.709551146143096,-1.484079484696,-1.36724910973408,-0.950114631453662,-2.08668684865468,-2.5536652057609,-1.72732251688064,-2.17976938259684,0.341882119050586,0.22795658549564,0.482067685722309,-0.489495536180288,0.603252164786894,-0.490563539433066,-0.980192369214586,-0.987124623735953,-0.593899024179223,1.80371233890268,-0.175828502604649,-0.712382893105428,-0.716184381679173,-0.909133294570955,-0.892743425129466,-2.21927959503926,-1.70481404698842,-1.70509834401739,-0.744317953706074,-0.776932015204185,0.580971398744959,0.175828502604649,2.5536652057609,1.12330132913173,0.671052299626646,1.98224827265384,0
"512","DTXSID30880150",1.92675194199777,-2.93381148801793,0.771188080990987,1.45326586313722,-1.36724910973408,3.84613599408209,1.4560278913072,1.13004613400275,1.8100044888338,1.70094289871085,9.01477388019857,5.60649369015031,7.42631865342436,-0.150909548250373,0.798612806776419,-0.490563539433066,-1.43379202943623,1.26366822636026,-0.593899024179223,-1.20904256940198,-0.549463598442481,-0.712382893105428,0.778483746345563,3.17228618480159,0.658406914266626,2.02560520073243,2.12582229625189,2.54126797730912,-0.105405852662344,1.2961926098226,0.00800798642383555,0.105405852662344,9.01477388019857,2.01162717107218,2.05742349252358,4.64512924150237,1
"513","DTXSID30880630",-1.05286311509835,-0.027642993859122,0.481981200691361,-0.376280667798897,-1.36724910973408,-0.731296787158079,-0.818645366586255,-0.574374409791802,-0.947284132105868,-1.72953920378941,0.223552051011727,-0.138043086695438,-0.31181215944609,-0.453281413244954,-0.0443343190898356,-0.490563539433066,-1.20699219932541,-0.264941020481256,-0.593899024179223,-1.20904256940198,1.20685933613281,-0.712382893105428,0.494512404473916,-0.695655795025443,-1.46342764737006,-1.22621751012728,-0.82693830370493,-0.846265793544988,-0.997752641481459,-0.413745520744605,0.461609513956125,0.027642993859122,1.72953920378941,0.73091254048777,0.439802031559899,1.29385914088444,0
"514","DTXSID30880655",0.759646405192969,-0.21416726574095,1.14137288777451,0.681163657421062,-1.36724910973408,-1.03093634824716,-0.338444012144402,-1.53604364876761,-2.03179710955828,-2.59576767593871,-0.378494735994409,-1.21220014716823,-0.941544582906576,-0.234048309039984,-0.723971556083867,-0.490563539433066,-1.20699219932541,-0.0565528154491538,-0.593899024179223,-1.20904256940198,2.42970116253199,-0.712382893105428,-3.0624183260662,-0.0699785561402803,-1.1307231576418,-2.90492746144173,-1.1713684970401,-1.34990611685874,-1.63649110393953,0.195332259126986,0.0578564759879022,0.0565528154491538,3.0624183260662,1.11357090444648,0.819505743428176,2.16253825603455,0
"515","DTXSID30880731",1.64707688248694,-2.25390043244868,1.47685286892207,2.32607705220767,-1.36724910973408,-0.693698395954506,-1.96440659705041,-2.28600400870111,-1.77512722403759,-0.990539300393616,0.268603598594567,-0.4309199443611,0.0771064841461833,-0.427399771645393,0.924713913993521,-0.490563539433066,-1.43379202943623,2.29708016209496,-0.593899024179223,-1.20904256940198,2.38571541611575,-0.712382893105428,-3.0624183260662,2.55138223177354,-1.46342764737006,-3.35862844600061,1.11828826949927,1.68637587155525,1.97850884056907,3.31242321318512,0.0320737529491215,0.0771064841461833,3.35862844600061,1.55212013548211,0.907043304944477,2.71313556581104,0
"516","DTXSID30880751",2.64207469036199,-2.82550707208654,2.17094938164117,2.91354612177431,-1.36724910973408,-0.721749022822983,-2.0224069773729,-2.37408553024101,-1.76014277143484,-1.07635216866077,0.286352581486147,-0.403050576811121,0.119241232378218,-0.434669194340327,0.966904683897062,-0.490563539433066,-1.43379202943623,1.62185660961963,-0.593899024179223,-1.20904256940198,2.36037816411882,-0.712382893105428,-3.0624183260662,1.7352866414216,-1.46342764737006,-3.35862844600061,0.471662462402293,1.15843196501216,1.3696508759846,2.44927076122378,0.0264416651738555,0.119241232378218,3.35862844600061,1.51916576899397,0.92395081514371,2.70182281237792,0
"517","DTXSID30880756",1.6632119820741,-2.32008646440675,1.37273839201421,2.00716527158577,-1.36724910973408,-0.707299611385698,-1.9533049617543,-2.36291131762049,-1.70643271285191,-1.0216052152082,0.265190332653875,-0.436254315493715,0.0623693833199553,-0.426013840439273,0.916677576869021,-0.490563539433066,-1.43379202943623,2.55176096540804,-0.593899024179223,-1.20904256940198,2.36287552437203,-0.712382893105428,-3.0624183260662,2.75963786764036,-1.46342764737006,-3.35862844600061,1.57135585635596,2.69331159594349,2.67559442986376,3.55792481351724,0.0343242470420433,0.0623693833199553,3.55792481351724,1.6361708671835,0.972565881709787,2.88105519577203,0
"518","DTXSID30880791",1.40505038867949,-1.91093644866597,1.66194527231383,1.47005069369627,-1.36724910973408,-0.871561643229813,-1.3148023374385,-1.68567633083509,-1.81950548558386,-1.58785272745721,0.0597920351641736,-0.743056860920779,-0.391122846918161,-0.349759253436624,0.201443572789717,-0.490563539433066,-1.43379202943623,0.437271450518134,-0.593899024179223,-1.20904256940198,2.68008030716854,-0.712382893105428,-3.0624183260662,0.754807761040227,-1.46342764737006,-3.35862844600061,-0.509399891775198,-0.314540300105573,-1.16491169086522,1.22604929544199,0.0445558005665196,0.0597920351641736,3.35862844600061,1.20836733929237,0.81427574162416,2.2506402885713,0
"519","DTXSID30880832",-0.380567298966555,1.04938425345853,-0.443480816267441,0.110479418413465,-1.36724910973408,-0.608610972814183,-1.57046662179888,-2.32787540969149,-1.6000788209969,-1.01053299130135,0.0831779002001113,-0.451082615772313,0.110413988687493,-0.387021814638486,0.514816066362113,-0.490563539433066,-0.980192369214586,-0.405158487838821,-0.593899024179223,-1.20904256940198,1.67152336455533,-0.712382893105428,-0.261825014278942,-0.544617387058192,-0.995513298711673,-1.84801780807008,-1.56434904203406,-1.55710793977411,-0.22019345047698,-0.264496135145872,0.408471725184008,0.0831779002001113,2.32787540969149,0.844470680746057,0.605951424693714,1.62008850435401,0
"520","DTXSID30880973",-1.02059291592402,2.00005634885623,-0.778960797415006,-1.09802838183792,-1.36724910973408,-1.03093634824716,-1.28923228767846,-1.83033860291334,-1.52401348125686,-2.59576767593871,0.205173652641695,0.355130765622534,0.351551312235759,-0.496378704473972,0.125670655671346,-0.490563539433066,-0.980192369214586,-1.01759383028732,-0.593899024179223,2.27667229311064,-0.549463598442481,-0.712382893105428,-0.310627743645016,-1.16963464791767,-0.248096036295621,-1.13811112734226,-1.76474348858647,-1.62601453357332,-1.21603000661226,-0.920336124604534,0.616370888344348,0.125670655671346,2.59576767593871,1.03611474322657,0.635039918055424,1.84896583833751,0
"521","DTXSID30881187",-0.611837059715893,1.12158719741279,-0.0501594590599497,-0.644837956743648,-1.36724910973408,-1.04840132406419,1.76090568034876,1.84106590634962,-4.30119597170827,-3.25203461431036,0.917771035501741,3.59482088142959,1.99558800794488,3.12498610808817,0.205067197730202,-0.490563539433066,-1.43379202943623,-0.906882530876302,-0.593899024179223,-1.20904256940198,-0.549463598442481,-0.712382893105428,-0.284166072553856,-1.53700462652046,-1.46342764737006,-1.7127800145958,-0.7138282150089,-0.141473727646833,-1.47226865263537,-0.593780027654826,0.394178993915846,0.0501594590599497,4.30119597170827,1.3217420893001,1.0511282806069,2.66718628847693,0
"522","DTXSID30881203",0.135755887822663,0.724471005664378,-0.3972077154195,-1.1651677040741,-1.36724910973408,-0.943098125234565,-1.41515098671596,-1.12587584918601,-1.66935023731963,-1.93678269875954,0.117772535617893,-0.38443187071723,-0.201753390986466,-0.389579390585021,0.169929122168113,-0.490563539433066,-1.43379202943623,-0.312663874115924,-0.593899024179223,0.19537028285787,1.42600306272559,-0.712382893105428,-0.215553225006732,-0.203066726874108,-1.16523930205198,-2.33502879482024,-1.34929235708953,-1.34624593551737,-1.3201294754197,-0.333080709206909,0.229197456874841,0.117772535617893,2.33502879482024,0.852529562061502,0.613495457919689,1.6378037481987,0
"523","DTXSID30885160",0.431566046920653,0.339388637908346,0.794324631414957,-0.460204820594132,-1.36724910973408,-0.717808339596245,-2.12164018265483,-2.16474912769982,-1.89961555437134,-1.19431734200571,0.404979071911784,-0.0740622307972533,0.255788320662003,-0.50038686085277,1.02026012637548,-0.490563539433066,-1.43379202943623,0.0839983781576048,-0.593899024179223,0.34480405278343,1.32280223310955,-0.712382893105428,-0.278797755468875,0.0535381827576411,-1.46342764737006,-2.95654369494744,-0.720737148792059,-0.73023909799113,-0.580529046446983,0.270931164626083,0.12481046744179,0.0535381827576411,2.95654369494744,0.859444209736807,0.708981628091192,1.76694069369353,0
"524","DTXSID30886773",-0.504269729134805,1.32616220528318,-0.767392522203021,-1.09802838183792,-1.36724910973408,-0.31965391405506,-1.45251744587172,-1.86070127949828,-1.50730938414172,-0.37882258440431,0.283292776303916,-0.103061438226587,0.471193916179653,-0.4900983107079,1.29631489897685,-0.490563539433066,-1.43379202943623,-0.571635443490067,-0.593899024179223,-1.20904256940198,-0.30900045953411,-0.712382893105428,0.0349864071245136,-0.568473110680726,-1.46342764737006,-1.82881461219236,-0.940887446365514,-0.790895029403176,-0.583871677207372,-0.602742784492348,0.612307584707027,0.0349864071245136,1.86070127949828,0.845349418999172,0.512864591598621,1.50181609624541,0
"525","DTXSID30890512",-1.5422944692423,0.92904601353477,-0.674846320507141,-0.963749737365541,-1.36724910973408,-1.04840132406419,-1.84057039377566,-3.12953265400377,-3.5354305245713,-3.25203461431036,1.3725104299139,3.7529808606551,2.16797284328045,-1.19625149153015,1.80881954562531,-0.490563539433066,-1.43379202943623,-1.48804772377537,-0.593899024179223,2.9585692623834,-0.549463598442481,-0.712382893105428,-0.587454099505461,-1.53837092554477,-1.46342764737006,-1.19180668779014,-1.71120384291599,-1.53030922772464,-1.70521287629275,-1.29677191178045,0.523649235520616,0.490563539433066,3.7529808606551,1.59443218739312,0.900488181660487,2.74705705991854,0
"526","DTXSID30904820",-1.2948896089058,-0.653401841462674,-0.721119421355081,0.160833910090606,0.323191523333636,0.149778480601958,0.337781118219764,-0.0717356122407984,-0.343839810672967,0.828088193590518,-0.547596836620558,-0.678690780914184,-0.386509842367943,0.599461883168257,-0.295579519473353,0.757361253861575,-0.072993048771299,-0.911178064455207,-0.593899024179223,-0.590780226487784,1.25269151934338,-0.712382893105428,0.76114236525805,-0.249559297362555,-0.351125429760611,-0.0178839300256086,0.00644069378532232,0.216417297443642,-0.416740139187891,-0.453883083973507,0.297525883568297,0.00644069378532232,1.2948896089058,0.491899221667306,0.330970713900524,0.915541735459977,0
"527","DTXSID30905039",1.58253648413829,-1.12272097716534,1.9974252534614,1.20149340475152,-1.36724910973408,-0.610866561017652,-1.1719206312979,-1.0628656124539,-1.34489763077273,-0.726702650576517,-0.158054643991571,-0.811711975981378,-0.217787657112896,-0.284245112749564,-0.0316102038203969,-0.490563539433066,-0.753392539103765,0.892650452578333,-0.593899024179223,-1.20904256940198,1.95429563776837,-0.712382893105428,-3.0624183260662,0.623950093860584,-0.931152367781402,-2.25650362441582,-0.752510316090014,-0.74353647461218,-0.337068859091778,1.0448457332921,0.0305225269763225,0.0316102038203969,3.0624183260662,1.00167667866018,0.664115182526726,1.85174411229439,0
"528","DTXSID30936848",2.28710249944441,-2.35618793638388,1.73135492358574,1.77217764375912,-1.36724910973408,-0.790528221264457,-2.11802922601269,-2.32938867975887,-1.6013241519898,-1.33694766709499,0.315311448309257,-0.357103781661171,0.198861821059743,-0.446755190233212,1.03722263373632,-0.490563539433066,-1.43379202943623,0.8779331249889,-0.593899024179223,-1.20904256940198,2.37555150791802,-0.712382893105428,-3.0624183260662,0.915329835873965,-1.46342764737006,-3.35862844600061,-0.39163127474076,-0.166020429244656,0.327754893807981,1.56234751938901,0.0414605435061433,0.166020429244656,3.35862844600061,1.29954226649946,0.870122622856666,2.41329922375599,0
"529","DTXSID30938327",2.22256210109575,-2.42839088033813,1.92801560218949,1.77217764375912,-1.36724910973408,-0.781468243541474,-2.08874491236676,-2.20482522081472,-1.69838930536982,-1.36061136016355,0.306482525497334,-0.371174987675849,0.183036416814501,-0.443040824359177,1.01558634147811,-0.490563539433066,-1.43379202943623,0.995214063991182,-0.593899024179223,-1.20904256940198,2.34214283195216,-0.712382893105428,-3.0624183260662,1.11650891676965,-1.46342764737006,-3.35862844600061,-0.349616060314757,-0.360554883424098,0.196935222211263,1.76030753997427,0.0466216700954996,0.183036416814501,3.35862844600061,1.32057298229427,0.867842871771624,2.43141185816195,0
"530","DTXSID30950701",2.20104863497954,-2.33212028839913,1.93958387740147,1.67146866040483,-1.36724910973408,-0.803237687462525,-2.11802922601269,-2.25445152065908,-1.87699053501441,-1.45469112681186,0.315311448309257,-0.357103781661171,0.208257829354575,-0.446755190233212,1.03722263373632,-0.490563539433066,-1.43379202943623,0.809233192833499,-0.593899024179223,-1.20904256940198,2.36278549374076,-0.712382893105428,-3.0624183260662,0.913835618325523,-1.46342764737006,-3.35862844600061,-0.548311553974138,-0.498053386680559,-0.0527647897232421,1.53857672951558,0.0464983867132216,0.0527647897232421,3.35862844600061,1.31437455966534,0.864832514242039,2.42136017789515,0
"531","DTXSID30952962",-2.08550948867679,2.16251297275331,-0.674846320507141,-0.812686262334118,-1.36724910973408,-1.04840132406419,-0.349933523988947,-1.10941388518962,-2.28074426368482,-3.25203461431036,0.799366190706521,2.28338211022113,0.781431760879312,-0.9016523602907,0.218337986683765,-0.490563539433066,-1.43379202943623,-1.69348006774319,-0.593899024179223,2.68731281805825,-0.549463598442481,-0.712382893105428,-0.430090302632687,-1.46583681844586,-1.46342764737006,-0.524831992750723,-1.28231045294526,-0.933079508977635,-1.47226865263537,-1.4752476783711,0.823365673177383,0.218337986683765,3.25203461431036,1.24451630661838,0.748748950141309,2.20291496279925,0
"532","DTXSID30963250",-1.03134964898213,1.4645511811955,-1.39207938365021,-0.879825584570306,-1.36724910973408,-1.04840132406419,0.373076967830652,-1.30460495227945,-1.69068590064198,-3.25203461431036,-0.251236908838464,-0.750736221134083,-0.467775338307296,-0.405175185776057,-0.200577050748795,-0.490563539433066,-1.43379202943623,-1.24514268954097,-0.593899024179223,-1.20904256940198,1.25505112397176,-0.712382893105428,0.00486323192366042,-1.37401537364366,-1.46342764737006,-1.37784529243987,-1.14368581024049,-0.769147507715665,-1.59805853341035,-1.28235356382444,0.51856295239693,0.00486323192366042,3.25203461431036,1.06108767339001,0.621647463810472,1.85679642706742,0
"533","DTXSID30964424",0.915619034535546,-0.539080513535102,1.28019219031833,0.446176029594405,-1.36724910973408,-1.03093634824716,-0.571817465507383,-1.16387739282382,-1.7261334463378,-2.59576767593871,-0.378494735994409,-1.10006345923591,-0.826564341680461,-0.234048309039984,-0.58065275616533,-0.490563539433066,-1.43379202943623,-0.0812533254073174,-0.593899024179223,-1.20904256940198,2.08819392525347,-0.712382893105428,-3.0624183260662,-0.0326508264426372,-0.845510806462896,-1.92540138721213,-1.20499220355814,-1.29678559328886,-1.46498914564608,0.351595976163779,0.0401854451313758,0.0326508264426372,3.0624183260662,1.05167147932486,0.712861635717163,1.96413437304283,0
"534","DTXSID30974846",0.0712154894740111,0.345405549904534,0.609232228023197,1.85610179655435,-1.36724910973408,1.86075052996524,-0.0755043834594233,-0.700460838925243,-0.28837723284317,0.529865215592687,0.147452914122965,-0.127100906235913,0.677489823709048,0.878304799014474,1.80686861736134,-0.490563539433066,-1.43379202943623,-0.117381575641435,-0.593899024179223,-1.20904256940198,1.80512868766106,-0.712382893105428,-1.37244721740349,-0.27167035936525,-1.46342764737006,-2.45448816620391,0.197831218642212,0.327420499369345,-0.300328188573991,-0.0415962694475037,0.170766682450145,0.0415962694475037,2.45448816620391,0.804425977338462,0.682420068395478,1.67792366488467,0
"535","DTXSID30976749",-0.192324470449653,1.50065265317263,-0.686414595719126,0.177618740649653,-1.36724910973408,-0.954679551058748,-1.7935438503728,-2.51226628877074,-1.75985842569319,-1.88930691763752,0.318634863918328,-0.174766554760486,0.545095666030715,-0.474925450326467,1.15139181695775,-0.490563539433066,-1.43379202943623,-0.652106377206307,-0.593899024179223,-1.20904256940198,2.13033694959823,-0.712382893105428,-1.57052917573092,-0.597629133432176,-1.46342764737006,-2.87186208594952,-1.50535746096422,-1.52841964310822,-1.56932874582594,-0.561436166023769,0.436966701573032,0.174766554760486,2.87186208594952,1.14629474653391,0.70718240624929,2.051488226533,0
"536","DTXSID30997297",0.458457879565925,-0.942213617279698,0.273752246875631,-0.527344142830319,2.18267621970812,-0.011861949323249,1.30864176524814,0.931818067370504,0.471706627860468,0.947946971854743,-1.19864291705584,-1.47253379447861,-1.61405202218514,-0.263566256702001,-1.71318881604533,-0.490563539433066,0.834206271671988,0.176488224362656,-0.593899024179223,0.203022388232827,-0.549463598442481,-0.712382893105428,-0.0506990348358825,0.712935318050101,0.91195783974596,0.486128612310555,1.02904174368455,0.843242421677568,-0.548453409833002,1.432192702705,0.0193733734939486,0.011861949323249,2.18267621970812,0.796436010555133,0.524384924653599,1.46764871411174,0
"537","DTXSID401005035",0.824186803541622,-0.316454769676146,1.3033287407423,-0.426635159476038,-0.352984729893449,-0.227880651154748,-0.76453551213392,-0.571015532520639,-0.380507028516897,0.264375440062172,-0.222682181210441,-0.584644969036572,-0.0607858003090316,-0.322437561782312,0.223100017772957,-0.490563539433066,-0.072993048771299,0.521785239367461,-0.593899024179223,-1.20904256940198,1.07753304672425,-0.712382893105428,0.330367706159777,0.314867463909474,-0.335035197028043,-0.255253370365452,-0.852899780607254,-1.04363209174189,0.10131581473633,0.483699218247253,0.0159003542074347,0.0607858003090316,1.3033287407423,0.508027496720247,0.333000760509994,0.93426847017304,0
"538","DTXSID401015886",0.910240668006491,-0.533063601538914,0.701778429719077,-0.242002023326521,-1.36724910973408,-0.668562282417508,-1.8772030182007,-2.40803499512958,-1.60194406014552,-0.973792555863339,0.258317661413017,-0.222771342126629,0.104889995956328,-0.437404202868578,0.688572269315499,-0.490563539433066,-0.980192369214586,0.314741474367824,-0.593899024179223,1.33369412622159,0.216341260606773,-0.712382893105428,-0.587646437912048,0.409611973368197,-1.24880470430822,-2.63008936502626,-0.653606817152827,-0.713381184845784,1.09011780759575,0.697246642028208,0.0671899035696799,0.104889995956328,2.63008936502626,0.855604861170919,0.622425690692822,1.65230974525773,0
"539","DTXSID401019640",-2.28988741678085,2.40920636459702,-0.755824246991036,-1.1651677040741,-1.36724910973408,-0.0315100067236032,-0.551301612867105,-0.568335044658281,-0.682549990825363,-1.20656961825227,0.543208795903206,1.17245126063651,-0.108935300311328,-0.711719806800486,0.0368485821698959,-0.490563539433066,-1.43379202943623,-1.88613546388474,-0.593899024179223,1.13989913258493,-3.00020441416223,-0.712382893105428,-0.0783186014701099,-1.91389007130248,-1.46342764737006,0.0802113763051481,-0.481874908460007,-0.0184563350530012,-0.737970425120255,-2.08276671792312,0.753403538040887,0.0184563350530012,3.00020441416223,0.990485248037172,0.790031308234571,2.00172532257742,0
"540","DTXSID401035969",0.194917919642261,0.41760849385879,0.435708099843421,1.13435408251533,-1.36724910973408,-0.62326309523482,-1.77771053685939,-1.93840923068249,-1.54416199736355,-0.905530466820496,0.108902116279999,-0.263555348463611,0.431234828950404,-0.38884431821716,0.859726654685689,-0.490563539433066,-0.753392539103765,-0.259320116941269,-0.593899024179223,-1.20904256940198,1.01462188161358,-0.712382893105428,-1.66189103392896,-0.0173859909994146,-0.829161053847545,-1.84141288719494,-1.24010078562937,-1.33490785660562,0.303931052752113,-0.0521177666045946,0.308463682488692,0.0173859909994146,1.93840923068249,0.823510243016412,0.568234555370443,1.55085047389058,0
"541","DTXSID40149982",0.20567465270037,0.983198221500462,0.0655232930599006,-1.34980084022362,-0.352984729893449,-0.993639182008927,0.15098436178364,0.526468191476356,-0.668545767023062,-2.47162749337566,-0.509705282158767,-0.739355409046457,-0.57677183765009,0.0899382913120013,-0.899265964386095,-0.490563539433066,-0.526592708992943,-0.19769518126877,-0.593899024179223,1.06898948658186,-0.549463598442481,-0.712382893105428,-0.357949480285697,-0.497051726890591,0.323885785358886,-0.733865507113893,-1.18809512981556,-0.801885621988032,-1.28448708458504,-0.368152366397212,0.107929043029324,0.0655232930599006,2.47162749337566,0.675948088401251,0.483246649038303,1.29450379917028,0
"542","DTXSID40158933",1.53950955190585,-1.38746510499761,1.62724044667788,2.04073493270387,-1.36724910973408,-0.789871973789282,-2.19360164832478,-2.16330406783335,-1.86756288860075,-1.28475484873815,0.337935563014814,-0.320790991945888,0.273833501958745,-0.4563918125681,1.09347699360774,-0.490563539433066,-1.43379202943623,0.437271450518134,-0.593899024179223,-1.20904256940198,2.37268412959496,-0.712382893105428,-3.0624183260662,0.504520600423812,-1.46342764737006,-3.35862844600061,-0.927167288758729,-0.79354029641966,-0.545150642479019,1.0951151085982,0.0504656195886473,0.273833501958745,3.35862844600061,1.25811091427287,0.807761354446958,2.29204544796498,0
"543","DTXSID40169529",2.22256210109575,-2.68711809617422,1.6850818227378,1.73860798264102,-1.36724910973408,-0.726215204539962,-2.08874491236676,-2.08026176187058,-1.8736235184381,-1.09327395427338,0.306482525497334,-0.371174987675843,0.191709655240502,-0.443040824359177,1.01558634147811,-0.490563539433066,-1.43379202943623,1.06391399614658,-0.593899024179223,-1.20904256940198,2.34680335464441,-0.712382893105428,-3.0624183260662,1.11774731477476,-1.46342764737006,-3.35862844600061,-0.233059058268572,-0.0882569357742686,-0.113229266144512,1.79849667780371,0.040490762674414,0.0882569357742686,3.35862844600061,1.29921312922241,0.896161577617912,2.44629994857333,0
"544","DTXSID40169807",-0.956052517575372,1.54277103714595,-0.825233898262946,-0.963749737365541,-1.36724910973408,-0.77119681206352,-1.15399086853024,-1.65682563160558,-2.25428745562035,-1.52049180115555,0.200663302886528,-0.238650365730453,-0.192018511277882,-0.453345592858129,0.171220158984229,-0.490563539433066,-1.20699219932541,-0.871130914551989,-0.593899024179223,0.668330237065824,0.655331097531419,-0.712382893105428,0.0154568288024998,-1.11316422354186,-1.46342764737006,-2.04959020811133,-1.42896591689889,-1.17946262974662,-1.44676884116992,-1.16973457573558,0.725270840784996,0.0154568288024998,2.25428745562035,0.977764919245515,0.563112774625255,1.69854927076584,0
"545","DTXSID40170059",1.31361815768557,-1.01441656123395,1.81233285006964,1.72182315208197,-1.36724910973408,-0.983275850004401,-1.22940177744642,-1.94192876542424,-1.96410500975,-2.15422970200047,0.0308940062965761,-0.784092102106422,-0.456698519522327,-0.340158866453714,0.0925373489992623,-0.490563539433066,-1.43379202943623,0.271409504668973,-0.593899024179223,-1.20904256940198,2.69678877682053,-0.712382893105428,-3.0624183260662,0.344943563530461,-1.46342764737006,-3.35862844600061,-0.487205478045854,-0.264787377000628,-1.38374984764557,0.868318392100906,0.0493753207598908,0.0308940062965761,3.35862844600061,1.19493730645383,0.862907858905322,2.29945936585264,0
"546","DTXSID40171662",0.399295847746327,0.525912909790174,0.377866723783496,-0.493774481712225,-1.36724910973408,-0.600880481628771,-1.90712927969413,-1.80257123438654,-1.98122423499597,-1.00447718155181,0.270640530742061,-0.158381638180597,0.178268277169723,-0.445036719084981,0.675771260757944,-0.490563539433066,-1.43379202943623,-0.0579830708028396,-0.593899024179223,0.561695652432215,1.3077051143884,-0.712382893105428,-0.350817487081512,-0.0820707673271908,-1.20131256575887,-2.38020319191686,-1.17322920384665,-1.14186904433618,-0.798591201081868,-0.027957291651275,0.183720655583712,0.027957291651275,2.38020319191686,0.816751732924554,0.626670760309672,1.61889030612093,0
"547","DTXSID40172316",1.29748305809841,-0.833909201348314,2.07840317994529,-0.00701439549986335,-1.36724910973408,-0.729473674422901,-1.68165328663739,-2.10708851888208,-1.44892539185607,-1.15958385992761,0.253542549548016,-0.341738631190126,-0.11130320133504,-0.434451174254871,0.568540991969521,-0.490563539433066,-1.43379202943623,0.456722923328269,-0.593899024179223,0.769729267931295,0.342976917093742,-0.712382893105428,-0.402222219654236,0.583384060723586,-1.46342764737006,-3.02952399350606,0.108867307037219,0.631166147019975,0.125728721654221,0.881567684817243,0.0230953827924813,0.00701439549986335,3.02952399350606,0.881543820031314,0.702314246807703,1.78050605594517,0
"548","DTXSID40175382",1.19529409404637,-0.839926113344502,1.56939907061795,1.41969620201913,-1.36724910973408,-0.86810306719017,-1.43863314942702,-2.13940300014314,-1.92872685607679,-1.6060155469594,0.0112433466666075,-0.683555761201589,-0.337341281047437,-0.333789552321125,0.19340723566523,-0.490563539433066,-1.20699219932541,0.0607281235531274,-0.593899024179223,-1.20904256940198,2.12785794816619,-0.712382893105428,-3.0624183260662,0.17461637123684,-1.18651993244022,-2.73601272572755,-1.11737114266034,-1.06210221867691,-1.02734518544979,0.622037421609003,0.0497619356780491,0.0112433466666075,3.0624183260662,1.11072243358306,0.755963809628666,2.07835610990775,0
"549","DTXSID40179188",0.592917042792284,-1.21899156910435,1.62724044667788,1.41969620201913,0.323191523333636,-0.967389017256816,0.570803208750328,0.353674966741804,-0.881926541280292,-2.00705037735439,-1.11539447211818,-1.64909633391752,-1.48059141179,-0.183785413422955,-1.37799554421374,-0.490563539433066,0.380606611450345,-0.197380525090958,-0.593899024179223,-1.20904256940198,1.74113372476716,-0.712382893105428,-3.0624183260662,0.131854447130907,0.290667240362617,-0.486466372111802,-0.564628344849602,-0.220925338023341,-1.11120510596644,1.32853647145366,0.0443433071192214,0.131854447130907,3.0624183260662,0.943048486805534,0.671301582403145,1.80231451228156,0
"550","DTXSID40179542",-2.98907506555792,1.97598870087148,-0.871506999110886,-1.23230702631029,-1.36724910973408,-1.03093634824716,-1.88377132587818,-1.80768883408117,-1.95127205713851,-2.59576767593871,1.06329955697377,2.24588937447852,0.745168336485436,-0.82132195449519,0.808116966838407,0.757361253861575,-1.43379202943623,-1.87297711463082,-0.593899024179223,1.07368473899582,-0.549463598442481,-0.712382893105428,-0.211334535984186,-1.65872938147973,-1.46342764737006,-1.18283704215724,-1.61160381071704,-1.47459013018856,-1.239324428978,-2.56948338270855,0.863634902602883,0.211334535984186,2.98907506555792,1.39314167814582,0.66804808683037,2.2482432292887,0
"551","DTXSID40181241",2.45921022837415,-2.8977100160408,1.77762802443368,2.30929222164862,-1.36724910973408,-0.726215204539962,-2.06354678202025,-2.38096196877672,-1.74579221027401,-1.09327395427338,0.29885754670522,-0.383282769595443,0.153364341813156,-0.439853866024687,0.997040948113897,-0.490563539433066,-1.43379202943623,1.24989486730427,-0.593899024179223,-1.20904256940198,2.37621341816433,-0.712382893105428,-3.0624183260662,1.32472247687691,-1.46342764737006,-3.35862844600061,0.037336764398152,0.234132889902723,0.848214190720788,2.00580914030639,0.033554327741286,0.037336764398152,3.35862844600061,1.38312524716781,0.923668719172204,2.56542120770824,0
"552","DTXSID40196936",-0.326783633676012,0.832775421595762,-0.582300118811261,-0.695192448420789,-0.352984729893449,-0.243793725855369,0.0982132717435287,0.010592217160817,-0.334200955408716,-0.440685525174801,-0.494855018877881,-0.752555343375575,-0.217470024192819,-0.317077073895454,-0.194457382733773,-0.490563539433066,-0.072993048771299,-0.314718674307387,-0.593899024179223,-1.20904256940198,0.0430703593568874,-0.712382893105428,0.0737601497088208,-0.713517837395686,0.287553001769217,-0.544402128677058,-1.00869505768673,-0.923602362457074,-1.00057273160063,-0.689252872228428,0.233787230979762,0.010592217160817,1.20904256940198,0.485732104696497,0.318961320870134,0.894002595410269,0
"553","DTXSID40197009",1.31361815768557,-0.75568934539787,-0.0848642846959048,0.765087810216297,-1.36724910973408,-0.616686390385084,-1.6780995382589,-2.21033647152753,-1.3605704939851,-0.907830911870041,0.198157553022542,-0.293056418701515,0.172975916798462,-0.430069509743388,0.970100268338286,-0.490563539433066,-1.43379202943623,0.492136045885543,-0.593899024179223,-1.20904256940198,0.580531360988513,-0.712382893105428,0.0863437744534939,0.302296511295251,-1.19274840962702,-1.91700253721041,-0.532348848582973,-0.406131642880152,0.848214190720788,0.714003100463574,0.0481442058413919,0.0848642846959048,2.21033647152753,0.821194288600807,0.545759092851024,1.51976592745012,0
"554","DTXSID40197307",-1.33791654113823,1.48260191718407,-0.536027017963321,-0.728762109538883,-1.36724910973408,-1.04840132406419,-1.12438750857136,-1.06708031461697,-2.37673391368701,-3.25203461431036,0.0815400821675798,-0.371100801408477,0.392832592926325,-0.381271679904935,-0.0262056728465291,-0.490563539433066,-1.20699219932541,-0.702270199977933,-0.593899024179223,-1.20904256940198,-0.549463598442481,-0.712382893105428,-3.0624183260662,-1.00269546870631,-0.71808654401627,-1.12698061253416,-1.71500097065849,-1.53559668979967,-1.21603000661226,-0.854089661022851,0.60055028254324,0.0262056728465291,3.25203461431036,1.07565525011147,0.757215002858687,2.04489045377059,0
"555","DTXSID40197569",0.931754134122708,-0.66543566545505,1.03725841086664,1.78896247431816,-1.36724910973408,-1.03093634824716,-1.22940177744642,-1.38840591449272,-1.98040562282794,-2.59576767593872,0.0308940062965761,-0.784092102106428,-0.317096079227637,-0.340158866453714,0.0925373489992623,-0.490563539433066,-1.43379202943623,0.0653097082027691,-0.593899024179223,-1.20904256940198,2.66069451596995,-0.712382893105428,-3.0624183260662,0.337668033802348,-1.46342764737006,-3.35862844600061,-1.04942597340992,-1.06617857411163,-1.58874076446406,0.797006022480625,0.050263973064871,0.0308940062965761,3.35862844600061,1.18231778679891,0.861767117838153,2.28537969763175,0
"556","DTXSID40198076",-1.13353861303417,1.87971810893247,-0.697982870931111,-0.728762109538883,-0.52202879320022,-1.04840132406419,0.399875392412317,-0.900908377045475,-1.795156226634,-3.25203461431036,-0.627533954439154,-0.690580947349763,-0.5014709616416,-0.349873707551117,-0.362929023297344,-0.490563539433066,-1.20699219932541,-0.896827835739887,-0.593899024179223,-1.20904256940198,-0.549463598442481,-0.712382893105428,-0.225262906090372,-1.14169812449525,1.26282872126905,-0.655299565592958,-1.55938040773119,-1.49438196384596,-1.44042080955721,-0.946445024957315,0.505444382615279,0.225262906090372,3.25203461431036,0.975856140251632,0.61377720471105,1.76149096228178,0
"557","DTXSID40198152",0.937132500651763,-0.563148161519854,1.26862391510634,1.47005069369627,-1.36724910973408,-0.829032030678578,-1.17192063129791,-1.26580405709561,-1.71464840145489,-1.66241797314688,-0.158054643991571,-0.811711975981378,-0.377028834475915,-0.284245112749564,-0.0878645636918005,-0.490563539433066,-1.43379202943623,0.104727545750365,-0.593899024179223,-1.20904256940198,2.06310643076117,-0.712382893105428,-3.0624183260662,0.0347398043251799,-0.931152367781402,-2.17312669114632,-1.24364366938462,-1.00696659578982,-1.16144662639432,0.26352714810813,0.0343416489929668,0.0347398043251799,3.0624183260662,1.01511559554453,0.695712687016548,1.90562783492571,0
"558","DTXSID40199068",0.619808875437556,-0.472894481577034,1.06039496129061,1.016860268602,-1.36724910973408,-0.651438580272769,-1.72757171073357,-1.91582397987304,-1.85173545301577,-0.693973427393946,-0.013766583771534,-0.544719861856811,0.306410251153529,-0.325869249848543,0.33404313534375,-0.490563539433066,-1.43379202943623,-0.198386471356384,-0.593899024179223,-1.20904256940198,1.72873871760693,-0.712382893105428,-3.0624183260662,-0.216654247514021,-0.882622149700915,-2.52061891718832,-1.55705355619051,-1.43152168249347,-0.70688048918971,0.244822264273302,0.114439392764944,0.013766583771534,3.0624183260662,0.996398560234674,0.735483094028519,1.93781692059118,0
"559","DTXSID4020167",-0.0740004068104566,0.790657037622446,-0.223683587239725,-1.33301600966457,-1.36724910973408,-0.265620862182461,-1.29404801505832,-1.47535086671721,-0.903113762501682,-1.76670007302374,0.336310155502749,0.0133623110053554,0.834674300692573,0.319982977225519,1.88679077718038,-0.490563539433066,-1.43379202943623,-0.32610350692273,-0.593899024179223,-1.20904256940198,2.22889470134692,-0.712382893105428,-1.43364722566814,-0.40328652740086,-1.46342764737006,-2.58401800336634,-0.889861479260905,-0.129287397619779,-0.786377327421989,-0.244622196071367,0.230966551894223,0.0133623110053554,2.58401800336634,0.927125544005543,0.671778837490302,1.78700245599313,0
"560","DTXSID40205173",0.662835807669991,0.285236429942654,0.898439108322822,0.36225187679917,-1.36724910973408,-0.651253492220093,-1.62096468609932,-2.21422772039619,-1.51412769890193,-0.9775885325794,0.117772535617893,-0.481180302013765,0.0291140976293971,-0.389579390585021,0.587155179585278,-0.490563539433066,-0.980192369214586,0.152784125634227,-0.593899024179223,-1.20904256940198,0.923518578985927,-0.712382893105428,0.0405422670526631,-0.0105662391357465,-1.16523930205198,-1.95084256391636,-1.00180814319854,-1.01197449309273,0.068075026299021,0.184810761969895,0.107408958555666,0.0105662391357465,2.21422772039619,0.755173928825613,0.581224773416025,1.49914163879812,0
"561","DTXSID4020616",0.0066750911253587,0.80870777361101,0.239047421239676,-0.242002023326521,-1.36724910973408,-1.03093634824716,-1.28778979699417,-1.26655334798205,-1.77212801175028,-2.59576767593872,0.117772535617893,-0.541809266270432,-0.138920807769528,-0.389579390585021,0.505126288176258,-0.490563539433066,-1.43379202943623,-0.0941637637332597,-0.593899024179223,-1.20904256940198,2.18968424388139,-0.712382893105428,-1.30931866558568,0.0673401343696792,-1.46342764737006,-2.91136929785081,-0.949899181015251,-0.612706288698897,-1.52395315225935,-0.195911561084836,0.269182716394425,0.0066750911253587,2.91136929785081,0.935583962659109,0.759177385156512,1.90733101565945,0
"562","DTXSID4021769",0.700484373373371,0.152864366026518,1.01412186044267,-1.06445872071982,-1.36724910973408,-0.6095576284207,-1.00241321697622,-0.663154589166297,-1.08753353093087,-1.20000842614253,-0.140636964068654,-0.798648825834836,-0.225575054417862,-0.308203698610112,-0.0229777387728539,-0.490563539433066,-0.753392539103765,0.382764418989147,-0.593899024179223,-1.20904256940198,1.98125992184823,-0.712382893105428,0.0892165817296684,0.100532215206734,-0.95191395840407,-1.61835410875123,-1.08383745237871,-1.03940944156203,-0.828177874222729,0.215206198201491,0.0329400822401946,0.0229777387728539,1.98125992184823,0.746928028005163,0.483646701217355,1.36599580556338,0
"563","DTXSID4021848",-0.122405705571946,0.742521741652942,-0.767392522203021,-0.896610415129353,-0.352984729893449,-0.787681042359841,-0.983498690819149,-1.14106609240801,-1.05045018125201,-1.25004717742088,-0.0686364266674255,-0.0562473536457916,0.104778540705845,-0.32711584942108,0.0598688574222826,-0.490563539433066,-0.299792878882121,-0.379108770330346,-0.593899024179223,0.153638522192462,1.56998346589877,-0.712382893105428,-2.12273547978694,-0.109362022535898,-0.436247951313551,-1.04604994625546,-1.22470195151937,-1.42455926177484,-1.00638020532062,0.00594531029935111,0.192617839535862,0.00594531029935111,2.12273547978694,0.676221884980015,0.532340258483644,1.35761741583908,0
"564","DTXSID4022109",0.0550803898868481,0.321337901919782,0.204342595603721,-0.0741537177360512,-1.36724910973408,-0.595710902803409,-1.42907204175766,-2.26824327708094,-1.51625661757781,-0.914437806225532,0.19885916298446,-0.36680909429628,0.0797057698779836,-0.436541366535142,0.835532158205227,-0.490563539433066,-1.43379202943623,-0.0216069096407509,-0.593899024179223,-1.20904256940198,0.815639856803666,-0.712382893105428,0.0387119363656323,-0.255601064710633,-1.46342764737006,-2.3256514380222,-0.809658218541222,-0.89364872346109,-0.583871677207372,0.0838823262778016,0.230288790301376,0.0216069096407509,2.3256514380222,0.746490392206042,0.636673049269327,1.56143189527078,0
"565","DTXSID4022236",0.840321903128784,-0.66543566545505,-0.0848642846959048,1.52040518537341,-1.36724910973408,-0.684317676584014,-1.84530691470314,-2.36065478551068,-1.6879124292882,-1.04431321325792,0.258317661413017,-0.398886385211682,0.151576200646804,-0.437404202868578,0.896557480873165,-0.490563539433066,-1.20699219932541,0.666727316910036,-0.593899024179223,-1.20904256940198,1.13546409488991,-0.712382893105428,0.00911171486024813,0.397289864638275,-1.46342764737006,-2.66780264780096,-0.468195460071884,-0.120849108658478,0.587831825334539,0.73738420525711,0.0517551626088682,0.00911171486024813,2.66780264780096,0.890349573666035,0.655961808451351,1.72998068848376,0
"566","DTXSID40226505",0.20567465270037,-0.430776097603718,1.34960184159024,1.41969620201913,-1.36724910973408,-1.03093634824716,-1.72757171073357,-0.661513656899719,-1.91308880819219,-2.59576767593871,-0.013766583771534,-0.544719861856811,0.0648403203659761,-0.325869249848543,0.33404313534375,-0.490563539433066,-1.20699219932541,-0.149953257562719,-0.593899024179223,-1.20904256940198,-0.549463598442481,-0.712382893105428,-3.0624183260662,-0.0597371423103015,-0.882622149700915,-1.80969295854767,-1.47842993186455,-1.3890272060864,-1.39423233771015,0.371080230158392,0.183798465720124,0.013766583771534,3.0624183260662,0.978155087291346,0.756783405662733,1.94683784653964,0
"567","DTXSID4024143",-1.39707857295783,0.291253341938842,-0.628573219659201,0.110479418413465,-1.36724910973408,-0.340620588816382,-1.15137853745909,-1.97517902724189,-1.24710900097293,-0.481325842927669,0.459472531266416,0.425046342647053,0.762410262206871,-0.529495192157204,1.67586635923145,-0.490563539433066,-1.43379202943623,-1.11779752036658,-0.593899024179223,-1.20904256940198,0.641409902414731,-0.712382893105428,-0.276855299907137,-0.655918607970466,-1.46342764737006,-1.17121727395098,-0.737633037847172,-0.432457991521579,0.828055555981207,0.480192052528223,0.436218672800518,0.110479418413465,1.97517902724189,0.836239409768148,0.472458062421589,1.44098572966778,0
"568","DTXSID4024692",-0.574188494012512,1.93387031689817,-0.952484925594782,0.177618740649653,-1.36724910973408,-0.873442841573883,-1.83656915883318,-1.78779055773695,-2.03828005422891,-1.49971430292831,0.399494881769653,0.0665073411718986,0.913092757620924,-0.525864850476217,1.66968367454405,-0.490563539433066,-1.43379202943623,-0.830173168740258,-0.593899024179223,-1.20904256940198,1.06436633381885,-0.712382893105428,-1.49212852322937,-0.587566679585282,-1.46342764737006,-2.43467340357849,-1.22814986322014,-0.948903368809204,-1.44676884116992,-0.834215721948346,0.633565971183534,0.0665073411718986,2.43467340357849,1.1128635204933,0.581345393069029,1.85698562362166,0
"569","DTXSID4024696",0.141134254351718,0.640234237717746,-0.744255971779051,-1.4505098235779,-1.36724910973408,-0.568906661499842,-1.65228797001124,-1.77600244131378,-1.57612700217152,-0.680165505604734,0.19991157792733,-0.161753752707447,0.562998468137803,-0.446315427839985,1.07695226029649,-0.490563539433066,-1.43379202943623,-0.417506359058979,-0.593899024179223,-1.20904256940198,0.555873560077771,-0.712382893105428,0.0317032229838538,-0.514156152437426,-1.00303937531239,-1.38913889171402,-1.4481175239636,-1.38189485275235,-0.545150642479019,-0.402834338507622,0.254406037712568,0.0317032229838538,1.77600244131378,0.839129981317121,0.508504723587028,1.49001602750852,0
"570","DTXSID4024721",-0.122405705571946,0.646251149713934,-0.0154546334239946,-1.36658567078267,-1.36724910973408,-1.04840132406419,-0.847022111171066,-0.714102455610021,-1.92253286718952,-3.25203461431036,-0.0577425698950392,-0.853062175258695,-0.489098972927598,-0.335787699304081,-0.0758380333102922,-0.490563539433066,-1.20699219932541,-0.145896099876095,-0.593899024179223,-1.20904256940198,1.27260245411064,-0.712382893105428,0.285473015240835,-0.267197726432584,-1.46342764737006,-2.45685289096167,-1.25200394708367,-1.14771554341281,-1.5732903822827,-0.37828417847441,0.24476231470151,0.0154546334239946,3.25203461431036,0.918973106765268,0.743143995972195,1.87019742160968,0
"571","DTXSID4025242",1.35126672338895,-0.0577275538400622,0.262183971663646,1.00007543804295,-1.36724910973408,-0.688445906930296,-1.76800624793181,-2.45002253463297,-1.72511500985825,-1.09870169078822,0.270640530742061,-0.317974286539716,0.270138497907733,-0.445036719084981,1.00086935840801,-0.490563539433066,-1.43379202943623,0.0925799102797224,-0.593899024179223,-1.20904256940198,1.67092840421164,-0.712382893105428,-1.57660990052158,0.217135511967289,-1.46342764737006,-3.01627338063928,-0.726039462615179,-0.556030943077035,-0.580529046446983,0.367962749519254,0.0875636253416493,0.0577275538400622,3.01627338063928,0.959355019723256,0.716539149331932,1.87652513086813,0
"572","DTXSID4025406",0.888727201890273,-0.262302561710454,0.134932944331811,-0.846255923452212,-1.36724910973408,-0.595710902803409,-1.66786391636758,-1.93164232087647,-1.56732001215196,-0.914437806225532,0.19885916298446,-0.240988120117657,0.405471006183012,-0.436541366535142,1.01285883793807,-0.490563539433066,-1.43379202943623,-0.0455446167436148,-0.593899024179223,-1.20904256940198,0.593058581558447,-0.712382893105428,0.077372091852674,-0.14735696741423,-1.12112092197881,-1.60379882015602,-1.10594660035475,-1.11751980445784,-0.0527647897232421,0.0406272824097613,0.0989680232414322,0.0406272824097613,1.93164232087647,0.760531724183581,0.558771462660729,1.47575919638931,0
"573","DTXSID4025612",-1.56918630188757,1.73531222102396,-0.906211824746841,-0.795901431775071,-1.36724910973408,-0.0232872156074729,-0.762476987274041,-1.67662406717184,-1.32268317106036,-0.590690802517741,0.297418813617905,-0.266929365139478,-0.00198419565512072,-0.460780706945772,0.0377713031409983,-0.490563539433066,-1.43379202943623,-0.679629257729078,-0.593899024179223,-1.20904256940198,0.510259933728142,-0.712382893105428,-3.0624183260662,-1.07851109062009,-1.46342764737006,-1.24256672784907,-1.46919471446878,-1.3848097916053,-0.70688048918971,-1.14362567538279,0.703465305923862,0.00198419565512072,3.0624183260662,0.966517040895446,0.645662790278227,1.79296541245158,0
"574","DTXSID4026684",1.33513162380179,-1.01441656123395,1.56939907061795,0.849011963011532,-0.352984729893449,-0.436378594645796,-0.641396242592527,-1.34859070092226,-0.913977801797384,-0.297517484780141,-0.37674071108962,-0.977369299148238,-0.548488408971579,-0.254769932393294,-0.36915393029682,-0.490563539433066,-0.072993048771299,0.64307566087791,-0.593899024179223,-1.20904256940198,1.38074560311232,-0.712382893105428,0.0921530826524674,0.551714329208478,-0.523965671694323,-0.92654980375527,-0.491489761270534,-0.655897546424692,0.323343071390228,1.48402081833067,0.0120241051379313,0.072993048771299,1.56939907061795,0.714572115960141,0.417619035860899,1.24912448186209,0
"575","DTXSID4026711",1.05545656429096,-0.24425182572189,1.66194527231383,0.446176029594405,-0.352984729893449,-0.746313022266366,-0.824638706650614,-1.08288428758117,-0.953063982741056,-1.16942198953014,-0.378494735994409,-0.978582047309228,-0.413801448877286,-0.234048309039984,-0.425390722920247,-0.490563539433066,-0.526592708992943,-0.0620783686322292,-0.593899024179223,-1.20904256940198,1.89836110212333,-0.712382893105428,-3.0624183260662,0.145092304657298,-0.598447878053145,-1.38420558661593,-0.99015634570864,-0.569443570488352,-1.00638020532062,1.07095463364488,0.0291751856331557,0.0620783686322292,3.0624183260662,0.842915757704943,0.608082435088444,1.62126127461815,0
"576","DTXSID4026769",0.851078636186893,-1.15882244914247,0.412571549419451,0.127264248972512,-1.36724910973408,-1.03093634824716,1.42687773436934,-0.683354429377521,-1.44736843033169,-2.59576767593871,-0.0772115690643052,-2.24870321245201,-1.32313268194195,10.6169662082487,0.966865155499192,-0.490563539433066,-1.43379202943623,0.31244829828408,-0.593899024179223,-1.20904256940198,-0.549463598442481,-0.712382893105428,-1.29771169049719,0.125819124389774,-1.46342764737006,-2.21911651057321,-0.674176392567423,-0.0862589649148963,-1.44676884116992,0.0601115364043743,0.0495576070437742,0.0601115364043743,10.6169662082487,1.30030506996985,1.8810176243417,3.70800762912722,1
"577","DTXSID4027367",2.40004819655455,-2.32008646440675,2.18251765685316,2.02395010214482,-1.36724910973408,-0.714730737267731,-1.90375376031073,-2.44575174032437,-1.6986181695279,-1.04976079126953,0.194649503212969,-0.46006382567097,0.0230347031481067,-0.398240434722286,0.755950834379297,-0.490563539433066,-1.20699219932541,1.17661335049922,-0.593899024179223,-1.20904256940198,2.03117689231643,-0.712382893105428,-3.0624183260662,1.27674683833037,-1.30615859840334,-2.91043156217101,-0.0395593036190921,0.305609967081892,1.3521800592103,1.88695519093926,0.0323139111065569,0.0230347031481067,3.0624183260662,1.31663787812032,0.853977140113326,2.40972861746537,0
"578","DTXSID4027490",-0.117027339042892,0.80870777361101,-0.154273935967815,-0.342711006680803,-1.36724910973408,-0.637860810053339,-0.314209316057425,0.0831922287504415,-0.49057529359985,-1.74202718327655,0.291909352447707,-0.761178411104901,1.00749971725586,5.60032237709428,2.8445219154975,-0.490563539433066,-1.43379202943623,-0.470134988556792,-0.593899024179223,-1.20904256940198,1.69816436661171,-0.712382893105428,-1.51484347268245,-0.397928111618912,-1.46342764737006,-1.95569432678143,-0.832416498892686,-0.33793211932617,-0.580529046446983,-0.528312934232927,0.252564368032114,0.0831922287504415,5.60032237709428,1.02607764460835,1.07609720422041,2.40348206601047,0
"579","DTXSID4027498",-0.0901355063976196,-0.448826833592282,0.562959127175257,0.546885012948687,-0.352984729893449,-0.186295996167796,-0.275519853420881,0.248536863239185,-0.312544556159542,0.14015310916668,-0.157846466826841,-0.399127647577627,-0.103386761540793,-0.370883128993038,0.295528507102237,-0.490563539433066,-0.526592708992943,-0.67546721464985,-0.593899024179223,-1.20904256940198,-0.549463598442481,-0.712382893105428,-0.0490816083400086,0.22730034017842,-0.371887020383279,0.165015298652601,-0.240329362987922,0.194641516666428,-0.367506550496992,1.26540748851111,0.15040717128922,0.0490816083400086,1.26540748851111,0.404339827820788,0.287955948121497,0.772923441416305,0
"580","DTXSID40287530",-1.53153773618419,1.1637055813861,-1.21855525547044,-0.0909385482950982,0.323191523333636,-0.397751949123232,-0.626816137228719,-0.196053996032479,-0.022964348519944,-0.724057237016403,1.00962127838328,2.460553533091,1.60297277805145,-0.707961222523473,1.91841848603951,-0.490563539433066,-1.20699219932541,-1.30173789388634,-0.593899024179223,1.21711992318763,-0.440314683145515,-0.712382893105428,-0.533066902753015,-1.15191119265454,1.04275586066877,-0.0286067336685795,-1.1215791463665,-1.07002031895037,-1.00057273160063,-1.64904722400305,0.740819664847856,0.022964348519944,2.460553533091,0.918522329253567,0.577630082765842,1.65788883519385,0
"581","DTXSID4028967",0.743511305605806,-0.0336599058553101,1.6850818227378,2.59463434115242,-0.352984729893449,20.5528745519652,3.04599244156503,2.42752229362571,1.3128696887362,7.38823681891104,-0.804463391444175,-0.772371289049695,-0.459226614839835,0.208184678811398,0.0386447241918687,-0.490563539433066,-0.980192369214586,0.133008461610589,-0.593899024179223,-1.20904256940198,-0.549463598442481,-0.712382893105428,-2.72948960651309,-0.457783698017244,2.73119221805725,-0.914522324383877,-0.0987493141380933,0.562577151187712,-1.22544786877966,0.120123038707781,0.0246192716132031,0.0336599058553101,20.5528745519652,1.86428987578523,3.81929955506728,6.75299330627134,1
"582","DTXSID4029149",2.56139919242618,-2.71118574415897,1.80076457485765,0.446176029594405,-1.36724910973408,-0.656184461077659,-1.8331859029653,-2.27121410088399,-1.54107135519256,-0.957424838966158,0.283544667492282,-0.30858297735575,0.225409478624007,-0.453047486744726,1.10292695660445,-0.490563539433066,-1.43379202943623,1.39830293032061,-0.593899024179223,-1.20904256940198,0.717504453447109,-0.712382893105428,0.0881263667593851,1.3062196556726,-1.46342764737006,-2.54659011840723,0.677507405506259,1.35401743840532,2.15292582803253,1.86786062202453,0.0132082732810213,0.0881263667593851,2.71118574415897,1.21771764660599,0.753662627893165,2.18240581030924,0
"583","DTXSID4029270",0.684349273786208,-2.36822176037625,0.00768191699997543,-0.460204820594132,-1.36724910973408,-0.583510465955133,-0.319062015964953,-1.3789040252146,-1.09898516512512,-0.908063809889925,-0.259656228381444,-0.920256249084332,-0.704527190023883,-0.305872441012744,-0.267852160389922,-0.490563539433066,-0.980192369214586,-0.300988222911998,-0.593899024179223,-1.20904256940198,1.82135421110813,-0.712382893105428,0.0995285910240907,-0.158268878499275,-1.077781101554,-1.97294050906652,-1.02590833689489,-1.22886536361556,-1.20292689403153,-0.158891478495072,0.125016476135615,0.00768191699997543,2.36822176037625,0.822264353835602,0.583736853620919,1.56944752647038,0
"584","DTXSID40333708",2.20104863497954,-2.33212028839913,1.9974252534614,1.00007543804295,-1.36724910973408,-0.746313022266367,-2.11802922601269,-2.31540177131654,-2.09418768094964,-1.16942198953014,0.315311448309257,-0.357103781661171,0.208257829354575,-0.446755190233212,1.03722263373632,-0.490563539433066,-1.43379202943623,0.809233192833499,-0.593899024179223,-1.20904256940198,2.48840088093086,-0.712382893105428,-3.0624183260662,0.915171986556558,-1.46342764737006,-3.35862844600061,-0.548311553974138,0.0139383819697939,-0.0527647897232421,1.53857672951558,0.0352096784141523,0.0139383819697939,3.35862844600061,1.27988250961612,0.899748373653691,2.43156042789284,0
"585","DTXSID40333985",1.7223740138937,-1.42958348897093,2.17094938164117,2.52749501891623,-1.36724910973408,-0.670845507907164,-2.08439895433522,-2.49158343356349,-1.70715990840351,-1.05762479832153,0.348891186925435,-0.22719922999161,0.366547366810064,-0.472088330417531,1.29539398244818,-0.490563539433066,-1.43379202943623,0.954547136768033,-0.593899024179223,-1.20904256940198,1.55193633547348,-0.712382893105428,-1.44627395642511,1.04512349540511,-1.46342764737006,-2.97807084446641,0.0632115374150529,0.306310500908615,1.61424231082485,1.18318393665385,0.0278271877535498,0.0632115374150529,2.97807084446641,1.23284638231821,0.73961845383132,2.1795580032223,0
"586","DTXSID40334659",1.92137357546871,-2.16966366450205,1.9164473269775,1.67146866040483,-1.36724910973408,-0.751608633182229,-1.72757171073357,-2.08193562095181,-1.73752559536703,-1.21848176441217,0.194649503212969,-0.544719861856817,-0.100828517076627,-0.398240434722284,0.615314934700781,-0.490563539433066,-1.43379202943623,0.691952253831218,-0.593899024179223,-1.20904256940198,2.39792947070905,-0.712382893105428,-3.0624183260662,0.83751202833926,-1.46342764737006,-3.35862844600061,-0.416020436754581,-0.412081966996882,-0.583871677207372,1.40608380235222,0.0447165894588749,0.100828517076627,3.35862844600061,1.24955616748289,0.834035944661656,2.31712217664981,0
"587","DTXSID40335005",1.07697003040718,-0.72560478541693,0.366298448571511,0.479745690712499,-1.36724910973408,-0.460848946211992,-1.89209387290907,-2.30966315590819,-1.50566304128084,-0.74653696191499,0.362915349884531,-0.0737874026157123,0.52475560614851,-0.502730143225726,1.52701109916612,-0.490563539433066,-1.43379202943623,0.456050703312036,-0.593899024179223,-1.20904256940198,0.508276732582506,-0.712382893105428,0.138189156490629,0.293163109670774,-1.46342764737006,-2.10100258603447,-0.122345093054902,0.0375981552917859,1.3696508759846,0.892478867054226,0.0336807839915172,0.0375981552917859,2.30966315590819,0.858124554216993,0.621774036667215,1.65399532115103,0
"588","DTXSID40335166",2.29248086597346,-2.36220484838007,1.84703767570559,1.60432933816865,-1.36724910973408,-0.768255324963646,-2.11802922601269,-2.32938867975887,-1.54530253710303,-1.1892958727912,0.315311448309257,-0.357103781661171,0.198861821059743,-0.446755190233212,1.03722263373632,-0.490563539433066,-1.43379202943623,0.8779331249889,-0.593899024179223,-1.20904256940198,2.37931216995439,-0.712382893105428,-3.0624183260662,0.915279975339558,-1.46342764737006,-3.35862844600061,-0.39163127474076,-0.204267687234997,0.327754893807981,1.56234751938901,0.0417257216281189,0.198861821059743,3.35862844600061,1.29205031580131,0.868747794883783,2.40404749325255,0
"589","DTXSID40337660",1.24369939280786,-1.17687318513103,1.44214804328612,2.02395010214482,-1.36724910973408,-0.94620657359337,-1.97665667737715,-1.65303579075988,-1.3586144936313,-1.81081127782628,0.194649503212969,-0.425033741732011,0.269744780698662,-0.398240434722284,0.755950834379302,-0.490563539433066,-1.20699219932541,0.29529000155769,-0.593899024179223,-1.20904256940198,2.02978865151448,-0.712382893105428,-3.0624183260662,0.22514519578191,-1.24724758501152,-2.81307013593749,-1.0472649798574,-0.86135736288309,-0.807126261944272,0.652432857840599,0.0528872330530991,0.194649503212969,3.0624183260662,1.1432295174959,0.730847374931157,2.07871415740778,0
"590","DTXSID40337923",1.46959078702814,-0.671452577451238,2.07840317994529,-0.258786853885568,-1.36724910973408,-0.719423882468966,-2.05941884498306,-2.31806499241505,-1.70776116355338,-1.17804124367614,0.37262067672735,-0.148376593596129,0.194232701912004,-0.483966748607549,0.974828912892257,-0.490563539433066,-1.43379202943623,0.388022991172868,-0.593899024179223,0.952199801894051,0.265334592242091,-0.712382893105428,-0.468494126251149,0.484539462186084,-1.46342764737006,-3.01880118986309,-0.404427981762878,-0.0866375231164718,0.587831825334539,0.792329801521917,0.0446585811412452,0.0866375231164718,3.01880118986309,0.938163423258178,0.729179419921583,1.87151308075781,0
"591","DTXSID40341085",0.151890987409826,-0.36459006564565,0.0655232930599006,-0.611268295625554,0.661279649947178,0.0459130579373897,0.678681611138478,0.32359248771125,0.537269598519878,0.646284654840036,-0.747304685352387,-0.856993162050343,-0.648873117389034,-0.322279974423806,-0.28758209048506,-0.490563539433066,1.28780593189363,0.166652835047139,0.369681736616057,-1.20904256940198,-0.61090809420924,0.951940705857136,0.476519634295829,-0.120016872797127,0.780381259174801,0.576925888785449,0.0585259626487896,-0.0610308034733088,-0.262123410735308,0.193773518807417,0.0683962182774838,0.0459130579373897,1.28780593189363,0.485507316490402,0.330903919846249,0.909064333893601,0
"592","DTXSID4034287",0.522998277914577,0.14684745403033,-0.1658422111798,-0.342711006680803,-1.36724910973408,-0.607854606140168,-1.45620837530093,-2.27456866356486,-1.51978922941196,-0.910612762124985,0.198476466641597,-0.382982800438143,0.0610189289207104,-0.433006880938502,0.829039513624527,-0.490563539433066,-1.43379202943623,0.164373961516932,-0.593899024179223,-1.20904256940198,0.818151911588139,-0.712382893105428,0.0521121263848289,-0.0613255649498977,-1.46342764737006,-2.38004010745081,-0.6036867411859,-0.640323076473647,-0.363454148026266,0.305613136736493,0.0931248169255335,0.0521121263848289,2.38004010745081,0.750379825462829,0.627309828170478,1.55333640552104,0
"593","DTXSID40342951",0.818808437012567,-0.689503313439802,0.898439108322822,-0.426635159476038,-1.36724910973408,-0.387460564505169,0.665730107793856,-0.865122297448158,-1.93050128098681,0.373153664142367,-0.432691657809789,-1.79107070811754,-0.948042908255876,5.46621895185744,-0.204176374979298,-0.490563539433066,-1.20699219932541,0.171468028071216,-0.593899024179223,-1.20904256940198,-0.549463598442481,-0.712382893105428,-3.0624183260662,0.0972690450600174,-0.85511304212588,-1.28297090431365,-1.23606041429883,-0.8022159387414,-1.00638020532062,0.194552888967201,0.0344214510366164,0.0972690450600174,5.46621895185744,1.02451987535781,1.0385029289849,2.35380362445849,0
"594","DTXSID40343105",-1.00445781633686,1.04938425345853,-1.05659940250265,-1.41694016245981,-1.36724910973408,-0.798382343796261,-0.451514120430719,-1.04787830885881,-0.532909976955096,-1.25338953732758,-0.0840295043191746,-0.756193587858557,-0.34069640542411,-0.386384269321839,0.00581210125640508,-0.490563539433066,-0.753392539103765,-0.860022597971692,-0.593899024179223,-1.20904256940198,0.0500581078832966,-0.712382893105428,0.166941246370836,-1.26360420841365,-1.46342764737006,-0.970337982890446,-0.768308472429992,-0.465981985860972,-0.928580474372553,-1.47368893805153,0.422356345184417,0.00581210125640508,1.47368893805153,0.790735104229299,0.431754945283291,1.34338143419191,0
"595","DTXSID4034601",1.24369939280786,-0.924162881291134,1.28019219031833,1.08399959083819,-0.352984729893449,-0.641312408951629,-1.23320341328075,-1.01294088391666,-1.25678097606714,-1.02355594572726,0.0440129859855806,-0.369568048868394,0.209712257688264,-0.356430168523406,0.744317333425941,0.757361253861575,-0.526592708992943,0.634217612720746,1.07411276316711,-1.20904256940198,1.73612322993856,2.16865364682819,-1.37892666215338,1.78239871701944,-1.00096321625012,-1.40740435191194,0.0479826099102429,0.144430178849302,-0.0332123949172901,1.57637618226513,0.0919162332473364,0.0332123949172901,2.16865364682819,0.908489043525732,0.562746127836445,1.62880408715638,0
"596","DTXSID4035128",-1.19270064485376,1.70522766104302,-1.1722821546225,-0.779116601216024,-1.36724910973408,-1.04840132406419,-0.451514120430717,-1.68245093624387,-2.21225679785688,-3.25203461431036,-0.0840295043191779,-0.756193587858552,-0.333179598788246,-0.386384269321841,-0.0879434129893285,-0.490563539433066,-0.980192369214586,-1.02655199631924,-0.593899024179223,-1.20904256940198,0.461968985831905,-0.712382893105428,-0.00889103355619827,-1.20817932387266,-1.46342764737006,-1.47728604561556,-1.42606757719412,-1.32475568802803,-1.5088466712262,-1.23169450343844,0.57856599915224,0.00889103355619827,3.25203461431036,1.05449047351464,0.680507059956879,1.92553951025945,0
"597","DTXSID4035548",2.93788484945998,-2.90974384003317,1.84703767570559,2.10787425494006,-1.36724910973408,-0.644003304444938,-1.74918327371883,-2.26689543454588,-1.66881523816988,-0.899226584337294,0.235265397237137,-0.423528261256289,0.0882086037169472,-0.423171793584143,0.887879240708513,-0.490563539433066,-1.43379202943623,1.69694501568816,-0.593899024179223,-1.20904256940198,2.26470821514949,-0.712382893105428,-1.38930510560446,1.9743367643428,-1.46342764737006,-3.09426852652902,0.863150968050256,1.18627202378998,0.995002585837733,2.21507002820853,0.0269677685014748,0.0882086037169472,3.09426852652902,1.40127112659064,0.821095198456168,2.45227298061453,0
"598","DTXSID4038924",1.54488791843491,-1.03848420921871,0.204342595603721,-0.661622787302695,-0.352984729893449,-0.392972326450899,-0.772803500994879,-1.35082115639974,-0.897836370870412,-0.270868065313031,-0.136922558387928,-0.455193985309004,-0.212131772014127,-0.348553605452373,-0.0195734088308869,-0.490563539433066,-0.299792878882121,0.0744108997700609,-0.593899024179223,1.15779827610563,0.358207092422371,-0.712382893105428,0.268940751466986,-0.134782549027762,-0.467390337247553,-0.705325725554653,-0.649086306751458,-0.822445336951755,0.079617380317501,0.769728066888167,0.0303000223440053,0.0195734088308869,1.54488791843491,0.54147900161935,0.384616993539367,1.03378875334974,0
"599","DTXSID4039233",0.0550803898868481,0.71845409366819,-0.385639440207515,-1.23230702631029,-1.36724910973408,-0.592673916221286,-1.65228797001124,-1.79477644057456,-1.68220123395761,-0.385161741697592,0.19991157792733,-0.161753752707441,0.464634959231547,-0.446315427839985,1.07695226029649,-0.490563539433066,-1.20699219932541,-0.486206291214381,-0.593899024179223,-1.20904256940198,0.14654084361849,-0.712382893105428,0.0451483639230909,-0.52989197597644,-1.00303937531239,-1.5265375543635,-1.43649862578744,-1.27790141361166,-0.545150642479019,-0.355292758760767,0.271122068033647,0.0451483639230909,1.79477644057456,0.792682913692143,0.529924389460822,1.470986132202,0
"600","DTXSID4041448",-1.25186267667336,1.95192105288673,-1.35737455801426,-1.06445872071982,-1.36724910973408,-0.530286006002719,-2.1425840683562,-2.10291148935465,-1.67971949463413,-1.01381753380648,0.619135604039226,0.618983859712993,0.920697058179115,-0.641383965400075,1.88957364925212,-0.490563539433066,-1.43379202943623,-1.32151355790998,-0.593899024179223,1.17167709552126,0.133052040316208,-0.712382893105428,-0.485184569765148,-0.939040988653454,-1.46342764737006,-1.87794380759076,-0.655399196856716,-0.351306038158957,-0.113229266144512,-1.28819884002282,0.706459075641573,0.113229266144512,2.1425840683562,1.07275231270766,0.579590396054984,1.81462801965804,0
"601","DTXSID4041604",0.528376644443632,-0.051710641843874,0.111796393907841,-0.963749737365541,-1.36724910973408,-0.587525549507266,-1.92371235344964,-2.35255741284047,-1.4507573834875,-0.781782204444875,0.357113079309647,-0.106179933497711,0.530779766145418,-0.49907426893545,1.40691010386092,-0.490563539433066,-1.43379202943623,-0.0895440389408527,-0.593899024179223,-1.20904256940198,0.653471846457385,-0.712382893105428,0.0571882318069712,-0.371335775537841,-1.46342764737006,-2.15539125546308,-1.10770163168606,-1.10162379687581,0.068075026299021,-0.0451034351665341,0.162691419981688,0.0451034351665341,2.35255741284047,0.819060577464447,0.652348010517694,1.65406603092709,0
"602","DTXSID4041654",1.92675194199777,-1.47170187294424,0.863734282686867,-0.258786853885568,-0.352984729893449,-0.440007064744738,-0.942305501316431,-1.44901115352577,-1.08585544548899,-0.297114306719534,-0.154816444167351,-0.674857539396337,-0.187099678637002,-0.319181221940283,0.149236657315513,-0.490563539433066,-0.299792878882121,0.518028435305112,-0.593899024179223,-1.20904256940198,0.619692163474485,-0.712382893105428,0.326985648630461,0.508106813069505,-0.724055501320287,-1.07776987490272,-0.401371503640623,-0.468642514875493,0.303931052752113,1.26384874819154,0.0219365664103795,0.149236657315513,1.92675194199777,0.669718595194134,0.450039363868096,1.2457689809453,0
"603","DTXSID4041812",0.313241983281457,0.50786217380161,0.320025347723571,-0.930180076247447,-1.36724910973408,-0.802051302856105,-1.66832213125463,-1.670508436106,-1.95016826156106,-1.6473613634793,0.270640530742061,-0.282808596480448,-0.0868541670198086,-0.445036719084981,0.515038589312613,-0.490563539433066,-1.43379202943623,-0.170682425155479,-0.593899024179223,0.247151732826376,2.04852990234074,-0.712382893105428,-0.248093844310739,-0.0272042673774205,-1.46342764737006,-2.95034648523743,-0.954510517957831,-0.637578809267459,-1.22544786877966,0.0908966577158624,0.289922571613683,0.0272042673774205,2.95034648523743,0.869061881105939,0.720933006108521,1.79185612892485,0
"604","DTXSID4042337",-0.450486063844262,1.18777322937085,-0.894643549534856,-1.11481321239696,-1.36724910973408,-0.816440161364844,-2.01662107894673,-2.36901940739843,-1.24424023398506,-1.38023703677133,0.430221688553155,0.10154950625134,0.875109336633965,-0.545413801257555,1.72597698939338,-0.490563539433066,-1.43379202943623,-0.6474866524139,-0.593899024179223,-1.20904256940198,0.491717003016445,-0.712382893105428,-0.0687964176763615,-0.879092492030867,-1.46342764737006,-1.92768456973687,-1.57348635746155,-1.46502210561119,-0.70688048918971,-0.71029586654261,0.558820733669095,0.0687964176763615,2.36901940739843,1.02977880206808,0.566000662097304,1.75425964955263,0
"605","DTXSID4044791",0.0981073221192828,0.333371725912158,-0.512890467539351,-0.9133952456884,-0.352984729893449,-0.280630905446001,-0.451514120430722,-1.03549021617171,-0.80677488187231,0.0094351985204838,-0.373232661280047,-0.756193587858557,-0.254621852295733,-0.296875940272005,-0.144194385723913,-0.490563539433066,-0.299792878882121,-0.432614623111753,-0.593899024179223,-1.20904256940198,0.269697634762489,-0.712382893105428,0.0510901967708818,-0.398453875445144,-0.0936817060395266,-0.684491685016409,-0.941984467394861,-0.869012005665736,-0.583871677207372,0.118564298388212,0.145439417173418,0.0094351985204838,1.20904256940198,0.478961877194278,0.316220597434908,0.88372424191096,0
"606","DTXSID4044878",0.20567465270037,0.411591581862602,-0.408775990631485,-0.930180076247447,-0.352984729893449,-0.463016441003867,-0.451514120430719,-1.10617011172403,-0.641401914491137,-0.0683331379766286,-0.373232661280047,-0.756193587858557,-0.254621852295733,-0.296875940272005,-0.144194385723913,-0.490563539433066,-0.299792878882121,-0.3431759883279,-0.593899024179223,-1.20904256940198,0.508137099032456,-0.712382893105428,0.172137599833528,-0.377167328078449,-0.0936817060395266,-0.643231315105052,-0.941984467394861,-0.869012005665735,-0.583871677207372,0.261189037628777,0.13907148251263,0.0683331379766286,1.20904256940198,0.498801010456916,0.294894967257028,0.876266568545911,0
"607","DTXSID4046812",1.52875281884774,-2.10347763254398,3.11954794902395,0.731518149098203,-0.352984729893449,0.917042709927213,1.02233789328673,0.41267880241513,-0.131295860622673,1.12734669315541,1.03429137977238,-0.106789925967943,0.101910868537258,0.222085531605503,-1.33464343044214,-0.490563539433066,-0.072993048771299,0.83735201308697,-0.593899024179223,-1.20904256940198,-2.32178132008061,-0.712382893105428,0.854084989477431,0.638292087937027,0.82138540065457,0.235304703521356,0.228824667019413,0.708752913265589,-0.19741375146885,0.760765310050645,0.0159764481961617,0.072993048771299,3.11954794902395,0.830984753553106,0.704733091720382,1.73304311095519,0
"608","DTXSID4047044",1.6632119820741,-1.09865332918059,2.19408593206514,0.144049079531559,-1.36724910973408,-0.651253492220093,-1.8552911990138,-2.32162125365127,-1.40575635192301,-0.977588532579393,0.30172776927669,-0.259158978274137,0.292828436946003,-0.464367036567264,1.17656499622726,-0.490563539433066,-1.43379202943623,0.84036031684756,-0.593899024179223,-1.20904256940198,0.54327011442979,-0.712382893105428,0.127758034589308,0.627096666913216,-1.46342764737006,-2.44482541159028,-0.10013631395592,0.233997504830288,1.3696508759846,1.14577416898419,0.0275353447588169,0.10013631395592,2.44482541159028,0.983646153010518,0.671698235539889,1.84341989450157,0
"609","DTXSID4047123",1.07159166387812,-0.689503313439802,-0.131137385543845,1.26863272698771,-1.36724910973408,-0.642095978627468,-1.88909929885269,-2.33634206723018,-1.50843798787735,-1.01503539214683,0.32926218055022,-0.183569332619909,0.408829709930726,-0.481578551630624,1.28991552628605,-0.490563539433066,-1.43379202943623,0.282417703374512,-0.593899024179223,-1.20904256940198,0.736311810978225,-0.712382893105428,-0.0551730702452253,0.132638172392947,-1.46342764737006,-2.3506849035613,-0.613591318645621,-0.424647139417841,0.587831825334539,0.521498670996802,0.0697497827533134,0.0551730702452253,2.3506849035613,0.87400608477362,0.623005871670546,1.67145360051192,0
"610","DTXSID4047202",1.89448174282344,-1.4416173129633,2.11310800558125,1.3022023881058,-1.36724910973408,-0.55305668843673,-1.34738939322495,-1.09711871016724,-1.2965365386695,-0.556357837873788,-0.158054643991571,-0.72739867678415,-0.068369579330843,-0.284245112749564,0.0808985159224161,-0.490563539433066,-0.526592708992943,0.936649874775571,-0.593899024179223,-1.20904256940198,1.64871958689247,-0.712382893105428,-3.0624183260662,0.759502730050505,-0.783745074360458,-1.62561136749058,-0.678675370685028,-0.82287758676922,0.367399254315011,1.18396330681363,0.0272437155678271,0.068369579330843,3.0624183260662,0.989670915656331,0.659099870851298,1.83331875034599,0
"611","DTXSID4047466",-1.37556510684161,2.58369681248647,-0.674846320507141,-1.24909185686934,-1.36724910973408,-0.938568671911734,-2.49777514154611,-2.47810362857193,-1.73298678987038,-2.12034105497658,0.683944114816271,0.682511084184088,1.17097806495363,-0.666772522916738,2.11362938248036,-0.490563539433066,-1.43379202943623,-1.20995364032244,-0.593899024179223,1.76893587168151,-0.285598686015605,-0.712382893105428,-0.693162393013275,-1.02810958417179,-1.46342764737006,-2.32552912467266,-1.54860658351754,-1.39788043784314,-0.962703163384863,-1.13154543790613,0.74390968425291,0.285598686015605,2.58369681248647,1.31273832395731,0.648841246522493,2.1432551195061,0
"612","DTXSID4051586",1.38891528909233,-0.978315089256827,1.12980461256252,2.51071018835718,-1.36724910973408,-0.684272703068364,-0.897480055729449,-0.938817070130389,-1.06867120095512,-1.0738355532118,-0.0903439939764089,-0.790562113839349,-0.339985238110621,-0.318888318624191,0.0417907736466427,-0.490563539433066,-1.43379202943623,0.439078339781625,-0.593899024179223,-1.20904256940198,2.00356081636345,-0.712382893105428,-1.36610246581685,0.780622693539741,-1.24205718735586,-2.54173835554215,-0.802930443176529,-0.903314797288423,-1.19855918983796,0.588134819658377,0.0339142268019534,0.0417907736466427,2.54173835554215,0.997514015807072,0.596957955696363,1.76162019909842,0
"613","DTXSID4051879",0.0981073221192828,0.309304077927406,0.840597732262897,0.563669843507734,-1.36724910973408,-0.645911609291061,-1.60817184314321,-2.30610960447186,-1.43505317829476,-0.99943253399373,0.108902116279999,-0.4735555548326,0.0490714493931535,-0.38884431821716,0.56840048492359,-0.490563539433066,-0.980192369214586,-0.0331967455234557,-0.593899024179223,-1.20904256940198,0.997358925110677,-0.712382893105428,-0.205558972599005,-0.222870532808447,-1.12345660092387,-2.09447920739236,-1.19626636119533,-1.16361481798275,0.303931052752113,0.150908160019269,0.208080208746709,0.0331967455234557,2.30610960447186,0.774670085001136,0.594473233060008,1.53559582331795,0
"614","DTXSID4051904",0.377782381630109,0.525912909790174,-0.443480816267441,-0.258786853885568,-1.36724910973408,0.431037563784116,-1.65852229135601,-1.16157698258447,-1.81324195738193,0.917095853985776,0.41263299876904,0.225453696133852,0.919677484212049,-0.564220013208908,1.99802179553077,-0.490563539433066,-1.43379202943623,-0.224274093258108,-0.593899024179223,-1.20904256940198,-0.549463598442481,-0.712382893105428,0.122474186843743,-0.396620264955985,-1.46342764737006,-0.947057675361409,-0.325859423472963,0.398768900637634,-0.648644433275367,0.208581551843323,0.202297530007286,0.122474186843743,1.99802179553077,0.75998481797571,0.522854078169702,1.42923803803293,0
"615","DTXSID4052003",-1.18732227832471,2.12641150077618,-0.825233898262946,-1.1651677040741,-1.36724910973408,-1.03093634824716,-2.00718692160399,-0.904742236352275,-1.36570353914674,-2.59576767593871,0.536552834054898,0.916145723891376,1.76691765655098,-0.539909602817379,2.67537914699036,-0.490563539433066,-1.43379202943623,-1.03613947470678,0.328245503743703,-1.20904256940198,-0.549463598442481,0.880370887293461,-0.103228955698481,-0.803974954468505,-0.748450370301922,-0.916927820258155,-1.69677414715821,-1.57630562539813,-1.2523978292853,-1.08829039403809,0.847599941406693,0.103228955698481,2.67537914699036,1.17081979586101,0.619165476964643,1.96335160637576,0
"616","DTXSID4052053",0.990916165942306,0.0686275980798858,1.36117011680222,-0.208432362208427,-1.36724910973408,-0.545462334885789,-1.43590140437863,-1.37697309636854,-1.41828838605826,-0.7089164106045,0.00535544838196445,-0.593056713514354,0.095451598778371,-0.348790605809252,0.366473410884237,-0.490563539433066,-0.753392539103765,0.56874529014683,-0.593899024179223,-1.20904256940198,0.908157033445354,-0.712382893105428,0.0299514237000307,0.121376954524609,-1.00433697472631,-1.91414855905448,-0.628951233873318,-0.539367974616318,0.125728721654221,0.202736275644939,0.0376742438199946,0.00535544838196445,1.91414855905448,0.689794858968023,0.511056584447354,1.34394728706064,0
"617","DTXSID40521325",0.71124110643148,0.110745982053202,0.111796393907841,-0.963749737365541,-1.36724910973408,-0.714211151768527,-1.92371235344964,-2.09141964776096,-1.03248494983656,-1.22199529254001,0.357113079309647,-0.106179933497711,0.530670669191671,-0.49907426893545,1.40691010386092,-0.490563539433066,-1.43379202943623,-0.090306841796152,-0.593899024179223,-1.20904256940198,1.57841207076772,-0.712382893105428,-0.00136217007611552,-0.324599446521382,-1.46342764737006,-2.1483378523063,-1.10770163168606,-0.90270571055157,-0.300328188573991,-0.0466621754861031,0.162479566067327,0.00136217007611552,2.1483378523063,0.851735919011154,0.628976030536117,1.65682523809738,0
"618","DTXSID4059417",0.549890110559849,0.098712158060826,0.389434998995481,0.91615128524772,-1.36724910973408,-0.629885960503969,-1.92371235344964,-2.38898403844612,-1.69095216778372,-1.06496453823674,0.357113079309647,-0.106179933497711,0.468343580071712,-0.49907426893545,1.40691010386092,-0.490563539433066,-1.43379202943623,-0.0895440389408527,-0.593899024179223,-1.20904256940198,0.720404885122602,-0.712382893105428,-0.251231703331625,-0.207633110865762,-1.46342764737006,-2.3142355253985,-0.852662889109364,-0.756658400670073,0.56599330436666,0.207802181683538,0.200861308056262,0.0895440389408527,2.38898403844612,0.857561047636952,0.64076871461852,1.67774500234866,0
"619","DTXSID4060072",0.743511305605806,-0.761706257394058,0.875302557898852,2.42678603556195,-0.352984729893449,-0.992807949652952,-0.824638706650614,0.272537023433255,-0.919981201621575,-2.24253729678812,-0.378494735994409,-0.978582047309228,-0.194227498711667,-0.234048309039984,-0.425390722920247,-0.490563539433066,-0.980192369214586,-0.544894435893977,-0.593899024179223,-1.20904256940198,-0.549463598442481,-0.712382893105428,-3.0624183260662,0.138726132535527,-0.598447878053145,-1.33976506961654,-0.830214063407037,-0.557362519902472,-1.28448708458504,0.87922957433789,0.0630100519324109,0.138726132535527,3.0624183260662,0.879820848555025,0.663741246020498,1.72940964346126,0
"620","DTXSID4060864",0.824186803541622,-0.406708449618966,0.852166007474882,1.21827823531057,-1.36724910973408,-0.561568439340045,-1.83036679024895,-2.53624677591588,-1.7734595892716,-1.21609980449156,0.30778658491607,-0.293030643910181,0.338765386572631,-0.0498992434819023,1.1830046891203,-0.490563539433066,-1.43379202943623,0.121089666996536,-0.593899024179223,-1.20904256940198,2.40233568495507,-0.712382893105428,-2.69894353746124,-0.0193324386046694,-1.46342764737006,-3.23068868238219,-1.10435305381001,-0.911710054161589,-0.22019345047698,0.364065898720331,0.0554085212943777,0.0193324386046694,3.23068868238219,1.05782122411479,0.836128222068676,2.1280653483627,0
"621","DTXSID4060941",1.00167289900042,-0.930179793287322,1.63880872188986,1.53719001593246,0.83032371325395,-0.518294631305299,0.495032607009102,0.0353589253539907,-0.234348205348483,-0.202046750117269,-1.08919359261156,-1.61268831835507,-1.34763164733887,-0.18247008929232,-1.31114724136884,-0.490563539433066,0.607406441561167,0.232849820333589,-0.593899024179223,-1.20904256940198,-0.549463598442481,-0.712382893105428,-3.0624183260662,0.478089731088261,0.287293481886433,-0.252603247792094,-0.289977220774302,-0.325126932067293,-0.880202084172876,1.76030753997427,0.0146830522438808,0.0353589253539907,3.0624183260662,0.823267120058116,0.652427086265029,1.65837379047735,0
"622","DTXSID4061335",0.350890548984838,0.152864366026518,1.11823633735054,-1.31623117910553,-0.352984729893449,-0.516134258765967,-0.628300923822752,-1.4304696996921,-0.891034183699911,-0.459485434262936,-0.356553731312351,-0.962115801817913,-0.521743938916941,-0.263433910583144,-0.369158059653243,-0.490563539433066,-0.072993048771299,0.227114496365307,-0.593899024179223,-1.20904256940198,0.933375898149593,-0.712382893105428,0.269958707781016,0.0456753967045987,-0.548101020793175,-1.05106479358658,-0.730615972610145,-0.835466958618901,-0.363454148026266,0.698805382347777,0.0644821820930402,0.0456753967045987,1.4304696996921,0.615738365125416,0.368886632724909,1.0879132550133,0
"623","DTXSID4061466",1.01242963205852,-0.111879761805754,1.6850818227378,0.53010018238964,-0.352984729893449,-0.872514575263219,-0.82463870665061,-1.03892071383618,-0.955811520312234,-1.53160181521819,-0.378494735994409,-0.978582047309228,-0.41380144887729,-0.234048309039984,-0.425390722920247,-0.490563539433066,-0.526592708992943,-0.130864116108852,-0.593899024179223,-1.20904256940198,2.05279378480386,-0.712382893105428,-3.0624183260662,0.153242153262205,-0.598447878053145,-1.42220426720623,-1.13879905586657,-1.23609933682928,-1.00638020532062,1.07095463364488,0.0626258932118018,0.111879761805754,3.0624183260662,0.891698840552708,0.631227595726168,1.6996701630822,0
"624","DTXSID4061468",1.10386186305245,-0.117896673801942,1.6850818227378,0.614024335184875,-0.352984729893449,-0.814709409680654,-0.824638706650614,-1.15723590628889,-1.19826273626173,-1.39957167725619,-0.378494735994409,-0.978582047309228,-0.41380144887729,-0.234048309039984,-0.425390722920247,-0.490563539433066,-0.526592708992943,-0.130864116108852,-0.593899024179223,-1.20904256940198,2.04218365867471,-0.712382893105428,-3.0624183260662,0.153856079047105,-0.598447878053145,-1.40952444997062,-1.13879905586657,-1.33959107400373,-1.00638020532062,1.07095463364488,0.0644855668835938,0.117896673801942,3.0624183260662,0.906136177893961,0.631150599651329,1.71400894544766,0
"625","DTXSID4061593",0.0658371229449568,0.525912909790174,-0.605436669235231,-0.0909385482950982,-1.36724910973408,-1.04840132406419,-1.72757171073357,-2.89652208411765,-2.55408036477571,-3.25203461431036,0.194649503212969,-0.544719861856817,0.279966583848866,-0.398240434722283,0.418424675150855,-0.490563539433066,-1.43379202943623,-0.541213912117158,-0.593899024179223,-1.20904256940198,2.48483415438068,-0.712382893105428,-3.0624183260662,-0.591776681363793,-1.46342764737006,-3.35862844600061,-1.72024044736061,-1.6404738243237,-1.79256696016426,-0.1222610809852,0.280864060913043,0.0658371229449568,3.35862844600061,1.23958356841603,1.01475749825258,2.53847316617934,0
"626","DTXSID4062149",-0.708647657238871,1.23590852534036,-0.871506999110886,-0.879825584570306,-0.352984729893449,-0.226231245501585,0.182169615643985,-0.677395793359873,-0.255468442495566,-0.142615160248879,-0.494855018877881,-0.791546941866313,-0.877220343426401,-0.317077073895454,-0.878682572408959,-0.490563539433066,-0.072993048771299,-0.464175591249765,-0.593899024179223,1.83357846358207,-0.771027639902796,-0.712382893105428,0.202351448833101,-0.80416821918768,0.287553001769217,-0.20934509317159,-0.741987277474192,-0.729544479028254,-0.568244878402551,-0.310478974573158,0.32089847390516,0.072993048771299,1.83357846358207,0.589480975884738,0.371390427566692,1.0648607231701,0
"627","DTXSID4062430",1.95364377464304,-0.978315089256827,1.534694244982,1.97359561046768,-1.36724910973408,-0.671525492769354,-1.98080394812829,-2.43944940555488,-1.65218948041468,-0.993509460338749,0.304822134436155,-0.319382639242808,0.221902371626973,-0.450394323579182,1.13473844769551,-0.490563539433066,-1.43379202943623,2.07043236371413,-0.593899024179223,-1.20904256940198,1.57424734836188,-0.712382893105428,-1.40661008303503,2.25529135158701,-1.46342764737006,-3.05215196317089,1.37076468795858,2.02843797663402,3.18661582051213,2.513568799406,0.0235351603409589,0.221902371626973,3.18661582051213,1.44458145433919,0.797357097343633,2.46519853893905,0
"628","DTXSID4062985",1.9697788742302,-1.64619232083369,2.00899352867338,1.18470857419247,-1.36724910973408,-0.217911322706652,-1.30038617226786,-2.22729365593286,-1.44207932063658,-0.779633653696935,0.0328652746238597,-0.571907404156837,-0.0464516587302115,1.14858120556692,0.566246324672866,-0.490563539433066,-1.43379202943623,1.30419689556589,-0.593899024179223,-1.20904256940198,2.69690893250218,-0.712382893105428,-3.0624183260662,1.26496292829751,-1.46342764737006,-4.20495528258159,0.775879377801146,1.61696764360987,1.3521800592103,1.62274870677231,0.0199258786394412,0.0328652746238597,4.20495528258159,1.34382014186628,0.893521334003299,2.4875274493905,0
"629","DTXSID4064424",2.4645885949032,-2.05534233657448,1.95115215261346,0.597239504625828,-1.36724910973408,-0.654814747506112,-1.83965207799989,-2.24331016862231,-1.61650303300179,-0.963025864969833,0.288878377349041,-0.294125617080178,0.247372319391531,-0.456364050646812,1.12442919325047,-0.490563539433066,-1.43379202943623,1.14362212700752,-0.593899024179223,-1.20904256940198,0.745665909715141,-0.712382893105428,0.172021159640647,1.00355548865345,-1.46342764737006,-2.46765723683767,0.228331920429992,0.706081702086412,1.4654168345993,1.39945915599405,0.0168279370946042,0.172021159640647,2.46765723683767,1.11329887953864,0.685943625106081,1.99130671967442,0
"630","DTXSID4066389",0.178782820055098,0.11676289404939,0.759619805779002,0.177618740649653,-1.36724910973408,-1.04840132406419,1.02088568100361,0.362016009151062,-0.36792016139011,-3.25203461431036,4.42685535518654,2.50617417261358,4.05545330027565,2.28565824909122,-0.841527781278398,-0.490563539433066,-1.20699219932541,-0.104895446403753,-0.593899024179223,-1.20904256940198,-0.549463598442481,-0.712382893105428,0.365601321342095,-0.411115010226609,1.04638913902774,-1.23514638464367,-0.411394393352286,-0.028565285544726,-1.44676884116992,0.0429653928891152,0.114843561963088,0.028565285544726,4.42685535518654,1.08740483523731,1.14185652301562,2.54898118469731,0
"631","DTXSID4066967",0.367025648572001,0.676335709694874,-0.0964325599078899,0.496530521271546,-1.36724910973408,-0.586709771901322,-1.60817184314321,-1.64320658466214,-1.43944673503985,-0.993427621609054,0.108902116279999,-0.473555554832594,0.238847455351673,-0.38884431821716,0.56840048492359,-0.490563539433066,-0.980192369214586,-0.0331967455234557,-0.593899024179223,-1.20904256940198,0.932285137519494,-0.712382893105428,-0.029501386161815,-0.422078560943825,-1.12345660092387,-2.03499414839961,-1.29843472475284,-1.30732018498096,-0.545150642479019,-0.32645606284874,0.192629679757821,0.029501386161815,2.03499414839961,0.769734687500296,0.530918519905174,1.44931039297892,0
"632","DTXSID4068745",2.23869720068292,-2.10949454454017,2.1478128312172,0.597239504625828,-1.36724910973408,-0.58017678566679,-1.83965207799989,-2.34115405202686,-1.5016663123574,-0.846016564402246,0.288878377349041,-0.294125617080178,0.24017537686783,-0.456364050646812,1.12442919325047,-0.490563539433066,-1.43379202943623,1.21232205916293,-0.593899024179223,-1.20904256940198,0.740023174384496,-0.712382893105428,0.207257978781735,0.94658008082163,-1.46342764737006,-2.46594484994412,0.326095587074338,0.487378392187842,1.89171998900496,1.50701223804431,0.015436322719395,0.207257978781735,2.46594484994412,1.12201912169267,0.704586411777117,2.02388972876738,0
"633","DTXSID4073201",1.00167289900042,-0.930179793287322,1.33803356637825,1.57075967705055,-1.36724910973408,-0.903841686266476,-2.30544883334667,-2.30740925220665,-2.36863025287294,-1.41833307877005,0.371001576815237,-0.267048063167267,0.372197010865001,-0.470782912341286,1.17785853341484,-0.490563539433066,-1.43379202943623,0.0653097082027691,-0.593899024179223,-1.20904256940198,2.4203801171475,-0.712382893105428,-3.0624183260662,0.0976848355537719,-1.46342764737006,-3.35862844600061,-1.25853504245194,-0.755994330219567,-1.02275909604653,0.651653487680814,0.0686998222529809,0.0653097082027691,3.35862844600061,1.22556391126042,0.848671725229262,2.31186371955388,0
"634","DTXSID4073384",-1.19807901138282,2.22869900471138,-0.848370448686916,-1.36658567078267,-1.36724910973408,-0.933950288094963,-2.38774608000146,-2.00857826774459,-2.12397044754695,-2.09656972392847,0.617222122324911,0.507192377606818,0.984853011372405,-0.627244982614337,1.8874382322603,-0.490563539433066,-1.43379202943623,-1.02397276916476,-0.593899024179223,1.65765117657375,-0.317280324317141,-0.712382893105428,-0.660055728683956,-0.82467324406894,-1.46342764737006,-2.36185618948592,-1.37879958227381,-1.11832865374255,-1.239324428978,-0.969046759591065,0.769173496779976,0.317280324317141,2.38774608000146,1.24762675897323,0.609038092612723,2.02719551751752,0
"635","DTXSID4073885",-1.08513331427268,1.88573502092866,-0.894643549534856,-1.29944634854648,-1.36724910973408,-0.922350864341351,-1.91033176234372,-1.62199739235893,-1.76062859426523,-1.72290760030077,0.531181196556093,0.475198499179306,0.86513771665337,-0.61039047540935,1.60623775129653,-0.490563539433066,-1.43379202943623,-1.13815958908523,-0.593899024179223,1.1638253420331,0.110991963082964,-0.712382893105428,0.00175613397689606,-1.09092297002185,-1.46342764737006,-1.45632969172778,-1.36350996065357,-1.2143911267854,-1.20563414869697,-1.10465716739357,0.914086710794154,0.00175613397689606,1.91033176234372,1.10342708075676,0.500092615647983,1.74354562878618,0
"636","DTXSID4074510",1.86221154364911,-0.75568934539787,1.49998941934604,0.160833910090606,-0.352984729893449,-0.507566472040191,-1.18089429069082,-1.5797911841136,-1.04108028573921,-0.423680004866771,-0.0704607267306422,-0.598055750791475,-0.276756087542334,-0.323387084174645,-0.0408901623789442,-0.490563539433066,-0.526592708992943,1.09013057677965,-0.593899024179223,0.672355159712011,1.62488508428046,-0.712382893105428,-0.22575713637382,0.938438500224944,-0.904162299971933,-1.55683049393281,-0.299739735404088,-0.480280791936438,0.303931052752113,1.5327314533172,0.0171058257546925,0.0408901623789442,1.86221154364911,0.754231714928061,0.522723280268888,1.42331751367224,0
"637","DTXSID4074699",1.30286142462746,-1.04450112121489,1.88174250134155,1.78896247431816,-1.36724910973408,-0.899365634182831,-1.72757171073357,-2.32347114157174,-1.97675068946922,-1.74931856571615,0.194649503212969,-0.544719861856817,-0.107092522606511,-0.398240434722284,0.568436301474607,-0.490563539433066,-1.43379202943623,0.202709572513572,-0.593899024179223,-1.20904256940198,2.43525412573977,-0.712382893105428,-3.0624183260662,0.227982671362886,-1.46342764737006,-3.35862844600061,-0.860279833272895,-0.856149539740899,-1.02734518544979,0.764662160849567,0.0609829153645006,0.107092522606511,3.35862844600061,1.21911568535683,0.837787418535459,2.29148358108222,0
"638","DTXSID4074728",-0.332162000205066,0.333371725912158,-0.547595293175306,-1.03088905960173,-1.36724910973408,-1.04840132406419,0.160757641120152,-0.689617780096949,-2.47364408933721,-3.25203461431036,6.43386589473579,4.14699281256119,6.69825080068492,-0.119365866527816,-0.222353940751919,-0.490563539433066,-1.20699219932541,-0.46889543391693,-0.593899024179223,-1.20904256940198,-0.549463598442481,-0.712382893105428,0.0875361441020124,-0.00576311586821989,2.34139335411666,-0.505954965805111,-1.18232170195138,-0.793846181930998,-1.56932874582594,-0.568840182541722,0.303708003432401,0.00576311586821989,6.69825080068492,1.37142585342551,1.7014021195525,3.54922056645271,1
"639","DTXSID4074932",0.453079513036871,-1.12272097716534,0.481981200691361,-0.946964906806494,-1.36724910973408,5.15573204518332,1.7586410225762,1.42065133237547,1.44003495785511,0.485871796040277,9.18488973608235,5.4240810767209,7.50040800287747,-0.101172881533631,0.721603129436836,-0.490563539433066,-1.20699219932541,0.41872103858082,-0.593899024179223,-1.20904256940198,-0.549463598442481,-0.712382893105428,0.595714066692564,1.58464141283622,-1.46342764737006,1.58327935768074,0.764938937646834,2.09240202144606,-0.802794654479568,0.493051660164667,0.0343034757790042,0.101172881533631,9.18488973608235,1.73754654363003,2.16815846111885,4.51278937386215,1
"640","DTXSID40825830",0.141134254351718,-0.888061409314006,-0.998758026442722,-0.829471092893165,-1.36724910973408,3.72959964535923,0.959335393576612,1.7574216386259,1.2018822680188,1.76297346304506,8.55303084279972,6.04410559789158,9.2613316690184,-0.286648665564396,0.858539527259202,-0.490563539433066,-1.43379202943623,0.0521465914310081,-0.593899024179223,-1.20904256940198,-0.549463598442481,-0.712382893105428,0.339110632813214,1.37360041034293,2.2549732331498,0.409438142149228,0.132789575898398,0.477927296378898,-0.828177874222729,-0.00964209289633901,0.0918137254556611,0.00964209289633901,9.2613316690184,1.65021640357252,2.30834214921422,4.60489435456672,1
"641","DTXSID40855213",0.29172851716524,0.766589389637694,-0.339366339359575,-1.38337050134172,-1.36724910973408,-1.03093634824716,-0.888031387096497,-0.790544517068263,-1.64075544771285,-2.59576767593872,-0.0577425698950392,-0.626628548435047,-0.397671963595234,-0.335787699304081,-0.324462663598815,-0.490563539433066,-1.20699219932541,-0.498644745273606,-0.593899024179223,0.488327242729031,2.03117689231643,-0.712382893105428,-0.272224280876277,-0.365764166042005,-1.12086140209603,-2.502638854806,-1.43007752589901,-1.28648941863689,-1.52395315225935,-0.370490476876565,0.201274211772293,0.0577425698950392,2.59576767593872,0.924370616399477,0.661075603226754,1.77054738852972,0
"642","DTXSID40858789",-0.0524869406942392,0.68836953368725,0.0539550178479156,0.664378826862016,-1.36724910973408,-0.637008471076009,-1.59189004301725,-2.32814779830362,-1.58861401739121,-1.03583920301762,0.0977176745061356,-0.463851331147477,0.0750240621715273,-0.387995422632508,0.544957224407378,-0.490563539433066,-0.980192369214586,-0.219177616681138,-0.593899024179223,-1.20904256940198,1.69561925847481,-0.712382893105428,-0.241708117551057,-0.352218003315495,-1.06921694542214,-1.95308497532459,-1.39034857993835,-1.46148119263338,0.0418688011375664,-0.0427653246871807,0.288401272116154,0.0418688011375664,2.32814779830362,0.801035129566541,0.63882041281129,1.61872525796499,0
"643","DTXSID40861758",1.6040499502545,0.0806614220722619,1.39587494243818,1.73860798264102,-1.36724910973408,-0.647136751071653,-1.81803138070711,-2.08966472590354,-1.58693718484837,-1.26665812306118,0.294732306258018,-0.323233350063778,0.295561158985016,-0.0890151048508958,1.12989588608412,-0.490563539433066,-1.43379202943623,0.238370605998818,-0.593899024179223,-1.20904256940198,2.39733458531627,-0.712382893105428,-2.70394223525317,0.181506892414837,-1.46342764737006,-3.22616308844922,-1.14183577840859,-1.00444640350283,-0.449497920639709,0.479802367448331,0.0607034527605995,0.0806614220722619,3.22616308844922,1.11511056531105,0.808449547576874,2.14992598620945,0
"644","DTXSID40861834",0.442322779978762,0.345405549904534,0.886870833110837,-0.711977278979836,-1.36724910973408,-0.680725663116455,-2.12164018265483,-1.9327618850682,-1.92342689496098,-0.920828028065006,0.404979071911784,-0.0740622307972533,0.266878691108359,-0.50038686085277,1.02026012637548,-0.490563539433066,-1.43379202943623,0.0152984460022033,-0.593899024179223,0.296116998673787,1.30221083774513,-0.712382893105428,-0.265758767551181,0.0503203283302558,-1.46342764737006,-2.94643245805217,-0.900662696684578,-1.00189376042705,-0.798591201081868,0.247160374752656,0.120836893209693,0.0152984460022033,2.94643245805217,0.870609539648135,0.691553613121756,1.75579816444398,0
"645","DTXSID40862240",1.00167289900042,-0.930179793287322,1.67351354752582,1.88967145767244,-1.36724910973408,-0.967389017256816,-2.30544883334667,-2.11585132156892,-2.02515769694449,-2.00705037735439,0.371001576815237,-0.267048063167267,0.372197010865001,-0.470782912341286,1.17785853341484,-0.490563539433066,-1.43379202943623,0.0653097082027691,-0.593899024179223,-1.20904256940198,2.30495781047149,-0.712382893105428,-3.0624183260662,0.096893235851515,-1.46342764737006,-3.35862844600061,-1.25853504245194,-1.14900796513905,-1.02275909604653,0.651653487680814,0.0667786453609411,0.0653097082027691,3.35862844600061,1.26051143237106,0.838238188593771,2.33345631377109,0
"646","DTXSID40862245",0.189539553113207,0.802690861614822,-0.0617277342719348,-1.13159804295601,-1.36724910973408,-0.684622125044079,-1.41515098671596,-1.3567936033686,-1.79365354171649,-1.3821635425553,0.117772535617893,-0.384431870717225,-0.142516522640604,-0.389579390585021,0.169929122168113,-0.490563539433066,-1.20699219932541,-0.243963941960522,-0.593899024179223,0.428301640857645,1.23650819326006,-0.712382893105428,-0.276804161835545,-0.283448961166602,-1.16523930205198,-2.49424000480428,-1.24999599857296,-1.18129049678049,-1.22544786877966,-0.32645606284874,0.224329227934288,0.0617277342719348,2.49424000480428,0.816831761059365,0.594566140440249,1.57787642082288,0
"647","DTXSID40862523",-1.07975494774362,1.18175631737467,-0.940916650382797,-1.24909185686934,-1.36724910973408,-0.944356502852611,-0.876074126420883,-1.26292554533648,-1.51002555366851,-2.23734238434433,-0.0400275557614674,-0.446486938530659,-0.0871306310287177,-0.384668398527107,0.399298355560462,-0.490563539433066,-1.20699219932541,-0.721530972074242,-0.593899024179223,-1.20904256940198,0.586315697663285,-0.712382893105428,-0.011201268020926,-0.771603164356701,-0.795682988968492,-1.42407973856584,-1.57304928610607,-1.45325534865255,-1.44676884116992,-0.799144064758043,0.551712956842442,0.011201268020926,2.23734238434433,0.926753882330563,0.512800002353108,1.58313788534254,0
"648","DTXSID40862922",2.94864158251809,-2.10949454454017,1.65037699710185,1.8728866271134,-0.352984729893449,-0.682350145733049,-1.27610520869209,-1.79292486591398,-1.12389706465287,-0.901615546558919,-0.0919226163907183,-0.761650954583014,-0.300622075834217,-0.302461694740946,0.0996499692128812,-0.490563539433066,-0.299792878882121,1.61108201928853,-0.593899024179223,-1.20904256940198,2.18703109772065,-0.712382893105428,-3.0624183260662,1.78305094865796,-1.03080800277021,-2.00302959305326,0.402031082458141,0.403558098884584,0.796608085787462,2.91689285709448,0.0278691176868174,0.0919226163907183,3.0624183260662,1.19232585467543,0.873897661567244,2.3109148614815,0
"649","DTXSID40863035",1.93750867505587,-1.98313939262022,1.90487905176552,1.13435408251533,-1.36724910973408,-0.791102437805234,-2.15248135971379,-2.39643395548208,-1.80593911222531,-1.38261638315722,0.325653900746085,-0.34054942164391,0.227814762398472,-0.451139339976118,1.06279279731425,-0.490563539433066,-1.43379202943623,0.691952253831218,-0.593899024179223,-1.20904256940198,2.35509974610365,-0.712382893105428,-3.0624183260662,0.71088442629107,-1.46342764737006,-3.35862844600061,-0.603210861724963,-0.548302526224358,0.068075026299021,1.34061670893032,0.0499206249179848,0.068075026299021,3.35862844600061,1.26353166021836,0.846369416066836,2.34688451278391,0
"650","DTXSID40864805",-0.00408164193275003,0.128796718041766,-0.0038863582120096,1.48683552425532,-1.36724910973408,-0.889758086894014,-0.396319787160589,-0.811475128254222,-1.04974836688201,-1.74016664423828,0.118739545323284,-1.0612315985751,-0.0886706497995653,4.32976427445544,1.4158638103906,-0.490563539433066,-1.43379202943623,0.0982008138197098,-0.593899024179223,-1.20904256940198,2.35022254032327,-0.712382893105428,-1.43033030932554,0.159139289533262,-1.46342764737006,-2.42492910673184,-0.759502543898872,-0.460413920624613,-0.928580474372553,-0.131613522902614,0.175793946439535,0.0038863582120096,4.32976427445544,0.984620915620243,0.920316229436739,2.16262568929927,0
"651","DTXSID40867952",1.71161728083559,-1.67025996881845,0.990985310018702,0.513315351830593,-1.36724910973408,-0.362803478340578,-1.87846203562789,-1.8081032787601,-1.54551934919443,-0.518201444137835,0.39949488176965,0.0649828409934102,0.525124220127554,-0.525864850476215,1.41386245367423,-0.490563539433066,-1.43379202943623,0.53995901739497,-0.593899024179223,-1.20904256940198,0.324377829410829,-0.712382893105428,0.215251749797668,0.415397179497419,-1.46342764737006,-1.96213616319052,-0.315617617848229,-0.257529712029063,0.531527067192865,0.81882838695459,0.0280886726005211,0.0649828409934102,1.96213616319052,0.885985942686048,0.585206939560978,1.6350508253241,0
"652","DTXSID40870926",0.307863616752403,0.194982749999834,0.794324631414957,-1.29944634854648,-0.352984729893449,-0.434849718321569,-0.628300923822752,-1.05242214355221,-0.919271006537037,-0.122177711893075,-0.356553731312351,-0.962115801817913,-0.43133113590757,-0.263433910583144,-0.369158059653243,-0.490563539433066,-0.299792878882121,0.0544922102110547,-0.593899024179223,-1.20904256940198,0.907256329591711,-0.712382893105428,0.268619441424652,0.0358049316808244,-0.548101020793175,-0.956924285557603,-0.999255169103676,-1.05448081981851,-0.568244878402551,0.602942852694283,0.0755990908204239,0.0358049316808244,1.29944634854648,0.593033968809595,0.35170648009773,1.04321826333469,0
"653","DTXSID40870986",1.17915899445921,-0.659418753458862,1.55783079540597,1.35255687978294,-1.36724910973408,-0.976467207398294,-1.72757171073357,-2.28099754222722,-2.26488974980771,-2.09115284858072,0.194649503212969,-0.544719861856817,-0.0914325087817947,-0.398240434722285,0.544996984861521,-0.490563539433066,-1.43379202943623,-0.0519712307995121,-0.593899024179223,-1.20904256940198,2.46430802252334,-0.712382893105428,-3.0624183260662,0.018695190298436,-1.46342764737006,-3.35862844600061,-1.23921925426052,-1.31050220068954,-1.39423233771015,0.519160560517448,0.0696801381194583,0.018695190298436,3.35862844600061,1.21845253856052,0.867326668079225,2.32863067370193,0
"654","DTXSID40871231",1.5341311853768,-1.38746510499761,1.92801560218949,2.00716527158577,-1.36724910973408,-0.864794436135383,-2.19360164832478,-2.08880931702978,-1.66855008985392,-1.66182584576531,0.337935563014814,-0.320790991945888,0.273833501958741,-0.4563918125681,1.09347699360774,-0.490563539433066,-1.43379202943623,0.437271450518134,-0.593899024179223,-1.20904256940198,2.34293611241042,-0.712382893105428,-3.0624183260662,0.504346194163256,-1.46342764737006,-3.35862844600061,-0.927167288758729,-0.883621451785563,-0.545150642479019,1.0951151085982,0.0503998556009647,0.273833501958741,3.35862844600061,1.27479330659314,0.805076905580218,2.30529174573582,0
"655","DTXSID40871276",1.01780799858758,-0.647384929466486,1.32646529116627,1.00007543804295,-1.36724910973408,-0.800829445355549,-2.04163536432764,-2.31903298793139,-1.95696639498799,-1.34434634088363,0.194649503212969,-0.393811275612495,0.255097595500408,-0.398240434722285,0.755950834379297,-0.490563539433066,-0.980192369214586,-0.00797180860227415,-0.593899024179223,-1.20904256940198,2.09424268874766,-0.712382893105428,-3.0624183260662,-0.0166837430035105,-1.19716024763434,-2.72818467135701,-1.41332264450559,-1.39576201276713,-0.70688048918971,0.47278803601027,0.0612156190960234,0.00797180860227415,3.0624183260662,1.0967012669043,0.780077695615745,2.09520071729245,0
"656","DTXSID40871312",1.36202345644706,-1.39949892898999,1.69665009794979,1.97359561046768,-1.36724910973408,-0.938486434465533,-2.19360164832478,-1.77373520349713,-1.58846827051662,-1.94103530837338,0.337935563014814,-0.320790991945888,0.285108711912541,-0.4563918125681,1.09347699360774,-0.490563539433066,-1.43379202943623,0.368571518362733,-0.593899024179223,-1.20904256940198,2.28829892084814,-0.712382893105428,-3.0624183260662,0.50229011626417,-1.46342764737006,-3.35862844600061,-0.908976961764152,-0.705131701520505,-0.807126261944272,1.07134431872477,0.0517447002878742,0.285108711912541,3.35862844600061,1.25679808054122,0.789336067648605,2.26714824713144,0
"657","DTXSID40873255",0.232566485345642,0.682352621691062,-0.1658422111798,0.0601249267363246,-1.36724910973408,-1.03093634824716,-1.17784431855932,-1.68375165513248,-2.11785720948768,-2.59576767593872,0.0977176745061356,-0.541081617373834,-0.0828056206334022,-0.387995422632508,0.441792775308911,-0.490563539433066,-1.43379202943623,-0.466125506048624,-0.593899024179223,-1.20904256940198,2.22136588218293,-0.712382893105428,-1.44893718323663,-0.308008574871186,-1.46342764737006,-2.91711802527918,-1.3517162748896,-1.37540581825727,-1.65334638899403,-0.497917498001332,0.281253257027409,0.0601249267363246,2.91711802527918,1.02695781757313,0.771480515787961,2.01445287778172,0
"658","DTXSID40874267",1.6040499502545,-1.65822614482607,1.84703767570559,2.02395010214482,-1.36724910973408,-0.769919994141788,-1.95330496175431,-2.17283466031369,-1.51824352067591,-1.18637728362912,0.194649503212969,-0.43625431549371,0.077106484146229,-0.398240434722283,0.755950834379295,-0.490563539433066,-1.20699219932541,0.549970804870774,-0.593899024179223,-1.20904256940198,2.01358508868478,-0.712382893105428,-3.0624183260662,0.659027713795421,-1.26567349668914,-2.79476390462307,-0.95792441761459,-1.05385364297457,0.068075026299021,1.19799196968975,0.0472777994217677,0.068075026299021,3.0624183260662,1.19331865306289,0.762385544326092,2.16917214980029,0
"659","DTXSID40874984",2.60442612465861,-2.29000190442581,1.7660597492217,1.45326586313722,-0.352984729893449,-0.607312692173061,-1.24600744188932,-1.75165841869514,-1.04407835417559,-0.60797322697715,-0.1110274243643,-0.776113027431432,-0.313550757417637,-0.297049435783268,0.0610440359677991,-0.490563539433066,-0.299792878882121,1.42510114813084,-0.593899024179223,-1.20904256940198,2.27297211505553,-0.712382893105428,-3.0624183260662,1.57308769337656,-1.00200129578126,-1.91341467895725,0.203232463848435,0.098271971782072,0.558733962216673,2.69516204663579,0.0282651081903199,0.0610440359677991,3.0624183260662,1.1130876597688,0.860296163584158,2.21426674915652,0
"660","DTXSID40880424",1.00705126552947,-0.930179793287322,1.60410389625391,1.99038044102673,-1.36724910973408,-1.03093634824716,-2.30544883334667,-2.02007235625005,-1.77639169851096,-2.59576767593872,0.371001576815237,-0.267048063167267,0.372197010865001,-0.470782912341286,1.17785853341484,-0.490563539433066,-1.43379202943623,0.0653097082027691,-0.593899024179223,-1.20904256940198,2.32369906129775,-0.712382893105428,-3.0624183260662,0.0962855435484632,-1.46342764737006,-3.35862844600061,-1.25853504245194,-1.10716111075987,-1.02275909604653,0.651653487680814,0.0621904830959984,0.0653097082027691,3.35862844600061,1.27120090132365,0.855529039486707,2.36627807186664,0
"661","DTXSID40880686",1.8406980775329,-1.55593864089087,2.06683490473331,0.74830297965725,0.661279649947178,-0.564136975042934,-0.0606184724265588,-0.0551549994409238,-0.370015228989925,-0.505945453569947,-0.770646057557351,-1.34569620423051,-0.979309883633523,-0.1847755104742,-0.926871896816634,-0.490563539433066,1.06100610178281,0.926509364317934,-0.593899024179223,-1.20904256940198,-0.549463598442481,-0.712382893105428,-3.0624183260662,1.29103047285923,-0.13961672529218,-0.205227210403757,0.166158349318819,0.168245130007057,-0.367506550496992,2.62229093669594,0.0120723841624998,0.0551549994409238,3.0624183260662,0.87338619089157,0.747221716716524,1.82982998828872,0
"662","DTXSID40880747",1.24907775933692,-1.62212467284894,2.05526662952132,1.16792374363342,-1.36724910973408,-0.723808927409208,-2.15248135971379,-2.03043637829292,-2.03104997595302,-1.13386326249587,0.325653900746085,-0.340549421643916,0.248315144132648,-0.451139339976118,1.06279279731425,-0.490563539433066,-1.43379202943623,0.554552389520415,-0.593899024179223,-1.20904256940198,2.44883905358738,-0.712382893105428,-3.0624183260662,0.708385398198482,-1.46342764737006,-3.35862844600061,-0.769026098527964,-0.391239263499983,-0.580529046446983,1.29307512918346,0.046026432651447,0.248315144132648,3.35862844600061,1.234384442557,0.814177388879136,2.27653150032229,0
"663","DTXSID40880868",1.29748305809841,-0.677469489447426,1.81233285006964,0.0265552656182306,-1.36724910973408,-0.682968062816961,-1.8656929176263,-2.39218610703944,-1.60727248200654,-1.02653236483455,0.253542549548016,-0.247536612875101,0.0864370757133652,-0.434451174254871,0.693553364944311,-0.490563539433066,-0.980192369214586,0.500722345525507,-0.593899024179223,1.46475582760448,-0.139328213590529,-0.712382893105428,-0.60276601867567,0.659440188163103,-1.26671157622028,-2.69744324950606,-0.335436729139921,-0.199393879475484,1.3521800592103,0.99691446846535,0.0488679950693285,0.0265552656182306,2.69744324950606,0.915446428871207,0.679660577533346,1.78541196811389,0
"664","DTXSID40883571",0.32937708286862,0.074644510076074,0.516686026327316,-0.695192448420789,-1.36724910973408,-0.798196965760978,-1.66832213125464,-1.59144732017242,-2.00750079104341,-1.83792548195228,0.270640530742061,-0.282808596480442,-0.0756707958915674,-0.445036719084981,0.515038589312613,-0.490563539433066,-1.43379202943623,-0.170682425155479,-0.593899024179223,0.689020105890959,1.62625679840619,-0.712382893105428,-0.374218843441825,-0.027795611219357,-1.46342764737006,-2.99091374616807,-1.02026846882975,-0.747089285834581,-1.22544786877966,0.164547137815498,0.270063064692777,0.027795611219357,2.99091374616807,0.873534750806254,0.706773198861451,1.77820444534891,0
"665","DTXSID40883793",1.61480668331261,-1.11670406516915,1.85860595091758,2.66177366338861,-0.352984729893449,-0.8149106622933,-0.846661462847754,-0.0780749544693287,-0.958225103040509,-1.21520978959774,-0.263865888152936,-0.968000042785999,-0.443507382997506,-0.258129820806724,-0.293673197367679,-0.490563539433066,-0.753392539103765,0.652200690034429,-0.593899024179223,-1.20904256940198,2.20873208141537,-0.712382893105428,-3.0624183260662,1.28003165442742,-0.921809652001201,-1.64913630171869,-0.453256992051004,-0.392455147519202,-1.07189576822426,2.13050836587191,0.031766459053858,0.0780749544693287,3.0624183260662,1.04422863138647,0.743066995838629,1.99535438605991,0
"666","DTXSID40885515",-0.816214987819958,-2.71720265615516,0.690210154507092,0.932936115806767,2.8588524729352,0.339593566923167,0.404219965312611,0.310932756499634,0.795324035327049,0.969987132995093,-0.280595627894596,-0.15421169781799,-0.259795806839784,-0.239385510302817,-0.349517671963752,-0.490563539433066,4.00940389322349,3.45947729314293,-0.593899024179223,0.667422195282702,0.585973216607803,-0.712382893105428,0.659261606510928,1.71093737229384,0.48452859280178,2.03673571554053,2.36923537225258,2.03861428276802,3.65250426782688,2.71074944983148,0.0760491042127557,0.15421169781799,4.00940389322349,1.27668896246338,1.16123577934241,2.76307076002167,0
"667","DTXSID40896843",0.496106445269305,-0.599249633496982,1.23391908947039,1.00007543804295,-1.36724910973408,-0.935615351761646,-2.04163536432765,-1.84473366349021,-2.33279118774592,-1.71269172806222,0.194649503212969,-0.393811275612495,0.287312481082681,-0.398240434722285,0.755950834379297,-0.490563539433066,-0.980192369214586,-0.00797180860227415,-0.593899024179223,-1.20904256940198,1.91382096452342,-0.712382893105428,-3.0624183260662,-0.000601615735703173,-1.19716024763434,-2.68826974829059,-1.27280814173506,-1.19922403218933,-1.239324428978,0.411607478467186,0.0701714358269156,0.000601615735703173,3.0624183260662,1.08577729093225,0.77560972161699,2.078557734602,0
"668","DTXSID40905045",0.248701584932805,0.664301885702498,0.320025347723571,-1.11481321239696,-1.36724910973408,-0.91350787272782,-1.18478287642776,-1.2368712054644,-1.84640647865473,-1.72971818179314,0.117772535617893,-0.505471386542527,-0.25951003729122,-0.389579390585021,0.0207000996275984,-0.490563539433066,-1.43379202943623,-0.356663296313161,-0.593899024179223,0.12748661884214,1.64306442811545,-0.712382893105428,-0.193113817205853,-0.13692431395438,-1.46342764737006,-2.96086543329784,-1.07653970037752,-1.10843863487277,-1.5732903822827,-0.133172263222183,0.252623375880352,0.0207000996275984,2.96086543329784,0.864101174241001,0.690337581788434,1.7477332789302,0
"669","DTXSID40927848",1.99667070687547,-2.09144380855161,1.71978664837376,1.55397484649151,-1.36724910973408,-0.48211217248651,-1.70920769914028,-2.31238280925335,-1.62400921643094,-0.97452782161354,0.174088361466558,-0.464505592909007,0.0786788027977303,0.381714289709248,0.790310182755606,-0.490563539433066,-1.43379202943623,1.1246521734998,-0.593899024179223,-1.20904256940198,2.39801255844131,-0.712382893105428,-3.0624183260662,1.08013495894706,-1.46342764737006,-3.86133631260835,-0.0254659964697607,0.487160515041923,0.587831825334539,1.49843916628668,0.0291182575858465,0.0254659964697607,3.86133631260835,1.25830738680703,0.895821172039708,2.40495848701785,0
"670","DTXSID40933626",1.01780799858758,-0.45484374558847,-0.0617277342719348,0.815442301893438,-1.36724910973408,-0.690701024829929,-1.88909929885269,-2.18728871847073,-1.33990000489063,-1.21262692762082,0.32926218055022,-0.183569332619909,0.408741068655805,-0.481578551630624,1.28991552628605,-0.490563539433066,-1.43379202943623,0.281654900519213,-0.593899024179223,-1.20904256940198,1.59939352941869,-0.712382893105428,-0.00554329025664241,0.100740949841921,-1.46342764737006,-2.30669286884356,-0.719965896308531,-0.603833297473815,0.196935222211263,0.479022997288546,0.0637336514896609,0.00554329025664241,2.30669286884356,0.864221472652369,0.63122724513514,1.67219234642535,0
"671","DTXSID40938358",1.42656385479571,-0.888061409314006,2.18251765685316,2.9471157828924,-1.36724910973408,-0.920913310358283,-0.846661462847753,-0.630634264407206,-0.973440288080162,-1.81658204842296,-0.158054643991571,-0.968000042785999,-0.500966164495369,-0.284245112749564,-0.240162952611954,-0.490563539433066,-1.20699219932541,0.667251743873055,-0.593899024179223,-1.20904256940198,2.31464412912821,-0.712382893105428,-3.0624183260662,0.952675468006495,-1.26878773528254,-2.95295583669428,-0.752885816464756,-0.838386192198358,-1.31736489867534,1.24709228975618,0.0429406817036204,0.158054643991571,3.0624183260662,1.19128369219769,0.790620786042839,2.20327829833252,0
"672","DTXSID40946993",-1.00445781633686,-0.105862849809566,0.0886598434838707,-0.829471092893165,0.661279649947178,0.632019038051709,1.25549881759505,1.06120099935899,1.05236158431243,1.65765818959662,-0.363800667391364,0.25332002943942,-0.630043290319002,0.309608771127074,-1.20318989982052,-0.490563539433066,-0.299792878882121,-0.91519231448122,-0.593899024179223,1.39474581587383,-0.549463598442481,-0.712382893105428,0.373294935842206,-1.21881151961093,2.34528615235841,0.570117112327745,-0.436176783868978,-0.318571230816458,-0.416740139187891,-0.443361586816416,0.118112884535327,0.0886598434838707,2.34528615235841,0.739561068823641,0.499197121501148,1.37853338434511,0
"673","DTXSID40947980",2.23331883415386,-2.92779457602174,2.00899352867338,2.81283713842003,-1.36724910973408,-0.740324689004226,-2.0053972504514,-2.37129197708587,-1.70820039655445,-1.17158615905643,0.281161841206535,-0.411223804794522,0.10519054025795,-0.432532370310374,0.954495633925428,-0.490563539433066,-1.43379202943623,1.80783748077731,-0.593899024179223,-1.20904256940198,2.36356140432503,-0.712382893105428,-3.0624183260662,1.93961230253741,-1.46342764737006,-3.35862844600061,0.690270369472799,1.09264532621943,1.63062120155076,2.67100157168247,0.0255812621290887,0.10519054025795,3.35862844600061,1.53504339937361,0.910214258816623,2.70011765065889,0
"674","DTXSID40951648",-0.541918294838186,0.543963645778738,-0.640141494871186,-0.74554694009793,-0.352984729893449,-0.159458239339369,0.0759105543015699,-0.711890072775876,-0.134836077014688,0.448323047766357,-0.409334273643928,-0.803233389148058,-0.494615950628624,-0.338229876970805,-0.423867957298284,-0.490563539433066,-0.299792878882121,-0.291591445238278,-0.593899024179223,-1.20904256940198,0.342979952605699,-0.712382893105428,0.142733164243923,-0.526417062536766,0.0500923090224501,-0.191365030789269,-1.02251003014744,-0.930714686634309,-0.357118709971086,-0.138238169260782,0.276418154465994,0.0500923090224501,1.20904256940198,0.470789866993962,0.287035544372416,0.838195363790655,0
"675","DTXSID40977227",0.899483934948382,-1.71237835279176,1.03725841086664,0.681163657421062,1.67554402978781,0.173626894354339,0.693044257549725,0.653045635181036,0.761460843535438,1.34868199331133,-0.807190050809008,-0.911082828679514,-0.773145708265921,-0.314213558289031,-0.377259931871266,2.00528604715622,2.19500525233692,0.991576447874972,0.498631293314821,-1.20904256940198,0.666218973004693,1.17466598122729,0.762378202898015,0.97480594048217,0.717058407775663,1.09496369520215,0.816435432659383,0.319438852348468,0.303931052752113,1.52337901139978,0.0235628163164161,0.173626894354339,2.19500525233692,0.93571324158323,0.500372202682277,1.57618966101654,0
"676","DTXSID501010027",1.71699564736464,-2.25390043244868,1.48842114413406,2.32607705220767,-1.36724910973408,-0.709467023101291,-1.96440659705041,-2.39996265420437,-1.78722326019204,-1.02981725822609,0.268603598594567,-0.4309199443611,0.0714688791692834,-0.427399771645393,0.924713913993521,-0.490563539433066,-1.43379202943623,2.36578009425036,-0.593899024179223,-1.20904256940198,2.39021464412781,-0.712382893105428,-3.0624183260662,2.55601812130697,-1.46342764737006,-3.35862844600061,1.35026617896207,2.38483104891866,2.41422181575347,3.33619400305854,0.0328446039900762,0.0714688791692834,3.35862844600061,1.60961022225993,0.932313249820744,2.80297118203048,0
"677","DTXSID501014817",-1.19270064485376,2.12039458877999,-1.10287250335059,-1.29944634854648,-1.36724910973408,-1.03093634824716,-1.30114361219655,-1.50832586616268,-1.71805526503839,-2.59576767593871,0.203068822755949,-0.290561622484608,0.51250164934036,-0.476114799798423,0.755837291815255,-0.490563539433066,-0.980192369214586,-1.02655199631924,-0.593899024179223,-1.20904256940198,-0.370975495335237,-0.712382893105428,-0.159960278554061,-1.25137066029041,-1.46342764737006,-1.28937196960623,-1.40102091013478,-1.09210509723168,-1.2523978292853,-1.11712708995012,0.812554046638763,0.159960278554061,2.59576767593871,1.06284551728181,0.550642693725347,1.76766816525026,0
"678","DTXSID501015960",1.63632014942883,-1.79059820874221,1.88174250134155,1.31898721866485,-1.36724910973408,-0.751608633182229,-1.93395639738111,-2.25462653932572,-1.73561468595149,-1.21848176441217,0.194649503212969,-0.44555136232483,0.0592222097996382,-0.398240434722284,0.755950834379298,-0.490563539433066,-1.20699219932541,0.735951676028456,-0.593899024179223,-1.20904256940198,1.99564453845712,-0.712382893105428,-3.0624183260662,0.864592381066359,-1.28124468965614,-2.82477144637678,-0.755683534251047,-0.734096463824561,0.327754893807981,1.41972278014844,0.0489344417654273,0.0592222097996382,3.0624183260662,1.19858535025771,0.750049063120577,2.15864815105205,0
"679","DTXSID501032251",-1.07437658121457,2.02412399684099,-0.790529072626991,-1.11481321239696,-0.352984729893449,-0.491405521482674,0.143603381272113,-0.418358214592826,-0.555961107303622,-1.10130342294357,-0.398689975441269,-0.327140062148241,-0.964953880919193,-0.350637154674478,-1.19702109906301,-0.490563539433066,-0.299792878882121,-1.06993640871439,-0.593899024179223,1.29235916488255,-0.549463598442481,-0.712382893105428,-0.0973618757789481,-1.00895224061041,0.732889120625448,-0.230464531525427,-0.992670138332127,-0.831695140585576,-0.971616845412569,-0.469080802089305,0.406338977871504,0.0973618757789481,2.02412399684099,0.721634320513768,0.419339286342077,1.25838860703163,0
"680","DTXSID50166024",1.9697788742302,-2.56677985625046,1.80076457485765,2.37643154388481,-1.36724910973408,-0.711923423045629,-1.97665667737714,-2.40388343056244,-1.80066330036364,-1.03912424031303,0.272363976325833,-0.425033741732006,0.0815262166869558,-0.428931139436625,0.93359618134164,-0.490563539433066,-1.43379202943623,2.17979922309268,-0.593899024179223,-1.20904256940198,2.38957327041532,-0.712382893105428,-3.0624183260662,2.35113642689989,-1.46342764737006,-3.35862844600061,1.12967128214363,2.07696931304356,2.15292582803253,3.11446319259985,0.0299984080750334,0.0815262166869558,3.35862844600061,1.59577997657875,0.909672002079536,2.76016013924055,0
"681","DTXSID50176643",-1.59069976800379,1.75336295701253,-0.975621476018752,-0.795901431775071,-1.36724910973408,-1.04840132406419,-0.483075241353488,-1.09896553750205,-2.26505681716942,-3.25203461431036,-0.148340044518901,-0.401148666226282,0.288792352032248,-0.391312318636082,0.255934024558509,-0.490563539433066,-1.20699219932541,-1.09272991153431,-0.593899024179223,-1.20904256940198,0.442136974375544,-0.712382893105428,-0.0875729319925853,-1.21613140947435,-0.310121288280842,-1.30237795577394,-1.6831342555004,-1.51968971376644,-1.56932874582594,-1.01658833933792,0.589809553296389,0.0875729319925853,3.25203461431036,1.0189529144741,0.694048254558979,1.9073346803096,0
"682","DTXSID50182148",0.646700708082827,-0.406708449618966,1.18764598862245,0.580454674066781,-0.352984729893449,-0.802969754767376,-0.41421461388563,0.00578756374744279,-0.91012991325,-1.21011469536767,-0.639014844725035,-1.17579213160578,-0.643833143580375,-0.195601117075811,-0.762916882148683,-0.490563539433066,-0.526592708992943,-0.352167526984741,-0.593899024179223,-1.20904256940198,-0.549463598442481,-0.712382893105428,-3.0624183260662,0.144157436643662,-0.205275255636368,-0.761019070711683,-1.20257596731739,-1.17969978583393,-1.16144662639432,0.975092103991384,0.0544593924749854,0.00578756374744279,3.0624183260662,0.768688854785769,0.559800162656378,1.48523306298593,0
"683","DTXSID50182365",0.851078636186893,-0.743655521405494,1.43057976807413,1.8393169659953,-1.36724910973408,-0.975750508176598,-0.695648277495904,-1.26453416203939,-1.28622736419794,-2.08451317979969,-0.314812042749144,-1.04056235951672,-0.68768118228958,-0.246886376480163,-0.460458375827092,-0.490563539433066,-0.753392539103765,0.104727545750365,-0.593899024179223,-1.20904256940198,2.36445384484057,-0.712382893105428,-3.0624183260662,0.133455966410495,-0.917657333876667,-2.23098090547855,-1.17314267552886,-1.38005185855272,-1.22544786877966,0.436157638500398,0.0295372648177067,0.104727545750365,3.0624183260662,1.06922427863254,0.698810676508506,1.96370194456342,0
"684","DTXSID5020281",-0.122405705571946,0.261168781957902,0.0308184674239455,-0.342711006680803,-0.352984729893449,8.70050735691166,1.26684171894736,0.517226627112226,-0.276549405143593,3.72015716949995,-0.370513898829322,0.273610427985446,-0.929677121535351,-0.0759032188659485,-1.49219707983248,-0.490563539433066,-0.072993048771299,-0.129924915093264,-0.593899024179223,-1.20904256940198,-0.549463598442481,-0.712382893105428,-0.131668049009484,-0.90224062915654,2.217602370029,0.0159153255638333,-0.960268999435523,-0.706285638890033,-1.16144662639432,-0.124209506384661,0.125179681005607,0.0159153255638333,8.70050735691166,0.957039314982717,1.65118661012208,3.07055817593898,1
"685","DTXSID5020285",-0.934539051459154,1.99403943686005,-0.3972077154195,-1.14838287351506,-1.36724910973408,-1.04840132406419,-1.76618578214187,-2.37033069591534,-2.91739087856871,-3.25203461431036,0.607805730927397,0.696772140097133,0.892331690827458,0.146950157238808,1.52065395152412,-0.490563539433066,-1.43379202943623,-1.11350675430552,-0.593899024179223,1.45004339536718,1.64527900272808,-0.712382893105428,-0.631873100324869,-1.16913178260858,-1.46342764737006,-2.60599363516696,-1.67650039412542,-1.38226610380252,-1.46498914564608,-0.924232975403456,0.646668773572527,0.146950157238808,3.25203461431036,1.32727188585353,0.740032582904885,2.27451359197178,0
"686","DTXSID5020316",-0.445107697315207,0.850826157584326,-0.512890467539351,-1.29944634854648,-1.36724910973408,-1.04840132406419,-0.373634342290355,-1.09098392155691,-1.9256006886585,-3.25203461431036,-0.46216599160171,-0.700790103236005,-0.266119005940528,0.404653680932288,-0.156118351118755,-0.490563539433066,-0.980192369214586,-0.555096924083607,-0.593899024179223,-1.20904256940198,-0.549463598442481,-0.712382893105428,-2.80046774725292,-0.794949160488702,0.5278684132266,-1.29026893416952,-1.58671795171392,-1.48820499322047,-1.46498914564608,-0.548966243467217,0.344159585423276,0.156118351118755,3.25203461431036,0.991636510382495,0.710766373933691,1.90141746901762,0
"687","DTXSID50203887",0.232566485345642,0.586082029752054,0.886870833110837,-0.510559312271272,-1.36724910973408,-0.662919824647265,-1.90417451668793,-1.88172269311973,-2.39325787404859,-1.43214693698333,0.288878377349041,-0.325969646889111,0.254007136214401,-0.456364050646816,0.966861097088655,-0.490563539433066,-1.43379202943623,-0.145896099876095,-0.593899024179223,-1.20904256940198,0.991632431802652,-0.712382893105428,-0.201219795157663,-0.304296192551218,-1.46342764737006,-2.47495526669353,-1.35399538325173,-1.10105099471194,-1.02734518544979,0.120902408867566,0.294614148544636,0.120902408867566,2.47495526669353,0.925801046172564,0.657109753416168,1.76690153054526,0
"688","DTXSID5020493",-1.7305372977592,2.25878356469232,-0.940916650382797,-0.695192448420789,-1.36724910973408,-1.03093634824716,-2.03114297776014,-0.285251162012097,-2.23416496269924,-2.59576767593871,0.761495275523163,0.514741200962635,2.8998667173899,3.04632760949983,4.43729796475325,-0.490563539433066,-1.43379202943623,-1.55073581592744,-0.593899024179223,-1.20904256940198,-0.549463598442481,-0.712382893105428,-0.15427583690816,-1.26960068573853,-1.46342764737006,-1.36887564680696,-1.36550222622392,-1.04892321400809,-1.21603000661226,-1.49629067268528,0.69778914676133,0.15427583690816,4.43729796475325,1.42508254573515,0.933860030364743,2.62042338460202,0
"689","DTXSID50211629",0.818808437012567,-0.918145969294946,0.424139824631436,-0.376280667798897,-0.352984729893449,-0.434231970342175,-0.850217139622342,-1.45322938558849,-0.97067631457158,-0.362246756370099,-0.110038337177043,-0.46245284016423,-0.203592273089712,-0.350403610219897,0.0358076759777054,-0.490563539433066,-0.299792878882121,0.260391770927743,-0.593899024179223,1.12997710232869,0.366099423512147,-0.712382893105428,0.285190516590869,0.0511475435188165,-0.572755409657593,-0.807335059070677,-0.472322008110008,-0.615261905844144,0.303931052752113,0.991458877346859,0.0231795020982077,0.0358076759777054,1.45322938558849,0.535858831233802,0.33443750933369,0.963938843180925,0
"690","DTXSID5021334",-1.41859203907405,0.586082029752054,-0.200547036815755,-0.846255923452212,-1.36724910973408,-1.04840132406419,-0.24282918232647,0.82240699494039,1.02971197107941,-3.25203461431036,2.95540754176296,7.79174594576717,3.06607108005284,-1.67843747602158,5.21915277419578,-0.490563539433066,-1.43379202943623,-2.28893827914343,-0.593899024179223,-1.20904256940198,-0.549463598442481,-0.712382893105428,-0.219825484683534,-1.93187554304097,-1.46342764737006,2.08643570657012,0.261262668783341,1.2163304910653,-0.880202084172876,-0.896565334731106,0.309068639657195,0.200547036815755,7.79174594576717,1.59196439789695,1.60694621206527,3.64885554934049,1
"691","DTXSID5021380",-0.342918733263175,1.10353646142422,-0.663278045295156,-1.23230702631029,-1.36724910973408,-1.04840132406419,1.43091127250063,-0.277127969873027,-4.30119597170827,-3.25203461431036,0.0241683544874433,-0.155020083285313,0.988498965393338,1.30176714546387,1.99482298773042,-0.490563539433066,-1.43379202943623,-0.435136640052087,-0.593899024179223,-1.20904256940198,2.90865158439253,-0.712382893105428,-2.67720564000979,-0.890730096435537,-1.46342764737006,-2.90945305537469,-0.698397227421745,-0.432628645833733,-1.46498914564608,-0.36620394099775,0.396734452440342,0.0241683544874433,4.30119597170827,1.27232472479779,1.0232586636194,2.58209581423062,0
"692","DTXSID5021629",-0.294513434501685,1.01929969347759,-0.269956688087665,-0.930180076247447,-1.36724910973408,-0.559095440890106,-1.59189004301725,-1.58777155438826,-1.765268106454,-1.02660390204416,0.0977176745061356,-0.463851331147477,0.293996376739053,-0.387995422632508,0.544957224407378,-0.490563539433066,-0.980192369214586,-0.219177616681138,-0.593899024179223,-1.20904256940198,0.919196009958296,-0.712382893105428,-0.0550533583027501,-0.59287969965936,-1.06921694542214,-1.95296266197505,-1.34357926788967,-1.24937364680559,-0.786377327421989,-0.507269939918746,0.397459155125125,0.0550533583027501,1.95296266197505,0.829383764921461,0.510692289152672,1.48306989503688,0
"693","DTXSID5021758",0.609052142379447,0.453709965835918,-0.593868394023246,1.95681077990863,-1.36724910973408,-0.178216248543064,-1.84355277886128,-1.96834840422559,-1.08849966372313,-0.273059189672683,0.452986156345888,0.093201772802613,0.998991467143152,0.211711791722118,2.33500265460837,-0.490563539433066,-1.43379202943623,0.320753314371154,-0.593899024179223,-1.20904256940198,-0.0869150520930645,-0.712382893105428,0.631678538657926,0.543163495376176,-1.46342764737006,-1.42836070579972,1.16979872467858,1.41050367250882,3.12190909171841,-0.119922970505847,0.139796963246074,0.0869150520930645,3.12190909171841,0.972012459605497,0.749257941030819,1.93106262412494,0
"694","DTXSID5022194",0.383160748159164,-0.0697613778324382,0.0192501922119605,-0.393065498357944,-1.36724910973408,-0.577962413311223,-1.6609745554792,-2.17976369079335,-1.40100171069406,-0.920028255295562,0.199326902959069,-0.205942149916983,0.373720925435574,-0.440875575097706,1.04135138131825,-0.490563539433066,-1.20699219932541,-0.231525487901297,-0.593899024179223,-1.20904256940198,0.591273700527375,-0.712382893105428,-0.0237425180528109,-0.252720271340822,-1.06999550507049,-1.61998495341176,-1.13551840108365,-1.16873807528525,0.068075026299021,-0.0299057170507363,0.252902061492345,0.0192501922119605,2.17976369079335,0.721259812268829,0.576576718611609,1.45927801209169,0
"695","DTXSID50226975",0.211053019229424,-0.250268737718078,1.36117011680222,1.40291137146008,-1.36724910973408,-1.03093634824716,-0.824638706650614,0.634591785075031,-0.85107263085625,-2.59576767593872,-0.378494735994409,-0.978582047309228,-0.178120055920533,-0.234048309039984,-0.425390722920247,-0.490563539433066,-1.43379202943623,0.0314460289453221,-0.593899024179223,-1.20904256940198,-0.549463598442481,-0.712382893105428,-3.0624183260662,-0.468337888038671,-0.598447878053145,-1.47002878687621,-0.904535418486002,-0.660854257076914,-1.38374984764557,0.277945496064143,0.0823485317742123,0.0314460289453221,3.0624183260662,0.885706765138221,0.682908165716626,1.7598292172555,0
"696","DTXSID50235224",1.70623891430654,-1.53788790490231,1.92801560218949,1.78896247431816,-1.36724910973408,-0.660750172982815,-1.65294679348959,-2.33562615056122,-1.59164560141052,-0.938754752287245,0.14027311149938,-0.500242169966677,-0.0708658819139689,-0.391689220226549,0.63538188718706,-0.490563539433066,-1.20699219932541,0.896707610264957,-0.593899024179223,-1.20904256940198,1.06022977521627,-0.712382893105428,-0.152765691039518,0.834649872158204,-1.26411637739244,-2.35268268827045,-0.0867064016783729,0.202740761820031,1.61424231082485,1.31801497429657,0.030007423062562,0.0708658819139689,2.35268268827045,1.04140888117941,0.658899549214789,1.88480030417434,0
"697","DTXSID5023873",-1.49926753700986,2.67395049242929,-0.732687696567066,-1.1987373651922,-1.36724910973408,-1.04840132406419,-2.07067605059893,-3.01989865766906,-3.5354305245713,-3.25203461431036,0.783579966563433,1.36517362184206,1.35351123130426,-0.777825893085121,1.32459145978867,-0.490563539433066,-1.43379202943623,-1.24757412364224,-0.593899024179223,2.51343048195238,-0.549463598442481,-0.712382893105428,-0.458884529294514,-1.44567970661637,-1.46342764737006,-1.52135962256633,-1.88799273083196,-1.77648597065569,-1.70521287629275,-1.23831914979661,0.530305496813185,0.458884529294514,3.5354305245713,1.50138278227817,0.811936410455668,2.54066138766143,0
"698","DTXSID5024261",0.087350589061174,-0.521029777546538,-1.1722821546225,-0.393065498357944,-0.352984729893449,0.630873096057638,0.891811259257934,1.7443114843412,0.495784186649288,0.184663457091321,-0.723036431035218,-0.812643535913063,-0.0512135587322805,2.37135523057578,-0.171532751783601,-0.490563539433066,-0.526592708992943,-0.387132502864527,0.329439202088672,-1.20904256940198,0.798999330153894,0.882432676410063,0.466427492956385,-0.586483627146706,0.0840894136670692,0.189396426327494,-0.210232836995177,0.255604923917717,-0.433644868260529,-0.0641980040812543,0.0685037595648319,0.0512135587322805,2.37135523057578,0.58394059545388,0.512553793967106,1.24000945173178,0
"699","DTXSID5024502",0.194917919642261,-0.220184177737138,-0.1658422111798,-0.829471092893165,1.50649996648103,0.211668346623086,1.07000561556786,0.836583263042807,0.224137348050925,1.47303392252145,-0.934833563066226,-0.856164327364854,-1.23718238052816,0.366211015479787,-1.48243929826137,-0.490563539433066,0.834206271671988,0.258918607913445,-0.593899024179223,0.804125435280456,-0.549463598442481,-0.712382893105428,-1.41151729365753,0.160201722995986,0.828651957372504,0.177042778023995,-0.427642692693311,-0.560145134716515,-0.760494635904503,0.266644628747269,0.0435208383248853,0.160201722995986,1.50649996648103,0.681502488752587,0.431979633387912,1.23443641948912,0
"700","DTXSID5025023",0.087350589061174,-0.232218001729514,1.23391908947039,0.53010018238964,-1.36724910973408,-1.03093634824716,0.0782942974323488,-1.57292597919682,-1.71979532249993,-2.59576767593871,-0.639014844725035,-1.41244423276165,-1.29019386132725,-0.195601117075811,-1.05825227147357,-0.490563539433066,-0.526592708992943,-0.335934128720401,-0.593899024179223,-1.20904256940198,2.3577109609454,-0.712382893105428,-3.0624183260662,0.00303917728821963,-0.737550535225022,-2.40291270381471,-1.02524378985354,-1.17375643679731,-1.58874076446406,0.243263523953733,0.168607576614516,0.00303917728821963,3.0624183260662,1.05023713351014,0.795016558103421,2.06785832788252,0
"701","DTXSID5025819",0.372404015101055,-0.21416726574095,1.33803356637825,1.52040518537341,0.661279649947178,-0.326125087520971,0.156903009538563,-0.560252197357647,-1.02651710007394,0.235804065636129,-0.830879998242595,-1.2359887629943,-0.877119822039383,-0.212258438027162,-0.823272831013862,-0.490563539433066,0.834206271671988,-0.103555773889133,-0.593899024179223,-1.20904256940198,0.899125204894604,-0.712382893105428,-1.44078105112637,0.443659001299914,0.308833632157452,-0.32354499052506,0.0620896396071922,0.507440598375788,-0.337068859091778,1.06705778284596,0.0613103654636202,0.0620896396071922,1.52040518537341,0.657488727553011,0.41867937518865,1.19339832779448,0
"702","DTXSID5026259",-0.0148383749908588,0.525912909790174,-0.431912541055455,-1.7358519430817,-1.36724910973408,0.260531288118653,-0.760103106403305,-0.741730044292671,-0.0862208916309011,1.02629248155533,0.302527040069288,-0.0880801678428142,0.959748233016037,1.53161889959093,2.43527684448909,-0.490563539433066,-1.43379202943623,0.0498629503829556,-0.593899024179223,-1.20904256940198,1.57185266670644,-0.712382893105428,0.591909806203625,-0.249305699459814,-1.46342764737006,-1.54186749417247,0.353165137366495,1.66037602811953,0.0846544748705537,-0.0439343799268571,0.119353660908927,0.0148383749908588,2.43527684448909,0.810597673859867,0.645967530985392,1.63743611352117,0
"703","DTXSID5026415",-0.407459131611827,0.38752393387785,0.343161898147541,-1.03088905960173,-1.36724910973408,-1.04840132406419,2.62918893040942,-5.32773844107777,-4.30119597170827,-3.25203461431036,8.46132695449607,6.58403785935879,12.3364805003443,5.45132953396528,0.313639544150445,-0.490563539433066,-1.43379202943623,-0.496065518119125,-0.593899024179223,-1.20904256940198,-0.549463598442481,-0.712382893105428,-0.0370900307263077,-0.931576243878894,-1.46342764737006,-2.1918814047424,-0.823515168476207,-0.517317800294691,-1.79256696016426,-0.119533285425954,0.276151280215894,0.0370900307263077,12.3364805003443,2.22012581733514,2.84709509054126,5.86440753322795,1
"704","DTXSID5026837",-0.455864430373316,1.24192543733655,-0.975621476018752,-1.09802838183792,-1.36724910973408,-0.847786770496963,-2.01662107894673,-2.0526692617665,-2.04573618961824,-1.27931634271325,0.430221688553155,0.10154950625134,0.895006765964192,-0.545413801257555,1.72597698939338,-0.490563539433066,-1.43379202943623,-0.716186584569301,-0.593899024179223,-1.20904256940198,0.600793066026428,-0.712382893105428,-0.133161558763217,-0.812733534513288,-1.46342764737006,-1.91569786148199,-1.57348635746155,-1.34394370110463,-1.02275909604653,-0.69314972302735,0.596420473295446,0.10154950625134,2.0526692617665,1.05980021387274,0.556030397243076,1.77151912234388,0
"705","DTXSID5026889",1.50186098620247,-0.833909201348314,1.96272042782544,0.311897385122029,-1.36724910973408,-0.648879322029412,-1.86487016063482,-2.25047860742364,-1.53948466197614,-0.987296977652436,0.309562764354522,-0.237741912005441,0.334366324610438,-0.469255980142964,1.20859048821341,-0.490563539433066,-1.43379202943623,0.654379445689878,-0.593899024179223,-1.20904256940198,0.713413486455781,-0.712382893105428,0.0608616800889239,0.505450599399617,-1.46342764737006,-2.39394305818181,-0.19018167632604,0.151758548192342,1.10883653985394,0.980937380189768,0.0318306578715234,0.0608616800889239,2.39394305818181,0.949701147552654,0.640675629912022,1.76976595384004,0
"706","DTXSID5027192",0.453079513036871,0.32735481391597,-0.35093461457156,-0.812686262334118,-1.36724910973408,-0.552012676878365,-1.66197396202475,-1.6189682770145,-1.92251250974203,-0.870800755444801,0.117772535617893,-0.254746675190123,-0.0123393882691923,-0.389579390585021,0.329817360604378,-0.490563539433066,-1.20699219932541,-0.199964519763284,-0.593899024179223,0.597785108721943,1.20537193527358,-0.712382893105428,-0.358289363411534,-0.0626050609846579,-0.902864700558016,-1.63270554176387,-1.24700768839747,-1.22004031672322,-0.798591201081868,-0.0139286287751538,0.162057384234475,0.0123393882691923,1.92251250974203,0.742827318882045,0.544438954676611,1.43970918086811,0
"707","DTXSID5027223",0.0228101907125219,0.826758509599574,-0.593868394023246,-0.946964906806494,-1.36724910973408,-0.622886841967045,-1.97720525600857,-2.36143054465895,-1.37977014705312,-0.90501313666555,0.399494881769653,0.0134218651456825,0.72589985608893,-0.525864850476217,1.58969112167009,-0.490563539433066,-1.43379202943623,-0.461505781256217,-0.593899024179223,-1.20904256940198,0.499609334106221,-0.712382893105428,-0.0352600948343478,-0.705832694527797,-1.46342764737006,-2.02251818674657,-1.4465469444497,-1.37966737388844,-0.449497920639709,-0.488565056083918,0.29731855687978,0.0134218651456825,2.36143054465895,0.921681356727954,0.606123032160896,1.6975188378939,0
"708","DTXSID5027308",0.151890987409826,0.399557757870226,0.805892906626942,-1.29944634854648,-1.36724910973408,-0.508494094536306,-1.39644800352172,-1.85344603273502,-1.20359237089543,-1.0139066939039,0.209558335969534,-0.384495987406315,0.180783685085997,-0.0772608560501123,0.920698779695078,-0.490563539433066,-1.43379202943623,0.124183786078344,-0.593899024179223,-1.20904256940198,1.69981703423307,-0.712382893105428,0.106238355961277,-0.379307325810892,-1.46342764737006,-2.39936561667806,-1.04332244417974,-0.998102565082514,-0.545150642479019,0.118953983468104,0.14873096902424,0.0772608560501123,2.39936561667806,0.836342380229466,0.603943606661929,1.60939019675674,0
"709","DTXSID5027352",1.35126672338895,-0.719587873420742,2.24035903291308,1.20149340475152,-1.36724910973408,-0.617094731638131,-1.80052305748642,-2.46729407719688,-1.68790069470839,-1.05315616570681,0.27596678068707,-0.366101707185012,0.201249610500961,-0.145736539559344,1.05541204612754,-0.490563539433066,-1.43379202943623,0.679032280469584,-0.593899024179223,-1.20904256940198,2.39889543806978,-0.712382893105428,-2.69924540815717,0.5953419124065,-1.46342764737006,-3.25661911248458,-0.48268298313163,-0.108878381372748,0.56599330436666,1.02925833009641,0.0388527130346543,0.108878381372748,3.25661911248458,1.14231488028287,0.818532848084735,2.19003692583133,0
"710","DTXSID5027439",0.609052142379447,-0.0577275538400622,2.40231488588087,3.11496408848287,-0.352984729893449,-0.434181688435482,3.91638074984996,3.2519216690983,4.81417275234335,-0.609524754929798,-0.946106322479011,-0.87270215850775,-0.582190932138353,-0.114593005856628,0.0690239218724582,-0.490563539433066,-0.526592708992943,0.663776223363594,-0.593899024179223,-1.20904256940198,-0.549463598442481,-0.712382893105428,-2.72879318800778,-0.448892244441529,3.33509498529411,-0.769825631878534,0.383465430591172,0.910992064474827,-1.16491169086522,0.307561562135955,0.00689558102528834,0.0577275538400622,4.81417275234335,1.23143662368652,1.28004749724883,2.86989742016503,0
"711","DTXSID5027489",-0.326783633676012,0.110745982053202,-0.836802173474931,0.429391199035358,-1.36724910973408,-0.620999745988993,-0.725039987592108,-0.5143566901275,-0.757666345338311,-1.33513932949894,0.327165129148275,-0.455874172038756,1.0601259352079,3.83236742655649,2.57534381513183,-0.490563539433066,-1.43379202943623,-0.958085672538274,-0.593899024179223,-1.20904256940198,0.964633370499374,-0.712382893105428,-1.49080255843001,-0.400358183049156,-1.46342764737006,-1.6840771485705,-0.539383862402589,-0.232710147087201,-0.337068859091778,-1.04191786953092,0.377076147203052,0.110745982053202,3.83236742655649,0.960906534957616,0.761920409802706,1.93616465950508,0
"712","DTXSID50276112",0.420809313862544,0.062610686083698,0.643937053659152,0.714733318539156,-1.36724910973408,-0.7262809612825,-2.26896476999125,-2.59736262082739,-1.79239433450574,-1.2513369948339,0.426012028781663,-0.0629644204061718,0.631729857978999,-0.51119746291607,1.5906217414556,-0.490563539433066,-1.43379202943623,0.0246427809796206,-0.593899024179223,-1.20904256940198,1.45666831043999,-0.712382893105428,-1.52073224608499,0.0575195367171295,-1.46342764737006,-2.87716233109624,-0.978474502145313,-0.913138372030158,0.303931052752113,0.0745298843603875,0.214855210521459,0.0246427809796206,2.87716233109624,0.972603713146328,0.755194332357961,1.93925245856452,0
"713","DTXSID5027641",0.41543094733349,0.128796718041766,-0.512890467539351,-0.19164753164938,-1.36724910973408,-0.545510196315757,-1.63397570875446,-1.8599234655976,-1.00968400769919,-0.829443078457329,0.321958279527399,-0.0685998342656944,0.54767458624814,-0.503888820742004,1.45404139770788,-0.490563539433066,-1.43379202943623,-0.122868988681745,-0.593899024179223,-1.20904256940198,0.239153301607736,-0.712382893105428,0.159459856998046,-0.439996074352633,-1.46342764737006,-1.44903166187191,-0.527053715062563,0.0738524832344256,0.323343071390228,-0.266444560545334,0.251335884197526,0.0685998342656944,1.8599234655976,0.696500852209471,0.535801003976891,1.38232613729989,0
"714","DTXSID5027772",-1.51540263659703,2.48742622054746,-0.871506999110886,-1.58478846805028,-1.36724910973408,-0.828424676326711,-2.52389035940896,-2.46978319772668,-2.12573698245722,-1.81788194305114,1.02735469575943,1.7711185427019,0.809636363718405,-0.701435361901253,1.07446453959212,2.00528604715622,-1.43379202943623,-1.24981008951183,-0.593899024179223,0.485823337089107,1.14617338107634,-0.712382893105428,-1.50840060945919,-0.741227295763367,-1.46342764737006,-2.61520790749894,-1.37614528007173,-1.36980375131745,-0.70688048918971,-1.19584347608836,0.659057267545998,0.485823337089107,2.61520790749894,1.38600677849989,0.616498163157303,2.17512442734124,0
"715","DTXSID50280491",-0.622593792774001,0.730487917660566,-0.825233898262946,-1.26587668742839,-0.352984729893449,-0.245868938632281,-0.431959916100286,-0.835625556599316,-0.0614010506932862,-0.227682352513823,-0.0967333058713713,-0.0132769722976887,0.16561085460109,-0.393913997837915,0.268248992043181,-0.490563539433066,-0.299792878882121,-0.823932487880339,-0.593899024179223,0.899524191152182,-0.754368750279453,-0.712382893105428,0.245368547539682,-0.57421322067617,-0.0404801300689396,-0.127965944611245,-0.746779208981386,-0.733236938228076,-0.140927707704679,-0.200977467123435,0.346655443560977,0.0132769722976887,1.26587668742839,0.4640637297685,0.318669867739397,0.871961160474929,0
"716","DTXSID50289101",2.62056122424578,-2.87965928005223,2.05526662952132,2.86319163009717,-1.36724910973408,-0.711923423045629,-2.0224069773729,-2.32938867975887,-1.54530253710303,-1.03912424031303,0.286352581486147,-0.403050576811121,0.119241232378218,-0.434669194340327,0.966904683897062,-0.490563539433066,-1.43379202943623,1.62185660961963,-0.593899024179223,-1.20904256940198,2.38484776328819,-0.712382893105428,-3.0624183260662,1.73443786539597,-1.46342764737006,-3.35862844600061,0.471662462402293,0.697317336524101,1.3696508759846,2.44927076122378,0.0280442797962895,0.119241232378218,3.35862844600061,1.48991633831961,0.929543308646526,2.67973177338716,0
"717","DTXSID5029219",2.32475106514779,-2.33212028839913,1.32646529116627,1.8393169659953,-1.36724910973408,-0.695295484960877,-1.8387019266207,-2.39946367203314,-1.63517721817969,-0.976123130801461,0.194649503212965,-0.491321439031914,-0.0313101489717176,-0.39824043472228,0.7559508343793,-0.490563539433066,-1.20699219932541,2.66446031976068,-0.593899024179223,-1.20904256940198,2.03593657506596,-0.712382893105428,-3.0624183260662,2.91333998448804,-1.36169585331898,-3.03527272093443,1.73724251371334,2.77891190492449,3.44867807212668,3.66080167460879,0.036429706927954,0.0313101489717176,3.66080167460879,1.65059248946031,1.02742238023004,2.96569313615476,0
"718","DTXSID5029267",0.259458317990914,-0.00357534587436997,0.134932944331811,0.227973232326794,-1.36724910973408,-0.590710956650122,-0.688334655824641,-0.812819642959809,0.556445165728704,-0.950616164751952,0.266899676930205,-0.703880559833349,0.652980329429407,4.09515603900111,2.45306204278102,-0.490563539433066,-1.43379202943623,0.0878076249162553,-0.593899024179223,-1.20904256940198,1.02217459138094,-0.712382893105428,-1.37767581246365,0.0296591179705692,-1.46342764737006,-2.28512494820808,-0.609832060938022,-0.0541905747543752,0.125728721654221,-0.0338025678496586,0.123007664207889,0.00357534587436997,4.09515603900111,0.843106596907002,0.880529715358635,1.97018463256605,0
"719","DTXSID50316249",-0.617215426244947,1.09751954942803,-0.859938723898901,-0.9133952456884,-1.36724910973408,-0.591686797362017,0.141405955809174,-1.66296738373436,-0.560676759476126,-1.52770219283287,-0.282473923441721,-1.4000432494728,-0.44533935269228,1.98711164324883,-0.227072372884895,-0.490563539433066,-1.43379202943623,-0.631367674577854,-0.593899024179223,-1.20904256940198,0.924297244016237,-0.712382893105428,0.0485913717376046,-0.967596899593077,-1.46342764737006,-2.22298976664197,-1.13134955847756,-0.787881416641432,-1.44676884116992,-0.810444932074919,0.442405642343316,0.0485913717376046,2.22298976664197,0.951873103126866,0.538609788736359,1.64129363270941,0
"720","DTXSID5032315",1.01242963205852,-0.466877569580846,0.771188080990987,-0.57769863450746,-1.36724910973408,-0.193554826590194,-0.311390750400592,-1.24082828031477,-0.926895866844744,-0.281951254204055,-0.107444348174455,-0.420512687815935,0.0181839973380768,0.751637714218217,0.777849155367881,-0.490563539433066,-1.20699219932541,0.273497677485355,0.893671524831878,-1.20904256940198,1.78747727931622,1.85699050098092,0.371442332175081,-0.221922969672835,-1.04975295421339,-2.16798953046566,-0.181885021669939,-0.131187084189402,-0.128471662411889,0.712834045223898,0.0487253277422696,0.0181839973380768,2.16798953046566,0.730313759964591,0.564832074646391,1.45329881551197,0
"721","DTXSID5032573",2.01818417299169,-2.42839088033813,1.74292319879773,0.127264248972512,-0.352984729893449,-0.000811977612804224,-0.210561407322286,0.207324110371622,-0.821595919957569,0.15821170619675,-0.27906437996794,-0.540231103231234,-0.198586763064221,0.283389850222826,-0.31221222487131,-0.490563539433066,-0.072993048771299,1.03606215689246,0.479047969331912,-1.20904256940198,1.93866679853598,1.14084111716091,0.576167028100491,0.949288073021413,-0.562634134229043,-0.694847548610761,0.0428951818308705,0.402405161015953,-0.0343542914373017,1.76264565045363,0.00661007831187206,0.000811977612804224,2.42839088033813,0.702473031401305,0.671949684578616,1.56256862766193,0
"722","DTXSID50333815",2.47534532796131,-2.92779457602174,2.27506385854904,2.84640679953812,-1.36724910973408,-0.751608633182229,-2.04163536432764,-2.32938867975887,-1.63333650335366,-1.21848176441216,0.292205969461036,-0.393811275612489,0.135165350114524,-0.437089575067819,0.98096827386493,-0.490563539433066,-1.43379202943623,1.43587573846195,-0.593899024179223,-1.20904256940198,2.38428585629693,-0.712382893105428,-3.0624183260662,1.52988001957989,-1.46342764737006,-3.35862844600061,0.253958303165921,0.976824154069007,1.10883653985394,2.22753995076508,0.0275911803877361,0.135165350114524,3.35862844600061,1.4782302032715,0.923478234135553,2.66028234296501,0
"723","DTXSID50333991",2.2171837345667,-2.41635705634576,1.93958387740147,1.8393169659953,-1.36724910973408,-0.754696688833363,-2.08874491236676,-2.2606962839174,-1.8988789785408,-1.16639215219332,0.306482525497334,-0.371174987675843,0.183036416814505,-0.443040824359177,1.01558634147811,-0.490563539433066,-1.43379202943623,0.995214063991182,-0.593899024179223,-1.20904256940198,2.35805251225382,-0.712382893105428,-3.0624183260662,1.11801419977129,-1.46342764737006,-3.35862844600061,-0.349616060314757,-0.204105746856021,0.196935222211263,1.76030753997427,0.0426441368348574,0.183036416814505,3.35862844600061,1.31916068920284,0.882528809170276,2.4487975649408,0
"724","DTXSID50334721",0.146512620880772,0.549980557774926,-0.154273935967815,-0.963749737365541,-0.352984729893449,-0.343659090194916,-0.912925788005166,-0.528850983581168,-1.39036816300482,0.11326518445474,0.00935929714720783,-0.0268389019921327,0.186577533354737,-0.380929727114146,0.439523718978308,-0.490563539433066,-0.072993048771299,0.272782549808512,-0.593899024179223,0.457184561470561,-0.549463598442481,-0.712382893105428,0.306581242392094,-0.0435185879941826,-0.447666826156018,-0.420947187875092,-0.818374901152136,-0.589311209990894,-0.648644433275367,-0.293332831057899,0.162638185985442,0.00935929714720783,1.39036816300482,0.440581546827136,0.311707964221834,0.839567741031083,0
"725","DTXSID50338441",1.0500781977619,-0.370606977641838,1.51155769455803,0.798657471334391,-1.36724910973408,-0.967389017256816,-0.924964595993162,-2.08026176187058,-1.27109958862222,-2.00705037735438,-0.158054643991571,-0.930375137814519,-0.494151629061888,-0.284245112749564,-0.244126674445709,-0.490563539433066,-1.43379202943623,0.19812798786393,-0.593899024179223,-1.20904256940198,2.53441418302158,-0.712382893105428,-3.0624183260662,-0.168294921581067,-1.17821529619115,-2.95409742795665,-0.865176936591792,-0.234138244483882,-1.28448708458504,0.199618795005801,0.061317318762518,0.158054643991571,3.0624183260662,1.05261790830312,0.807839480142064,2.08665244288497,0
"726","DTXSID50338724",0.388539114688218,-1.16483936113865,1.77762802443368,1.88967145767244,-1.36724910973408,-1.03093634824716,-1.72757171073357,-1.27043855431498,-2.31597021825323,-2.59576767593872,0.194649503212969,-0.544719861856811,0.101093848982087,-0.398240434722284,0.568436301474607,-0.490563539433066,-1.43379202943623,0.0653097082027691,-0.593899024179223,-1.20904256940198,2.42781712144364,-0.712382893105428,-3.0624183260662,0.218763619528004,-1.46342764737006,-3.35862844600061,-1.11055218526317,-0.844857163693696,-1.65334638899403,0.745957277014739,0.119038501206579,0.0653097082027691,3.35862844600061,1.22421698215121,0.87766842269639,2.34763256320259,0
"727","DTXSID50339756",-1.43472713866121,2.07827620480668,-1.11444077856257,-0.476989651153179,-0.52202879320022,-1.04840132406419,-1.03761365815115,-1.43281809702962,-1.76779820627869,-3.25203461431036,1.05316797656695,2.24477380348052,1.97091864118302,-0.737016935387386,1.01659479358131,-0.490563539433066,-1.43379202943623,-1.1366196808211,-0.593899024179223,-1.20904256940198,-0.549463598442481,-0.712382893105428,-1.72850903512762,-1.25355854680357,1.47771118421367,-1.05130942028566,-1.62537972510684,-1.55898946205778,-1.62677247444894,-0.96631896403182,0.77840499936347,0.476989651153179,3.25203461431036,1.28673042544375,0.60745639330573,2.06427460887508,0
"728","DTXSID50340064",0.684349273786208,-0.24425182572189,1.10666806213855,-0.460204820594132,-1.36724910973408,-0.94620657359337,-0.695648277495903,-1.10433560488616,-1.44032983814291,-1.81081127782628,-0.460372484452605,-1.04056235951672,-0.700209193349356,-0.219527916972844,-0.556650895953529,-0.490563539433066,-0.072993048771299,-0.223234774367762,-0.593899024179223,-1.20904256940198,2.02730965008244,-0.712382893105428,-3.0624183260662,-0.0851419534839249,-0.474656893965486,-1.49877242401802,-1.18025834182418,-1.17946262974662,-1.02734518544979,0.258850927149423,0.0719374535964538,0.072993048771299,3.0624183260662,0.897790323173645,0.649671622998163,1.72937000061129,0
"729","DTXSID50341990",0.582160309734175,-0.208150353744762,1.06039496129061,-0.342711006680803,-1.36724910973408,-0.815028445403219,-0.695648277495903,-1.4955097060491,-1.10501596622405,-1.25580351652172,-0.460372484452605,-1.04056235951672,-0.364964609427223,-0.219527916972844,-0.556650895953529,-0.490563539433066,-1.20699219932541,-0.202968056006026,-0.593899024179223,-1.20904256940198,2.04039877764364,-0.712382893105428,-3.0624183260662,-0.338234261277711,-0.474656893965486,-1.67706451653023,-1.47707463472646,-1.35591523173864,-1.02734518544979,0.203515645804723,0.0970529853026178,0.202968056006026,3.0624183260662,0.921407389128512,0.639617980070158,1.74011840361831,0
"730","DTXSID50343237",0.614430508908501,-0.888061409314006,1.21078253904642,0.899366454688673,0.492235586640407,-0.468164270063461,0.156903009538565,-0.00653368793302217,-0.18071477984962,-0.339294285122182,-0.830879998242595,-1.23598876299431,-0.863313442504126,-0.212258438027162,-0.823272831013862,-0.490563539433066,0.380606611450345,0.0893809058053106,-0.593899024179223,-1.20904256940198,0.736545714038514,-0.712382893105428,-1.48325957343393,0.575914666429211,0.308833632157452,-0.240738852886753,-0.396553122807765,-0.587854804063315,-0.504530993478764,0.904559104530886,0.017303232119107,0.00653368793302217,1.48325957343393,0.614562200369628,0.36902409470826,1.0869130415962,0
"731","DTXSID5034355",1.23294265974975,-2.24788352045249,0.505117751115331,-0.762331770656977,0.661279649947178,0.652988863226705,1.03730680997214,0.709562739491529,0.786931998711195,0.939682593007383,0.822068934184195,0.692878549304658,0.817747976536192,-0.113340288253251,-1.11574726250998,-0.490563539433066,1.06100610178281,0.694612528789073,-0.593899024179223,1.10558934820506,-0.549463598442481,-0.712382893105428,0.42433039848954,0.587767750687785,1.86751004815426,1.14788460443629,0.475489952792305,0.332838218969397,0.326821388199262,1.04874258409102,0.0169385748658387,0.113340288253251,2.24788352045249,0.817223778229199,0.435856879300737,1.37512058373414,0
"732","DTXSID50347513",2.31399433208968,-1.26110995307766,1.29176046553031,0.1944035712087,-0.352984729893449,-0.248051188298931,1.44962818439822,-0.241919423993205,-0.621906170353614,-0.0916755307920456,-0.444214867111477,-1.9527381495257,-1.35717801794176,7.0545167981397,0.460412051821914,-0.490563539433066,-0.299792878882121,0.895081886679599,-0.593899024179223,-1.20904256940198,-0.549463598442481,-0.712382893105428,0.128396233119335,0.67417339210548,-0.786340273188292,-0.195238286858023,-0.00305164183556643,0.527865208746246,-0.490164302277426,0.659836874358551,0.00936083332490329,0.00305164183556643,7.0545167981397,0.918392867892973,1.2832778718358,2.5609885438428,0
"733","DTXSID5038830",1.11461859611056,-0.490945217565598,1.08353151171458,-0.292356515003662,-0.352984729893449,-0.521979533336866,-0.876866650531667,-1.11863868216737,-0.937383639949104,-0.555721013215198,-0.18393860644904,-0.685702345857979,-0.193603131027846,-0.315002440992493,0.106803152277601,-0.490563539433066,-0.299792878882121,0.306684369208724,-0.593899024179223,-1.20904256940198,0.517682097743595,-0.712382893105428,0.243105278503981,0.290792832362511,-0.646459056368065,-0.91342150423802,-0.555465847102776,-0.563416590324308,-0.307547534348496,0.986003286228367,0.0205469774745415,0.106803152277601,1.20904256940198,0.582211168917456,0.318077392547797,0.989350231378636,0
"734","DTXSID5040752",-1.45624060477743,0.622183501729182,-1.16071387941051,-0.0741537177360512,-1.36724910973408,-0.335425278465466,-1.33955670690347,-0.421833728494124,0.0192052764214753,-0.791154336162172,0.540499390090669,0.759873298027628,1.39134184428791,-0.577715151076052,2.67391266665906,-0.490563539433066,-1.43379202943623,-1.39751255988702,0.688424307591246,-1.20904256940198,-0.481836439376292,0.395049441266035,0.135402070317792,-0.922751807198816,-1.46342764737006,-0.0773689890183656,-0.0459991844050315,0.777875413852191,-0.128471662411889,-1.05360842192768,0.482237146835553,0.0192052764214753,2.67391266665906,0.807739485762299,0.601185436291723,1.5772568442157,0
"735","DTXSID5047035",0.549890110559849,0.0265092141065699,1.02569013565466,0.91615128524772,-1.36724910973408,-0.651253492220093,-1.62096468609932,-2.32847626692413,-1.57583358058487,-0.9775885325794,0.117772535617893,-0.481180302013765,0.0292253337391025,-0.389579390585021,0.587155179585278,-0.490563539433066,-0.980192369214586,0.152784125634227,-0.593899024179223,-1.20904256940198,1.71660071712578,-0.712382893105428,-0.212058162407977,0.039818009142643,-1.16523930205198,-2.12334515788371,-1.00180814319854,-1.02775688267464,0.56599330436666,0.400696296230203,0.0761789999035584,0.0265092141065699,2.32847626692413,0.834556655043413,0.609456364515707,1.61466080162352,0
"736","DTXSID5047160",1.54488791843491,-1.38144819300142,0.690210154507092,-0.863040754011259,-1.36724910973408,-0.427819837790868,-1.51435766146506,-1.25848288849303,-1.28538210866812,-0.275600459998546,0.0909549887824034,-0.417640742170713,0.162667243546302,-0.387524307703341,0.706369887157275,-0.490563539433066,-0.980192369214586,0.672915555073653,-0.593899024179223,-1.20904256940198,0.445129145967977,-0.712382893105428,0.304701509175693,0.517670141222043,-1.03547936066031,-1.48360556867511,-0.824889157513719,-0.80863903202099,0.0846544748705537,0.561246549145812,0.0320990742864494,0.0846544748705537,1.54488791843491,0.769954904837485,0.443819949597755,1.33804444032261,0
"737","DTXSID5047405",1.92675194199777,-1.10467024117677,0.817461181838927,-0.460204820594132,-1.36724910973408,-0.498244743005072,-1.68533936837714,-1.77961529479421,-1.49973458049242,-0.524378068219867,0.197656403049748,-0.329885215260825,0.300324374565841,-0.425468396073261,0.939543904759668,-0.490563539433066,-1.20699219932541,0.629678935731715,-0.593899024179223,-1.20904256940198,0.623773023242343,-0.712382893105428,0.147498831798102,0.347423239553965,-1.24050006805916,-2.04747011005265,-0.902967973680126,-0.933527786676153,0.611332794265371,0.682048923912409,0.0370256410245121,0.147498831798102,2.04747011005265,0.874520985211894,0.526025306151093,1.54783337708529,0
"738","DTXSID5047582",0.555268477088903,-0.0456937298476861,0.111796393907841,-0.930180076247447,-1.36724910973408,-0.629885960503969,-1.92371235344964,-2.35255741284047,-1.4349476104031,-1.06496453823674,0.357113079309647,-0.106179933497711,0.530779766145418,-0.49907426893545,1.40691010386092,-0.490563539433066,-1.43379202943623,-0.0895440389408527,-0.593899024179223,-1.20904256940198,0.508243679230079,-0.712382893105428,0.0104087740344724,-0.335710663357346,-1.46342764737006,-2.18189248119666,-1.10770163168606,-1.10162379687581,0.068075026299021,-0.0451034351665339,0.166648318951274,0.0104087740344724,2.35255741284047,0.822257468124062,0.659036274388305,1.66582389934109,0
"739","DTXSID5047611",-0.869998653110502,1.13362102140516,-0.593868394023246,-1.29944634854648,-1.36724910973408,-0.777115929016196,-1.30114361219655,-2.23587218154556,-1.49561872738882,-1.54743493969645,0.200663302886528,-0.290561622484614,0.169402606472901,-0.453345592858129,0.864146289388686,-0.490563539433066,-1.43379202943623,-0.579549523113798,-0.593899024179223,-1.20904256940198,0.799113180590033,-0.712382893105428,-0.0232066976270716,-0.817763183582458,-1.46342764737006,-2.11987961298009,-1.3903364797815,-1.39045549249605,-1.20563414869697,-0.581310105098274,0.56007965271229,0.0232066976270716,2.23587218154556,0.980328148588205,0.548035003995761,1.68181295370278,0
"740","DTXSID5047613",0.275593417578077,0.285236429942654,-0.3972077154195,-0.946964906806494,-1.36724910973408,-0.468044186448806,-1.94724923057557,-2.11605143126487,-1.80681183317352,-0.52483401658093,0.375858876551573,-0.0535551420946159,0.630321383451896,-0.510899140718663,1.48703241810931,-0.490563539433066,-1.43379202943623,-0.344224842253936,-0.593899024179223,-1.20904256940198,0.487669653739637,-0.712382893105428,-0.00440230470506214,-0.519586087723833,-1.46342764737006,-2.07919003869991,-1.35801834077975,-1.21545443688678,-0.545150642479019,-0.290605035498653,0.26241535590131,0.00440230470506214,2.11605143126487,0.864677277471437,0.618842013600178,1.65679505487967,0
"741","DTXSID5051575",0.216431385758479,1.07946881343947,-0.466617366691411,0.211188401767747,-1.36724910973408,-0.76510928886832,-2.19851252661185,-2.51677046796799,-1.69863180159394,-1.10146074766126,0.318634863918328,0.0386140447237124,0.726496523753906,-0.474925450326467,1.45463255979136,-0.490563539433066,-1.43379202943623,-0.509562361140079,-0.593899024179223,-1.20904256940198,1.20566941544542,-0.712382893105428,-1.66293855432004,-0.496795911917532,-0.999406096953423,-2.08184016127327,-1.62076366337779,-1.60706067201575,-0.482255702091527,-0.359968979719474,0.34083472291125,0.0386140447237124,2.51677046796799,1.00335616421395,0.648987766748813,1.83406050565243,0
"742","DTXSID5052177",0.953267600238926,-0.160015057775258,0.435708099843421,-0.9133952456884,-1.36724910973408,-0.58916005632281,-1.6734615220894,-1.88632045605374,-1.2231994736347,-0.836905560890576,0.198476466641597,-0.269462970905706,0.351151191715844,-0.433006880938502,0.989538921989271,-0.490563539433066,-0.980192369214586,0.0717363222586664,-0.593899024179223,-1.20904256940198,0.550518916984554,-0.712382893105428,0.1660930215685,-0.10398798481324,-1.16082746404467,-1.79986711946799,-1.06759557783986,-1.06582340226473,0.196935222211263,0.0897276024761856,0.0864932662361739,0.0717363222586664,1.88632045605374,0.751317054790872,0.524488860422567,1.42266279613176,0
"743","DTXSID5052250",1.02318636511663,-0.593232721500794,0.863734282686867,-1.26587668742839,-1.36724910973408,-0.275786892793721,-0.87686665053167,-0.714168318948937,-1.47818167349213,0.223384226111928,-0.0637510120491276,-0.685702345857979,-0.363689271214956,-0.346974988229271,0.182248630931624,-0.490563539433066,-1.20699219932541,0.0709735194033671,-0.593899024179223,-1.20904256940198,1.65843423699413,-0.712382893105428,0.194043350989346,0.261444710706988,-1.16160602369302,-1.76867721533539,-0.878441090011765,-0.799410888206896,-1.13741133112789,0.260409667468992,0.0407493744107165,0.0637510120491276,1.76867721533539,0.757592181200367,0.487040671641,1.38100424090085,0
"744","DTXSID5052620",-0.380567298966555,0.610149677736806,-0.570731843599276,-1.18195253463315,-0.352984729893449,-0.604195700327525,-0.392484823727982,0.744222733662001,0.104162119327452,-1.2901582061669,-0.317780046533871,-0.455913343184611,0.308664767520079,-0.346101132645818,0.244416152679321,-0.490563539433066,-0.299792878882121,-0.694589728728637,-0.593899024179223,-1.20904256940198,-0.549463598442481,-0.712382893105428,-0.0195237151470702,-0.650060789441077,0.331411861959603,-0.100567754314376,-0.963440715022787,-0.79468765556253,-0.773435981663246,-0.59962530385321,0.27279202972036,0.0195237151470702,1.2901582061669,0.556232437324721,0.31687464698813,0.961831985469528,0
"745","DTXSID5052672",0.194917919642261,0.634217325721558,-0.362502889783545,-1.09802838183792,-1.36724910973408,-0.757515439834894,-1.41515098671596,-1.29778985965821,-1.79831664669347,-1.51556451325484,0.117772535617893,-0.38443187071723,-0.142516522640604,-0.389579390585021,0.169929122168113,-0.490563539433066,-1.20699219932541,-0.243963941960522,-0.593899024179223,0.315035396842105,1.70146970185444,-0.712382893105428,-0.25655800768296,-0.278124667261443,-1.16523930205198,-2.50145649242711,-1.35906020382061,-1.15685726053447,-1.22544786877966,-0.283980389140485,0.215821451479564,0.117772535617893,2.50145649242711,0.83788378010015,0.612424663278182,1.62178734909622,0
"746","DTXSID5058642",2.37853473043833,-3.06618355193406,2.17094938164117,2.82962196897907,-1.36724910973408,-0.71115780099126,-2.04163536432764,-2.1158513215689,-1.87109825600587,-0.978232618896717,0.292205969461036,-0.393811275612489,0.150198963386256,-0.437089575067819,0.98096827386493,-0.490563539433066,-1.43379202943623,1.29847587415115,-0.593899024179223,-1.20904256940198,2.33624157928699,-0.712382893105428,-3.0624183260662,1.52419686024135,-1.46342764737006,-3.35862844600061,-0.0663763641618523,0.328861946720854,0.367399254315011,2.17999837101823,0.030344729724026,0.0663763641618523,3.35862844600061,1.40701642955993,0.967904968232578,2.64593478889763,0
"747","DTXSID5058648",2.2763457663863,-2.4464416163267,1.7660597492217,1.92324111879054,-1.36724910973408,-0.741017411350505,-2.08874491236676,-2.32938867975887,-1.54530253710303,-1.12036221464811,0.306482525497334,-0.371174987675843,0.174363178388504,-0.443040824359177,1.01558634147811,-0.490563539433066,-1.43379202943623,1.06391399614658,-0.593899024179223,-1.20904256940198,2.37991455043842,-0.712382893105428,-3.0624183260662,1.12002646428291,-1.46342764737006,-3.35862844600061,-0.177966286887356,-0.0125015950218635,0.587831825334539,1.7840783298477,0.0379902307197147,0.0125015950218635,3.35862844600061,1.31217294986792,0.884747464337983,2.44464970422054,0
"748","DTXSID5060308",3.02931708045391,-2.44042470433051,-0.18897876160377,2.49392535779814,-1.36724910973408,-0.228450863564934,2.65778151001453,1.38102276136679,1.66006926195544,-0.215938463765089,-0.283834547374208,-2.90046870283837,-1.16146779158381,14.1192184440338,1.83688988510733,-0.490563539433066,-1.43379202943623,3.66278809166944,-0.593899024179223,-1.20904256940198,-0.549463598442481,-0.712382893105428,-1.05532332941025,3.35960835685065,-1.46342764737006,-0.73268314473501,5.43433913946987,8.41978728916539,0.616834305561722,2.79102457628928,0.0372872047221129,0.18897876160377,14.1192184440338,2.28299989266816,2.83633806908879,5.91351262110181,1
"749","DTXSID5060439",0.426187680391599,-0.629334193477922,0.956280484382747,0.429391199035358,-1.36724910973408,-1.03093634824716,-2.38425025915754,-2.05461909639298,-2.61739625130647,-2.59576767593872,0.394004021198146,-0.229183726982331,0.458564102874892,-0.481008992092063,1.2381310618485,-0.490563539433066,-1.43379202943623,-0.0519712307995121,-0.593899024179223,-1.20904256940198,2.25428702120048,-0.712382893105428,-3.0624183260662,-0.103201787380085,-1.46342764737006,-3.35862844600061,-1.38481386472733,-1.23322758473231,-1.44042080955721,0.468111815051563,0.105004277336893,0.0519712307995121,3.35862844600061,1.21841642638339,0.909648084261841,2.38276597423855,0
"750","DTXSID5061532",0.178782820055098,0.194982749999834,0.0886598434838707,-0.275571684444615,-1.36724910973408,0.274042208701912,-0.684169857816095,-1.97940659712796,-1.56374338058762,0.59957220283983,-0.223291340797603,-0.523383275307575,-0.109540342170694,0.79720797489656,-0.205523820200836,-0.490563539433066,-1.43379202943623,-0.689483717115977,-0.593899024179223,-1.20904256940198,2.27917619557822,-0.712382893105428,-3.0624183260662,-0.241048076252526,-1.46342764737006,-2.23277483460513,-1.00736185094648,-0.8405488356941,-1.02734518544979,0.0967419339142461,0.228781905410162,0.0886598434838707,3.0624183260662,0.881504462223761,0.757245016231587,1.85077808300019,0
"751","DTXSID5061538",-0.21383793656587,0.941079837527146,-0.524458742751336,-0.0405840566179572,-0.352984729893449,-0.828691327920195,-0.894378198050954,-0.221755196449157,-0.807029732583032,-1.47720197122704,-0.198568672185871,-0.386218417561068,0.473481483510085,-0.333351449900305,0.416133490298825,-0.490563539433066,-0.299792878882121,-0.622023339600437,-0.593899024179223,-1.20904256940198,-0.549463598442481,-0.712382893105428,-1.59770289010154,-0.350924680099879,-0.0783700329553088,-0.672504976761528,-0.802330957887799,-0.601629389919164,-0.798591201081868,-0.0723813907589916,0.343499110048281,0.0405840566179572,1.59770289010154,0.585378620188437,0.382512272194476,1.07499432859737,0
"752","DTXSID5062764",0.0550803898868481,0.68836953368725,-0.316229788935605,-0.963749737365541,-1.36724910973408,-0.574706373376648,-1.65228797001124,-2.15228154996294,-1.37008010503499,-0.866996567418583,0.19991157792733,-0.161753752707441,0.447722144300851,-0.446315427839985,1.07695226029649,-0.490563539433066,-1.20699219932541,-0.417506359058979,-0.593899024179223,-1.20904256940198,0.578184572966177,-0.712382893105428,-0.0438594147806955,-0.439402189031085,-1.00303937531239,-1.51283845921507,-1.32041205256224,-1.35445158710197,-0.191075422519809,-0.251636527509428,0.281574637477322,0.0438594147806955,2.15228154996294,0.788832415799626,0.536596814951698,1.4756763389378,0
"753","DTXSID5063027",-1.32178144155107,2.30090194866563,-0.767392522203021,-0.35949583723985,-0.352984729893449,-1.04840132406419,-0.61173220008292,-0.677600359601509,-1.71495844106591,-3.25203461431036,0.321134808326734,0.630319358816942,1.08771512557183,-0.495690132951102,1.13338313486907,-0.490563539433066,-0.980192369214586,-0.942581704504314,-0.593899024179223,-1.20904256940198,-0.549463598442481,-0.712382893105428,-3.0624183260662,-0.88364927224694,0.806073727570353,-0.924144307880991,-1.6109432484053,-1.58622201593564,-1.44042080955721,-0.830708556229316,0.711022459793337,0.321134808326734,3.25203461431036,1.08994106471289,0.723042640165676,2.01543564412495,0
"754","DTXSID5063073",0.619808875437556,-0.208150353744762,1.37273839201421,0.496530521271546,1.50649996648103,-0.437333245764358,0.604005047540147,0.453184620751368,0.368392557996956,-0.0181064450258484,-0.962816009518179,-1.12684877183086,-0.916153050622677,-0.254132927373558,-0.621752533926963,-0.490563539433066,1.28780593189363,0.647085143386076,-0.593899024179223,-1.20904256940198,-0.549463598442481,-0.712382893105428,-2.41421340958601,0.831865328754339,0.51774713779805,0.225071153276543,0.0779909135467733,0.115716408203216,-0.82188838018398,1.00275974466373,0.0132719354648102,0.0181064450258484,2.41421340958601,0.715464949838485,0.503006213809899,1.35931290351516,0
"755","DTXSID5064049",1.50723935273152,-1.45966804895187,1.78919629964567,1.36934171034199,-1.36724910973408,-0.808028354072236,-2.19360164832478,-2.32938867975888,-1.6822442623818,-1.45295979119082,0.337935563014814,-0.320790991945888,0.262558292004945,-0.4563918125681,1.09347699360774,-0.490563539433066,-1.43379202943623,0.505971382673535,-0.593899024179223,-1.20904256940198,2.3661577788861,-0.712382893105428,-3.0624183260662,0.506141586110623,-1.46342764737006,-3.35862844600061,-0.812053547245835,-0.47413228769104,-0.191075422519809,1.11888589847162,0.0475658151401264,0.191075422519809,3.35862844600061,1.22428810962888,0.822232396449205,2.27674557708387,0
"756","DTXSID5064201",-1.66599689941055,2.40920636459702,-1.19541870504647,-1.53443397637314,-1.36724910973408,-0.949631714565355,-2.95920942440357,-2.85690609764327,-2.30577424079026,-2.05178162745218,1.30492309327492,2.49943303671707,1.84084297470984,-0.810353004177012,2.6036494220926,2.00528604715622,-1.43379202943623,-1.61476358059413,-0.593899024179223,0.246004819131898,1.14795826210741,-0.712382893105428,-1.56550692689455,-0.97810557701862,-1.46342764737006,-2.3315224788001,-1.68239958741751,-1.68055319576454,-0.744317953706074,-1.43861728086123,0.372960593506145,0.246004819131898,2.95920942440357,1.59977823315102,0.688871768586637,2.48153409694191,0
"757","DTXSID5064916",0.151890987409826,1.15768866938991,-0.30466151372362,-0.9133952456884,-1.36724910973408,-0.59801975098246,-1.94724923057557,-1.9261121170109,-1.4326671131071,-0.912413441537297,0.375858876551573,-0.0535551420946159,0.630321383451896,-0.510899140718663,1.48703241810931,-0.490563539433066,-1.43379202943623,-0.344224842253936,-0.593899024179223,-1.20904256940198,0.704911126172321,-0.712382893105428,-0.0660889130791901,-0.468298131949327,-1.46342764737006,-2.08881202219703,-1.39963558941183,-1.13466295196307,-0.545150642479019,-0.249688102109967,0.315444870600362,0.0535551420946159,2.08881202219703,0.889119805487563,0.580429084738249,1.63206903395252,0
"758","DTXSID50701313",0.447701146507816,-0.0456937298476861,-0.883075274322871,-0.409850328916991,-0.352984729893449,-0.474167749076176,-0.680406577471784,-0.583609014712855,-1.31474535325483,-0.505307240953901,-0.169010177252534,-0.446530190804379,-0.246083414661613,-0.346848825431685,-0.0841814346571463,-0.490563539433066,-0.299792878882121,0.233212151689856,-0.593899024179223,1.9213164149112,1.13863721672292,-0.712382893105428,-0.0352842836246618,0.0151493564363415,-0.336592316324744,-0.588842645676444,-0.812723749373998,-0.666050830224883,-0.648644433275367,0.740501685896248,0.0439084831653436,0.0151493564363415,1.9213164149112,0.540792953584074,0.402457729833955,1.05593884777154,0
"759","DTXSID50721995",-0.692512557651708,0.555997469771114,-0.559163568387291,-1.31623117910553,-1.36724910973408,-0.755100743439834,-2.02683432566783,-2.46221766456265,-1.75985842569319,-1.57180251153881,0.318634863918328,0.0991771776035645,0.365611901324518,-0.474925450326467,0.62664053179926,-0.490563539433066,-0.980192369214586,-0.80114375257827,-0.593899024179223,1.61595348265175,0.114214664944623,-0.712382893105428,-0.673243949138502,-0.745564875422856,-0.999406096953423,-2.30477662636744,-1.64112284253743,-1.64913402957323,-0.482255702091527,-0.592221287335257,0.440992173575302,0.0991771776035645,2.46221766456265,0.978267753868359,0.63811761495915,1.79505830101607,0
"760","DTXSID5074056",0.549890110559849,-2.72923648014753,2.03213007909735,1.38612654090104,3.70407278946906,-0.0379427349133325,1.24097107781191,0.576888680085963,0.845378581576046,0.99782609645348,-1.30302885494621,-1.66013915330217,-1.62532482897759,-0.272043474073925,-1.27541909191402,-0.490563539433066,4.91660321366678,2.74683349309732,-0.593899024179223,-1.20904256940198,-0.549463598442481,-0.712382893105428,0.673631399455803,2.03421401540658,1.20080346928383,1.65071478439357,3.2510158981529,3.77879855773135,1.58152946460136,2.77699591341316,0.007049394392617,0.0379427349133325,4.91660321366678,1.61343034693314,1.17753297483106,3.1206725547169,1
"761","DTXSID5074555",-0.638728892361164,1.37429750125268,-0.744255971779051,-0.628053126184601,-1.36724910973408,-1.03093634824716,-1.85291877604811,-1.91282924786965,-0.781327704776825,-2.59576767593871,-0.00802613862859036,0.158191421626199,0.736916852453799,-0.384265575651201,1.00650899605246,-0.490563539433066,-1.43379202943623,-0.857786632102095,-0.593899024179223,-1.20904256940198,-0.549463598442481,-0.712382893105428,-1.80082941837128,-0.816140033919992,0.277172206457883,-1.13003844627265,-1.67851000706452,-1.47235223443051,-1.00638020532062,-0.709516496382825,0.543367941385095,0.00802613862859036,2.59576767593871,0.998604755764169,0.582825408270065,1.74462127834985,0
"762","DTXSID5074688",2.21180536803765,-2.30203572841819,1.74292319879773,2.1582287466172,-1.36724910973408,-0.695295484960878,-1.90375376031073,-2.43006995645645,-1.62675146682874,-0.976123130801469,0.194649503212969,-0.46006382567097,0.0734775282282369,-0.398240434722286,0.755950834379297,-0.490563539433066,-0.980192369214586,1.17661335049922,-0.593899024179223,-1.20904256940198,2.23362867593344,-0.712382893105428,-3.0624183260662,1.19435142314046,-1.30615859840334,-2.93004246921386,-0.24975732473345,-0.139822091953105,1.3521800592103,1.82850242895542,0.044042153693033,0.0734775282282369,3.0624183260662,1.29187244068733,0.841434996664606,2.36890923641803,0
"763","DTXSID5075109",0.684349273786208,-0.310437857679958,1.29176046553031,0.932936115806767,-1.36724910973408,-1.03093634824716,-1.72757171073357,-2.60947009642155,-2.3347782452067,-2.59576767593871,0.194649503212969,-0.544719861856817,-0.103513090875148,-0.398240434722285,0.5148607206447,-0.490563539433066,-1.43379202943623,-0.169252169801793,-0.593899024179223,-1.20904256940198,2.48483415438068,-0.712382893105428,-3.0624183260662,-0.181862915018895,-1.46342764737006,-3.35862844600061,-1.29622379207949,-1.16407604545973,-1.44042080955721,0.321200539932184,0.15517887042051,0.103513090875148,3.35862844600061,1.20077551372066,0.917272723952711,2.37488460038013,0
"764","DTXSID50863546",0.619808875437556,0.00244156612181791,0.0770915682718856,0.278327724003935,-0.352984729893449,-0.350532290789744,-0.863691960318187,-1.40343565171368,-0.862906086551811,-0.196261312014874,-0.136922558387928,-0.48725682036304,0.112074412982308,-0.348553605452373,0.390853424367888,-0.490563539433066,-0.299792878882121,-0.149281037546486,-0.593899024179223,-1.20904256940198,0.129305206723203,-0.712382893105428,0.251521360391877,-0.0451698041128999,-0.467390337247553,-0.764362302265765,-0.542750989730526,-0.67006198673561,0.323343071390228,0.408879682907941,0.123802295803633,0.00244156612181791,1.40343565171368,0.451362975690813,0.333203996488962,0.877864091196685,0
"765","DTXSID50864715",1.52875281884774,-1.18890700912341,1.63880872188986,2.17501357717624,-1.36724910973408,-0.976467207398293,-2.24353342735241,-2.05873689668865,-1.6822442623818,-2.09115284858072,0.352758258856383,-0.296798613026862,0.31755061702819,-0.46279794113403,1.13097990018867,-0.490563539433066,-1.43379202943623,0.251290579360452,-0.593899024179223,-1.20904256940198,2.32905370439096,-0.712382893105428,-3.0624183260662,0.300121804162022,-1.46342764737006,-3.35862844600061,-1.10162880925519,-1.08632717028983,-0.786377327421989,0.873384298139506,0.0636230377572236,0.251290579360452,3.35862844600061,1.285469645914,0.819369630239401,2.33426277262044,0
"766","DTXSID50866638",-0.186946103920598,0.983198221500462,-0.1658422111798,-0.493774481712225,-1.36724910973408,-0.691300631200671,-1.95201867193426,-2.36910744079717,-1.71045296830929,-1.15890329848028,0.288878377349041,-0.0617970822615323,0.230066267336503,-0.456364050646816,0.656966236817093,-0.490563539433066,-0.980192369214586,-0.429944813118205,-0.593899024179223,1.21421573331276,1.80360456085469,-0.712382893105428,-0.526896847985313,-0.371921000702908,-1.1276089190484,-2.39814248318267,-1.37686484036498,-1.4458090169476,-0.449497920639709,-0.128496042263476,0.387908859963957,0.0617970822615323,2.39814248318267,0.894096838584428,0.662460780328098,1.74204663740439,0
"767","DTXSID50866911",2.09348130439845,-2.41635705634576,1.9974252534614,2.02395010214482,-1.36724910973408,-0.735681204571742,-2.08874491236676,-2.02439069876791,-1.77548850245854,-1.03424540469878,0.306482525497334,-0.371174987675843,0.191709655240502,-0.443040824359177,1.01558634147811,-0.490563539433066,-1.43379202943623,0.92651413183578,-0.593899024179223,-1.20904256940198,2.33873007331405,-0.712382893105428,-3.0624183260662,1.11498073203456,-1.46342764737006,-3.35862844600061,-0.436932281640194,-0.190709555295111,-0.113229266144512,1.73653675010085,0.0411498926748256,0.113229266144512,3.35862844600061,1.3022265049519,0.876301835196838,2.42389285400385,0
"768","DTXSID50870730",-0.240729769211142,1.1637055813861,-0.32779806414759,-1.46729465413695,-1.36724910973408,-0.890022177623953,-2.2758408890588,-2.36825527391717,-2.28043076582632,-1.55650828296402,0.483852660173841,0.110108146573885,0.413068144371399,-0.541485330574743,1.13916799214182,-0.490563539433066,-1.43379202943623,-0.542644167470844,-0.593899024179223,1.07340652725805,1.4684435672422,-0.712382893105428,-0.516379233973222,-0.497790263015398,-1.46342764737006,-2.90839300634535,-1.41435259066947,-1.34011287766801,-1.02275909604653,-0.276576372622532,0.398413977103809,0.110108146573885,2.90839300634535,1.07934798925591,0.709455875379028,1.98745150974107,0
"769","DTXSID50870795",1.15226716181394,-1.14678862515009,1.43057976807413,2.09108942438101,-1.36724910973408,-0.988571460920263,-2.24353342735241,-1.78808511361842,-1.79179764260481,-2.20328947688249,0.352758258856383,-0.296798613026862,0.330078628087966,-0.46279794113403,1.13097990018867,-0.490563539433066,-1.43379202943623,0.18259064720505,-0.593899024179223,-1.20904256940198,2.27520979328694,-0.712382893105428,-3.0624183260662,0.299881651071866,-1.46342764737006,-3.35862844600061,-1.01716287017584,-0.899973722940617,-1.02734518544979,0.849613508266079,0.063293459820815,0.18259064720505,3.35862844600061,1.25508654684048,0.811606326376898,2.29394264460291,0
"770","DTXSID50871065",0.759646405192969,-0.63535110547411,1.32646529116627,1.41969620201913,-1.36724910973408,-1.04840132406419,-1.72757171073357,-1.69929818756882,-2.49259818608972,-3.25203461431036,0.194649503212969,-0.544719861856811,-0.0632444838973025,-0.398240434722285,0.544996984861521,-0.490563539433066,-1.43379202943623,-0.0519712307995121,-0.593899024179223,-1.20904256940198,2.53193518158953,-0.712382893105428,-3.0624183260662,0.0155068365101837,-1.46342764737006,-3.35862844600061,-1.33796853888481,-1.29907340468401,-1.59602027145335,0.533578908473462,0.0679527616152003,0.0155068365101837,3.35862844600061,1.23881240840973,0.933697109627244,2.4339447087326,0
"771","DTXSID50871242",1.53950955190585,-1.35136363302048,1.9164473269775,2.37643154388481,-1.36724910973408,-0.869133019483283,-2.24353342735241,-2.32938867975888,-1.69936197804165,-1.63477109387694,0.352758258856383,-0.296798613026862,0.305022605968418,-0.46279794113403,1.13097990018867,-0.490563539433066,-1.43379202943623,0.319990511515853,-0.593899024179223,-1.20904256940198,2.35840508134638,-0.712382893105428,-3.0624183260662,0.301577158134606,-1.46342764737006,-3.35862844600061,-1.01716287017584,-0.742216628806822,-0.449497920639709,0.897155088012933,0.0669587247687221,0.296798613026862,3.35862844600061,1.27619021389451,0.84825838595225,2.36196094791339,0
"772","DTXSID50871247",1.53950955190585,-1.41754966497855,1.62724044667788,1.55397484649151,-1.36724910973408,-0.749694578046303,-2.19360164832478,-2.16330406783335,-1.9291866649762,-1.06625271087139,0.337935563014814,-0.320790991945888,0.273833501958745,-0.4563918125681,1.09347699360774,-0.490563539433066,-1.43379202943623,0.437271450518134,-0.593899024179223,-1.20904256940198,2.32851743061179,-0.712382893105428,-3.0624183260662,0.503936085960484,-1.46342764737006,-3.35862844600061,-0.927167288758729,-0.703459141053758,-0.545150642479019,1.0951151085982,0.0512580591153804,0.273833501958745,3.35862844600061,1.23182545919694,0.799467713487838,2.25514413246137,0
"773","DTXSID50871383",0.985537799413252,0.0565937740875098,0.0770915682718856,-0.275571684444615,-1.36724910973408,-0.711472652400456,-2.08786288506158,-2.45836243395287,-1.74064764039672,-1.14323659049765,0.387451607853549,-0.114404313459497,0.212157086608236,-0.491460797945891,0.995419302874268,-0.490563539433066,-1.43379202943623,0.269979249315287,-0.593899024179223,0.518408177151525,1.59797139206655,-0.712382893105428,-0.320140907889833,0.219408696831565,-1.46342764737006,-2.99340078427537,-0.444039777521952,-0.372962334600473,0.327754893807981,0.551894107228397,0.0962932126718565,0.0565937740875098,2.99340078427537,0.8471514900405,0.745905713529295,1.801910803358,0
"774","DTXSID50873105",0.598295409321338,-0.821875377355938,1.87017422612956,1.28541755754675,-1.36724910973408,-0.62339854641122,-1.57046662179888,-2.34386122684675,-1.55989210139566,-0.905716705676282,0.197887703037192,-0.451082615772318,-0.018048342515611,-0.427589746047225,0.75590034072651,-0.490563539433066,-1.43379202943623,0.461294972942219,-0.593899024179223,-1.20904256940198,1.00953492936333,-0.712382893105428,-0.157908473847956,0.243089131199133,-1.46342764737006,-2.19387918945154,0.031210164006833,0.521257182343713,1.61424231082485,0.66996868643575,0.028832554571469,0.018048342515611,2.34386122684675,0.920078279121887,0.628962084759657,1.72514974761425,0
"775","DTXSID50873241",2.27096739985724,-2.33212028839913,1.67351354752582,1.11756925195628,-1.36724910973408,-0.746313022266367,-2.11802922601269,-2.45128918107379,-1.96316560425676,-1.16942198953014,0.315311448309257,-0.357103781661171,0.198861821059743,-0.446755190233212,1.03722263373632,-0.490563539433066,-1.43379202943623,0.8779331249889,-0.593899024179223,-1.20904256940198,2.37857864411115,-0.712382893105428,-3.0624183260662,0.917292117859728,-1.46342764737006,-3.35862844600061,-0.39163127474076,-0.0435696364857683,0.327754893807981,1.56234751938901,0.0402982045717792,0.0435696364857683,3.35862844600061,1.27960517273294,0.882804504819326,2.40959493890167,0
"776","DTXSID50873327",1.93750867505587,-1.98313939262022,1.90487905176552,1.20149340475152,-1.36724910973408,-0.775215605057649,-2.15248135971379,-2.39643395548208,-1.80593911222531,-1.23543705851114,0.325653900746085,-0.34054942164391,0.227814762398472,-0.451139339976118,1.06279279731425,-0.490563539433066,-1.43379202943623,0.691952253831218,-0.593899024179223,-1.20904256940198,2.36184262999881,-0.712382893105428,-3.0624183260662,0.710711855392538,-1.46342764737006,-3.35862844600061,-0.603210861724963,-0.548302526224358,0.068075026299021,1.34061670893032,0.0500745278317857,0.068075026299021,3.35862844600061,1.26055310947967,0.846445273245172,2.34400305923349,0
"777","DTXSID50875104",2.99704688127958,-2.10949454454017,1.66194527231383,1.90645628823149,-0.352984729893449,-0.678870231026223,-1.27610520869209,-1.84081434857341,-1.29371021088647,-0.904486055350374,-0.0919226163907183,-0.761650954583014,-0.300622075834217,-0.302461694740946,0.0996499692128812,-0.490563539433066,-0.299792878882121,1.61108201928853,-0.593899024179223,-1.20904256940198,2.33391254719777,-0.712382893105428,-3.0624183260662,1.79120281805976,-1.03080800277021,-2.03568725738033,0.402031082458141,0.557175333311408,0.796608085787462,2.91689285709448,0.0276026249932233,0.0919226163907183,3.0624183260662,1.2140573438655,0.882571606141804,2.34374899972701,0
"778","DTXSID50880218",-0.111648972513837,0.525912909790174,-0.1658422111798,1.50362035481436,-1.36724910973408,-1.04840132406419,0.877606488140667,-0.672021728834991,-1.46003356113012,-3.25203461431036,6.74582671431194,3.4292739278444,4.04982740274807,-0.106401078009574,-0.426208520191416,-0.490563539433066,-1.43379202943623,-0.146606460035093,-0.593899024179223,-1.20904256940198,-5.11578423626949,-0.712382893105428,0.4119734189312,-0.158295760540392,-1.46342764737006,-0.317510865281106,-0.00551951988148813,0.652206100852379,-1.45903318538211,0.15792249145733,0.190009337437166,0.00551951988148813,6.74582671431194,1.33566228863915,1.61504794433788,3.40292365739164,1
"779","DTXSID50880652",0.393917481217273,0.128796718041766,0.655505328871137,-0.0237992260589102,-0.352984729893449,-0.812501854415927,-0.206842440699111,-0.873243582734405,-0.825016588111676,-1.29842229015532,-0.770646057557351,-1.27543512156615,-0.924927850586721,-0.184775510474198,-0.931679961762904,-0.490563539433066,0.153806781339523,-0.19290382583392,-0.593899024179223,-1.20904256940198,-0.549463598442481,-0.712382893105428,-3.0624183260662,-0.095791653813408,-0.00648302542432042,-0.84676072873894,-1.13581463382008,-1.07083242539051,-1.02734518544979,0.92755052424453,0.0893676102906514,0.00648302542432042,3.0624183260662,0.72445178256099,0.59232548028168,1.48262839732154,0
"780","DTXSID50880753",2.24945393374103,-2.72923648014753,2.08997145515728,2.81283713842003,-1.36724910973408,-0.71796994598554,-2.0053972504514,-2.37129197708587,-1.7467152567891,-1.06203373468087,0.281161841206535,-0.411223804794522,0.10519054025795,-0.432532370310374,0.954495633925428,-0.490563539433066,-1.43379202943623,1.80783748077731,-0.593899024179223,-1.20904256940198,2.36108240289299,-0.712382893105428,-3.0624183260662,1.94013770987384,-1.46342764737006,-3.35862844600061,0.690270369472799,1.46359381064433,1.63062120155076,2.67100157168247,0.0257643730690425,0.10519054025795,3.35862844600061,1.54084864981916,0.901451950591334,2.69470714657607,0
"781","DTXSID50880778",1.31361815768557,-1.22500848110053,1.61567217146589,1.97359561046768,-1.36724910973408,-0.985545397539771,-1.72757171073357,-1.58276307128928,-1.89158503630564,-2.17525531980705,0.194649503212969,-0.544719861856817,-0.0745196938510987,-0.398240434722284,0.587187754765081,-0.490563539433066,-1.43379202943623,0.319990511515853,-0.593899024179223,-1.20904256940198,2.58399421166248,-0.712382893105428,-3.0624183260662,0.424047209326462,-1.46342764737006,-3.35862844600061,-0.956468293980669,-0.748016115514178,-1.28448708458504,0.977040529390845,0.0599602713605187,0.0745196938510987,3.35862844600061,1.24251265818352,0.817000322250275,2.28827307066387,0
"782","DTXSID50880814",2.2171837345667,-2.42839088033813,1.92801560218949,2.04073493270387,-1.36724910973408,-0.767406155031431,-2.08874491236676,-2.20482522081472,-1.79319511517819,-1.28413561191019,0.306482525497334,-0.371174987675843,0.183036416814505,-0.443040824359177,1.01558634147811,-0.490563539433066,-1.43379202943623,0.995214063991182,-0.593899024179223,-1.20904256940198,2.34568476848803,-0.712382893105428,-3.0624183260662,1.11699778766773,-1.46342764737006,-3.35862844600061,-0.349616060314757,-0.177568717249712,0.196935222211263,1.76030753997427,0.0427504830188355,0.177568717249712,3.35862844600061,1.32352270018494,0.883443943385978,2.45433094771899,0
"783","DTXSID50883860",0.479971345682142,-0.256285649714266,0.990985310018702,0.932936115806767,-1.36724910973408,-1.03093634824716,-1.72757171073357,-2.37752434528418,-2.70037969269264,-2.59576767593871,0.194649503212969,-0.544719861856811,-0.0874056480840066,-0.398240434722285,0.5148607206447,-0.490563539433066,-1.43379202943623,-0.237952101957194,-0.593899024179223,-1.20904256940198,2.60382622311884,-0.712382893105428,-3.0624183260662,-0.185667307414317,-1.46342764737006,-3.35862844600061,-1.42995298388884,-1.19503137913358,-1.56932874582594,0.297429750058756,0.162744449690849,0.0874056480840066,3.35862844600061,1.20142754795877,0.938172900896615,2.40228886110644,0
"784","DTXSID50885501",0.302485250223349,0.555997469771114,0.829029457050912,-0.460204820594132,-1.36724910973408,-0.691836953286169,-1.92708012068974,-2.42750965988477,-1.64711030373024,-1.14337794018811,0.27878242654875,-0.115455168883231,0.18736325173606,-0.450088961013985,0.667355518550484,-0.490563539433066,-0.980192369214586,-0.243201139105223,-0.593899024179223,1.56983215901265,-0.146212698829818,-0.712382893105428,-0.637617345831819,-0.140223246139704,-1.16887258041095,-2.52445140214056,-1.14981758927539,-1.26791795524085,0.303931052752113,0.109991226630582,0.308138225154964,0.109991226630582,2.52445140214056,0.836334421106236,0.666201840529601,1.68907277698413,0
"785","DTXSID50893444",-1.39707857295783,2.13844532476856,-0.755824246991036,-1.1987373651922,-1.36724910973408,-1.03093634824716,-2.05986271366111,-2.22024038187239,-0.870792820416682,-2.59576767593871,0.783579966563433,1.30967715820885,1.67611269134764,-0.77782589308512,2.45588057861537,-0.490563539433066,-1.43379202943623,-1.2599219948624,-0.593899024179223,2.54792873743579,-0.0536633120334687,-0.712382893105428,-0.349801284568663,-1.33335737674154,-1.46342764737006,-1.40271567351292,-1.71487924487048,-1.55702004212369,-1.21603000661226,-1.00684621234061,0.783692490993048,0.0536633120334687,2.59576767593871,1.32580799554087,0.650777776379868,2.1588035493071,0
"786","DTXSID50909554",-1.30026797543485,1.44048353321075,-1.13757732898654,-1.1651677040741,-1.36724910973408,-0.0951426008759265,-1.27265548433616,-0.874383906204908,-0.475242790419384,-0.502710753221114,0.616834215980519,0.93011561978189,1.54181030978483,-0.277035893346075,2.47490979303104,-0.490563539433066,-1.43379202943623,-0.948936805792527,-0.593899024179223,1.75576935768912,-0.242133527573748,-0.712382893105428,0.0450303353812764,-1.11076920300101,-1.46342764737006,-0.898580817827216,-1.1204771125407,-1.01764672107972,-0.113229266144512,-0.742250043093774,0.673091214622063,0.0450303353812764,2.47490979303104,0.938682511402326,0.550477225536164,1.64329336008862,0
"787","DTXSID50938268",2.2171837345667,-2.41635705634576,1.93958387740147,1.88967145767244,-1.36724910973408,-0.741987222635295,-2.08874491236676,-2.26069628391739,-1.8988789785408,-1.04864869247645,0.306482525497334,-0.371174987675843,0.183036416814505,-0.443040824359177,1.01558634147811,-0.490563539433066,-1.43379202943623,0.995214063991182,-0.593899024179223,-1.20904256940198,2.36663896374457,-0.712382893105428,-3.0624183260662,1.11815670238881,-1.46342764737006,-3.35862844600061,-0.349616060314757,-0.204105746856021,0.196935222211263,1.76030753997427,0.0419818873000374,0.183036416814505,3.35862844600061,1.31678170653186,0.885200374642607,2.4498381860744,0
"788","DTXSID50941570",-0.601080326657784,1.66912618906589,-0.813665623050961,-1.1651677040741,-1.36724910973408,-0.659400769305948,-1.6309013442153,-2.06725630758891,-1.2974453027379,-1.05791858454183,0.0831779002001113,-0.117390955190107,0.349698885766191,-0.387021814638486,0.144417574455685,-0.490563539433066,-1.43379202943623,-0.806340347029997,-0.593899024179223,1.30825130067881,0.746360030116114,-0.712382893105428,-0.552468909121594,-0.78144278910442,-0.605454914888296,-2.0844087416136,-1.43075458306139,-1.36432799080971,-0.70688048918971,-0.642100977561465,0.559506217682832,0.0831779002001113,2.0844087416136,0.922344898351745,0.542093920154762,1.61622511614984,0
"789","DTXSID50943251",1.91599520893966,-2.67508427218184,1.90487905176552,2.77926747730193,-1.36724910973408,-0.711923423045629,-1.99024313010315,-2.36882707724311,-1.69861816952789,-1.03912424031303,0.276527251671165,-0.418505407907012,0.0927010361510408,-0.430632078564367,0.943465367283981,-0.490563539433066,-1.43379202943623,1.99381835193499,-0.593899024179223,-1.20904256940198,2.37946710754389,-0.712382893105428,-3.0624183260662,2.14393993137516,-1.46342764737006,-3.35862844600061,0.909643240121373,1.38688642095216,1.89171998900496,2.89273238214116,0.0283793068544049,0.0927010361510408,3.35862844600061,1.55118013999333,0.902000902777199,2.70574129554814,0
"790","DTXSID50950804",0.877970468832165,-0.147981233782882,1.0719632365026,0.546885012948687,-1.36724910973408,-1.03093634824716,-1.39923243652158,-1.7698510855323,-2.09749632771304,-2.59576767593872,-0.013766583771534,-0.702487929294054,-0.164977737584545,-0.325869249848543,0.123089285825975,-0.490563539433066,-1.20699219932541,-0.125252747604555,-0.593899024179223,-1.20904256940198,2.31556793660064,-0.712382893105428,-3.0624183260662,-0.262274174706117,-1.14888954943663,-2.80499745486788,-1.62132906317033,-1.58129747054832,-1.39423233771015,0.142724773341532,0.119403434213071,0.013766583771534,3.0624183260662,1.09691292605251,0.852424002237096,2.18801564891599,0
"791","DTXSID50959554",0.996294532471361,-0.60526654549317,1.25705563989436,1.45326586313722,-1.36724910973408,-0.925024129929923,-1.17192063129791,-1.18189902258455,-1.59370954457831,-1.61457217829816,-0.158054643991571,-0.811711975981378,-0.295059243720699,-0.284245112749564,-0.0878645636918005,-0.490563539433066,-1.20699219932541,0.104727545750365,-0.593899024179223,-1.20904256940198,2.22513396435963,-0.712382893105428,-3.0624183260662,-0.0270221104416903,-0.931152367781402,-2.2555251176195,-1.33034411398462,-1.31865681261097,-1.16144662639432,0.288856678301126,0.0340549727782751,0.0270221104416903,3.0624183260662,1.02404522087697,0.703412257755551,1.92441291080407,0
"792","DTXSID50971731",2.38929146349644,-2.98796369598362,2.10153973036926,2.84640679953812,-1.36724910973408,-0.730426189518782,-2.04163536432764,-2.27050948332332,-1.85173545301576,-1.02224266488405,0.292205969461036,-0.393811275612495,0.142682156750388,-0.437089575067819,0.98096827386493,-0.490563539433066,-1.43379202943623,1.36717580630655,-0.593899024179223,-1.20904256940198,2.37602272306626,-0.712382893105428,-3.0624183260662,1.52757014765081,-1.46342764737006,-3.35862844600061,0.05909189510059,0.287432031583301,0.701100954087938,2.20376916089166,0.0317331044700608,0.05909189510059,3.35862844600061,1.42340247995425,0.959320007014828,2.65133208893324,0
"793","DTXSID50974969",-0.832350087407121,2.49344313254365,-0.836802173474931,-1.484079484696,-1.36724910973408,-1.03093634824716,-2.24059333633515,-1.58841370438648,-2.52107141027725,-2.59576767593871,0.617222122324911,0.559103634360973,0.518253019149965,-0.627244982614337,1.10910897203276,-0.490563539433066,-1.43379202943623,-1.21853517244456,-0.593899024179223,0.955444750443829,-0.869254783176294,-0.712382893105428,-0.474955725570882,-1.0249333102152,-1.46342764737006,-2.38199712104344,-1.33470550027179,-1.16082313014962,-1.39423233771015,-1.08945944927777,0.713031204380051,0.474955725570882,2.59576767593871,1.23400152024503,0.641827027044062,2.05554011486143,0
"794","DTXSID50984245",-0.100892239455728,1.0132827814814,-0.32779806414759,-1.4505098235779,-1.36724910973408,-0.950114631453662,-2.2758408890588,-2.03170000963297,-2.05269577594767,-2.17976938259684,0.483852660173841,0.110108146573885,0.428932926669603,-0.541485330574743,1.13916799214182,-0.490563539433066,-1.43379202943623,-0.610581296770946,-0.593899024179223,1.3582953467339,0.163100573184552,-0.712382893105428,-0.607703806813686,-0.472041560490543,-1.46342764737006,-2.90851531969489,-1.41435259066947,-1.20351865144945,-1.02275909604653,-0.257871488787704,0.357509695126289,0.100892239455728,2.90851531969489,1.03887348757954,0.721388177245106,1.96225035445328,0
"795","DTXSID50986926",0.576781943205121,-0.0216260818629341,1.04882668607863,0.815442301893438,-0.352984729893449,-0.505528325903814,-0.739031156115115,-0.985708292961105,-0.621341415117489,-0.701743082873409,-0.218355707327405,-0.641668736810829,-0.0671958605087844,-0.310541796424581,0.134301882518148,-0.490563539433066,-0.299792878882121,0.255957979331315,-0.593899024179223,-1.20904256940198,0.913879648043655,-0.712382893105428,-1.45016787335624,0.262997336121637,-0.551993819034925,-1.1706872494363,-0.84562880912801,-0.93195116906873,-0.648644433275367,0.41745275466557,0.0204116669403894,0.0216260818629341,1.45016787335624,0.616537332531927,0.35373066565028,1.06931258456429,0
"796","DTXSID601016054",1.52337445231869,-1.41754966497855,1.12980461256252,2.02395010214482,-1.36724910973408,-0.87095979141924,-1.72757171073357,-2.13297621175194,-2.12782472150998,-1.62337961939763,0.194649503212969,-0.544719861856817,-0.0857949038048984,-0.398240434722284,0.587187754765081,-0.490563539433066,-1.43379202943623,0.251290579360452,-0.593899024179223,-1.20904256940198,2.58330009126151,-0.712382893105428,-3.0624183260662,0.425924307557784,-1.46342764737006,-3.35862844600061,-0.933814946580108,-0.778616456306297,-1.16144662639432,0.938851391561405,0.0667479659500674,0.0857949038048984,3.35862844600061,1.23842104429759,0.828546706146497,2.29896082816511,0
"797","DTXSID601017171",0.216431385758479,-0.773740081386434,-0.177410486391785,-1.04767389016078,0.661279649947178,0.40599789505296,0.624046347816163,0.580954770878753,0.655930433307576,0.950800829530699,1.22427807814939,1.10980964197035,0.986357471975705,-0.314688718518829,-1.2205464321616,2.00528604715622,0.153806781339523,-0.263844491376764,-0.593899024179223,1.65588396425986,-0.549463598442481,-0.712382893105428,0.652152891953783,0.451532386291898,1.82624638679171,0.850581622822039,-0.140420123063604,-0.271078005139991,-0.136370922909426,0.503962842401651,0.118348162015338,0.136370922909426,2.00528604715622,0.723895269808009,0.494157212120416,1.35641650132214,0
"798","DTXSID60148114",1.27059122545313,-0.328488593668522,1.62724044667788,1.70503832152293,-0.352984729893449,-0.841025080808358,-0.482146877515696,-1.10981429498584,-0.900278624878413,-1.49664241139713,-0.460372484452608,-1.14315046248084,-0.76054304073866,-0.219527916972844,-0.640709134841837,-0.490563539433066,-0.526592708992943,0.192602434680855,-0.593899024179223,-1.20904256940198,2.23871889220724,-0.712382893105428,-3.0624183260662,0.448863305701095,-0.678380001950417,-1.65203105099113,-0.668863134102165,-0.619181910568254,-0.928580474372553,1.3819233273989,0.0262955319451606,0.192602434680855,3.0624183260662,0.958086574647986,0.64065652128073,1.77812692188732,0
"799","DTXSID60162971",0.716619472960534,-0.172048881767634,1.29176046553031,0.53010018238964,-1.36724910973408,-0.985545397539771,-1.39923243652158,-2.01444842309535,-1.7782996658557,-2.17525531980705,-0.013766583771534,-0.702487929294054,-0.181085180375683,-0.325869249848543,0.123089285825975,-0.490563539433066,-1.20699219932541,-0.0565528154491538,-0.593899024179223,-1.20904256940198,2.18735398253527,-0.712382893105428,-3.0624183260662,-0.278510426453013,-1.14888954943663,-2.82840007574645,-1.42542322338507,-1.28160977978324,-1.239324428978,0.127137370145842,0.0857830523447102,0.013766583771534,3.0624183260662,1.05417859292471,0.817098354805446,2.10006448707568,0
"800","DTXSID60168291",1.20067246057543,-1.13475480115771,0.979417034806717,2.02395010214482,-1.36724910973408,-1.03093634824716,-2.24353342735241,-1.43362673589419,-1.75653311517692,-2.59576767593872,0.352758258856383,-0.296798613026862,0.342606639147738,-0.46279794113403,1.13097990018867,-0.490563539433066,-1.43379202943623,0.251290579360452,-0.593899024179223,-1.20904256940198,2.24932901833639,-0.712382893105428,-3.0624183260662,0.301082980816792,-1.46342764737006,-3.35862844600061,-1.12622707542349,-1.03579464959262,-1.20563414869697,0.88780264609552,0.0621768402759397,0.251290579360452,3.35862844600061,1.25778992455656,0.8138138756039,2.29947168532955,0
"801","DTXSID60171462",0.9209974010646,-0.376623889638026,1.29176046553031,0.882581624129626,-1.36724910973408,-0.772949314743279,-0.824638706650614,-0.655907152687231,-1.36466332662226,-1.36776796864672,-0.378494735994409,-0.978582047309228,-0.397694006086152,-0.234048309039984,-0.425390722920247,-0.490563539433066,-0.980192369214586,0.0314460289453221,-0.593899024179223,-1.20904256940198,1.97415985937939,-0.712382893105428,-3.0624183260662,-0.231088603870382,-0.598447878053145,-1.50333878906749,-1.24675742170437,-1.3830287076009,-1.16144662639432,0.145062883820885,0.04366564340125,0.0314460289453221,3.0624183260662,0.918754143367782,0.622237423354827,1.71521804526196,0
"802","DTXSID60171962",0.964024333297035,-0.611283457489358,0.158069494755781,-0.292356515003662,-0.352984729893449,-0.219055596576632,-0.785181895577714,-0.96785496974133,-1.20947528633063,0.380753694881493,-0.126847690946263,-0.538482871314569,0.0443068183596327,-0.355752458119856,0.354929548021249,-0.490563539433066,-0.526592708992943,0.161608801166471,-0.593899024179223,-1.20904256940198,0.277137879446733,-0.712382893105428,0.324171934119891,0.145940531318965,-0.608569153481696,-0.347966889316466,-0.134405768581878,0.543447417172416,0.331843008545379,0.378094561596453,0.0163188809400814,0.0443068183596327,1.20947528633063,0.471567534672255,0.308698445085954,0.866701544382276,0
"803","DTXSID60174352",0.969402699826089,-0.84594302534069,1.58096734582994,1.06721476027914,-1.36724910973408,-0.967389017256816,-1.72757171073357,-2.57184721955642,-2.10886000865808,-2.00705037735439,0.194649503212969,-0.544719861856817,-0.105526521224041,-0.398240434722285,0.544996984861521,-0.490563539433066,-1.43379202943623,0.0167287013558894,-0.593899024179223,-1.20904256940198,2.43525412573977,-0.712382893105428,-3.0624183260662,0.0230178540594058,-1.46342764737006,-3.35862844600061,-1.07920571523686,-1.08603935419317,-1.239324428978,0.542931350390875,0.0622540408932347,0.0167287013558894,3.35862844600061,1.19160948617979,0.869041074579727,2.30398206164184,0
"804","DTXSID60177429",-0.0309734745780217,-0.0577275538400622,0.239047421239676,-0.292356515003662,-0.352984729893449,-0.104682121382499,-0.110423923878992,-1.09658144242474,-0.7495300167322,0.863085723824349,-0.29243418780066,-0.462862464780299,-0.570869755062156,-0.327517561191389,-0.285419845544395,-0.490563539433066,-0.299792878882121,-0.11385837995352,0.428656796784199,-1.20904256940198,1.57448867156251,1.05380407671467,0.432477450187301,-0.0349358970220475,-0.332180478317427,-0.871957278744097,-0.338454893337542,-0.228356226858378,-0.91489101688714,0.451355356616196,0.143315907536134,0.0309734745780217,1.57448867156251,0.487043741595959,0.387155545533057,0.982602839878271,0
"805","DTXSID60182230",1.56640138455112,-0.557131249523666,-0.11956911033186,-0.695192448420789,-1.36724910973408,-0.541385152841669,-1.4979565807521,-2.1093160906537,-1.54697899346563,-0.627667379338665,0.197887703037192,-0.407865425271781,0.0414730353388417,-0.427589746047225,0.818761426529671,-0.490563539433066,-1.43379202943623,0.468398574532195,-0.593899024179223,-1.20904256940198,0.809029186318213,-0.712382893105428,0.295726078594266,0.201520067821415,-1.46342764737006,-2.31562174335995,-0.18239698473839,-0.230174920699892,0.0908354502281737,0.601773797454606,0.0407024471393034,0.0414730353388417,2.31562174335995,0.787366978083702,0.614397559721815,1.57379585452763,0
"806","DTXSID60188732",0.678970907257154,-0.196116529752386,1.08353151171458,0.630809165743922,-1.36724910973408,-0.925024129929923,-2.08874491236675,-2.31266520227349,-2.24424725365617,-1.61457217829817,0.194649503212969,-0.371174987675843,0.208257829354572,-0.398240434722285,0.755950834379301,-0.490563539433066,-1.20699219932541,-0.193952679759957,-0.593899024179223,-1.20904256940198,1.94441184219485,-0.712382893105428,-3.0624183260662,-0.148268778485996,-1.16264410322415,-2.62438140871441,-1.64285190371942,-1.52507051069416,-0.962703163384863,0.311068727854985,0.158119039573957,0.148268778485996,3.0624183260662,1.09536187198719,0.801539180752502,2.12133202335039,0
"807","DTXSID60195466",-1.06899821468551,1.7172614850354,-1.01032630165471,-1.43372499301886,-1.36724910973408,-0.867161246736372,-0.992187433372613,-0.758213965368011,-0.667120214299736,-1.56252121392557,0.103208535077643,-0.459882337166041,0.195912869255355,-0.44196543116716,0.544894973821155,-0.490563539433066,-0.753392539103765,-0.928722530127093,-0.593899024179223,-1.20904256940198,-0.450303541160679,-0.712382893105428,0.0467286982236003,-1.17463376912882,-1.46342764737006,-0.820137189655821,-0.808814570152234,-0.461296084446942,-0.798591201081868,-1.27455986222659,0.671755504362659,0.0467286982236003,1.7172614850354,0.839237466103846,0.430693111027027,1.39052464821844,0
"808","DTXSID60201258",0.942510867180817,-0.358573153649462,1.54626252019398,-0.225217192767474,-0.352984729893449,-0.438021683381982,-0.641396242592522,-0.532369777859174,-0.957550481103516,-0.312734062762101,-0.37674071108962,-0.977369299148244,-0.402195823807116,-0.254769932393294,-0.36915393029682,-0.490563539433066,-0.072993048771299,0.458629930466517,-0.593899024179223,-1.20904256940198,0.717463979954341,-0.712382893105428,0.301276312692654,0.432889390071261,-0.523965671694323,-0.739288065610148,-0.718721286549629,-0.557342418204432,-0.307547534348496,0.982885805589229,0.0113034785468205,0.072993048771299,1.54626252019398,0.583558062606387,0.322094840414611,0.995839458337089,0
"809","DTXSID6020149",-1.3056463419639,1.07345190144328,-0.825233898262946,-1.1651677040741,-0.352984729893449,-0.733250065064217,-0.268763859259898,-0.531558443082336,-0.604593205530422,-1.37284689518205,0.162142664669737,1.38993227791043,-0.136944605273023,-0.469629179006895,-1.70993098756091,-0.490563539433066,-0.299792878882121,-1.27918276695871,-0.593899024179223,1.33436913728573,-0.549463598442481,-0.712382893105428,0.0552598249136392,-0.822868626970165,0.542920566428035,-0.491114279394307,-1.04449920404172,-0.904194940718607,-1.00638020532062,-0.638983496922327,0.581560427282451,0.0552598249136392,1.70993098756091,0.762265058039126,0.427830002323749,1.30988746101352,0
"810","DTXSID6020307",-1.26261940973147,1.92785340490198,-0.21211531202774,-0.829471092893165,-1.36724910973408,-1.04840132406419,-2.16694201104405,-0.701199471532534,-2.76288096706806,-3.25203461431036,0.745524473498875,1.0260645918502,2.9190399344947,0.318618788430343,4.18020970560589,-0.490563539433066,-1.43379202943623,-1.00714343116972,-0.593899024179223,-1.20904256940198,1.55603495117446,-0.712382893105428,-1.7275665884324,-1.17718050783569,-1.46342764737006,-2.3364557838982,-1.72005314709001,-1.40220715185951,-1.26844245693517,-1.04074881429124,0.51809206796938,0.21211531202774,4.18020970560589,1.46197215822667,0.902770857234546,2.61751885548689,0
"811","DTXSID60210805",-0.515026462192914,1.36226367726031,-0.408775990631485,-1.13159804295601,-0.352984729893449,-0.444442923981331,-0.760021345138236,-1.54693044265433,-0.941480448585479,-0.368697410509185,-0.198568672185871,-0.338821183133357,-0.187140535395724,-0.333351449900305,-0.176705573439552,-0.490563539433066,-0.072993048771299,-0.47342457587027,-0.593899024179223,1.5642695014213,-0.148219003594241,-0.712382893105428,-0.613861789962869,-0.550137512346016,-0.0783700329553088,-0.943429045991734,-0.927732156499054,-0.90095323246486,-0.580529046446983,-0.345160946683569,0.378563463920801,0.072993048771299,1.5642695014213,0.602091141252759,0.408670962225037,1.12518997290081,0
"812","DTXSID6021325",-0.606458693186838,0.309304077927406,-0.269956688087665,-0.946964906806494,-1.36724910973408,-1.04840132406419,1.29375525223238,-0.582439947531855,-4.30119597170827,-3.25203461431036,9.55347409049721,6.96202041721201,9.52539677248788,0.0060865619768152,0.755950834379298,-0.490563539433066,-1.43379202943623,-0.488394581905521,-0.593899024179223,-1.20904256940198,-0.549463598442481,-0.712382893105428,-0.086568482225312,0.218704565489441,5.95131492363308,-0.844885257379333,-1.43302829598913,-1.14295258493572,-1.47226865263537,-0.746536578972589,0.315314051303371,0.0060865619768152,9.55347409049721,1.93848289464356,2.63421388092701,5.31027666223012,1
"813","DTXSID6021616",-1.117403513447,2.40318945260083,-1.18385042983448,-0.325926176121756,-1.36724910973408,-0.589880080940834,-2.19530322675976,-1.85829910493803,-1.47044309509578,-1.03349982379745,0.583761762303706,0.488091072383087,1.13209983987057,-0.619942125748048,2.24630209106205,-0.490563539433066,-1.43379202943623,-1.0096702156279,-0.593899024179223,1.12917022520259,0.201005348278287,-0.712382893105428,-0.465517151241355,-0.569758294962097,-1.46342764737006,-1.83060854131894,-0.593306448245914,-0.349870643021334,0.125728721654221,-1.08595228355874,0.68581447633446,0.125728721654221,2.40318945260083,1.02232979704243,0.626515315548323,1.82426940094428,0
"814","DTXSID6021901",-0.740917856413197,1.56082177313451,-0.755824246991036,-0.661622787302695,-1.36724910973408,-0.902731643822021,-2.07081783548669,-2.34928975424571,-1.31033314023087,-1.67425174268089,0.47179325067201,0.222725012771618,1.08826573741259,-0.572030667574833,1.91571188076558,-0.490563539433066,-1.43379202943623,-0.833467523571582,-0.593899024179223,-1.20904256940198,0.630541083210969,-0.712382893105428,-0.175268093007302,-0.992269556936744,-1.46342764737006,-1.8465500478756,-1.70993964480056,-1.56061898775473,-0.962703163384863,-0.80888619175535,0.671374574590811,0.175268093007302,2.34928975424571,1.10292461448207,0.562759157005927,1.82325633544965,0
"815","DTXSID6022006",0.184161186584153,0.525912909790174,-0.246820137663695,0.462960860153452,-1.36724910973408,-0.619202194645906,-1.94724923057557,-2.33969459333242,-1.4877016789379,-1.10865254106541,0.375858876551573,-0.0535551420946159,0.615614587859987,-0.510899140718663,1.48703241810931,-0.490563539433066,-1.43379202943623,-0.275524910098535,-0.593899024179223,-1.20904256940198,0.719785134764591,-0.712382893105428,-0.0960629012964688,-0.449106446924567,-1.46342764737006,-2.1504987214815,-1.21911842719262,-1.19503270833294,-0.191075422519809,-0.143693760379274,0.310306879244267,0.0535551420946159,2.33969459333242,0.855852358124439,0.635958762970668,1.66987957472689,0
"816","DTXSID6022137",-0.692512557651708,0.886927629561454,-0.686414595719126,-0.997319398483635,-1.36724910973408,-0.78348910735175,-2.02683432566783,-2.52281610404899,-1.60904249844327,-1.67163349245964,0.318634863918328,0.0991771776035645,0.365611901324518,-0.474925450326467,0.62664053179926,-0.490563539433066,-0.980192369214586,-0.80114375257827,-0.593899024179223,1.65072994987292,0.0380597409521988,-0.712382893105428,-0.678266197974867,-0.743972857281918,-0.999406096953423,-2.29853864554092,-1.55948353436415,-1.49337875898288,-0.482255702091527,-0.633138220723943,0.514779860298094,0.0380597409521988,2.52281610404899,0.976154667578098,0.626134203218436,1.7776064476977,0
"817","DTXSID60221779",0.377782381630109,-1.02043347323014,1.84703767570559,2.02395010214482,-1.36724910973408,-1.03093634824716,-2.24353342735241,-1.05993635906175,-2.12501544950751,-2.59576767593872,0.352758258856383,-0.296798613026862,0.367662661267287,-0.46279794113403,1.13097990018867,-0.490563539433066,-1.43379202943623,0.251290579360452,-0.593899024179223,-1.20904256940198,2.15016896105459,-0.712382893105428,-3.0624183260662,0.316440147584081,-1.46342764737006,-3.35862844600061,-0.964790454586584,-0.744325886203298,-1.44676884116992,0.902220994051533,0.138239186866857,0.251290579360452,3.35862844600061,1.24675999053429,0.847729750561808,2.33185407125341,0
"818","DTXSID6022214",0.571403576676067,0.393540845874038,0.863734282686867,-0.628053126184601,-1.36724910973408,-0.651253492220093,-1.66197396202475,-2.24945604570109,-1.38487184598428,-0.9775885325794,0.117772535617893,-0.254746675190123,0.184167973840906,-0.389579390585021,0.329817360604378,-0.490563539433066,-1.43379202943623,-0.247634930701651,-0.593899024179223,1.71060499905339,-0.530424867444375,-0.712382893105428,-0.651719156465312,-0.133156704119776,-0.902864700558016,-2.38794970405437,-0.965361264523113,-1.01197449309273,0.56599330436666,0.225727695358582,0.192102972683318,0.117772535617893,2.38794970405437,0.81964193537985,0.602943558387347,1.59140969011565,0
"819","DTXSID60238988",1.56102301802207,-2.53067838427333,1.82390112528162,0.966505776924861,0.492235586640407,-0.614581642678962,0.313842037627913,-0.10947025714978,0.431930589801664,-0.472967055304653,-0.787883478285393,-1.52562567244489,-1.09841258611879,-0.183785413422956,-1.14813695518114,-0.490563539433066,-0.980192369214586,0.83640804455354,-0.593899024179223,-1.20904256940198,2.25111389936747,-0.712382893105428,-3.0624183260662,1.57502735617023,-0.512806316734639,-1.24554301935454,0.400327031404874,0.609709808934431,-0.809833516609711,2.35145980617082,0.0120399276836056,0.10947025714978,3.0624183260662,1.05672356999531,0.741170085654883,2.00542127963356,0
"820","DTXSID60243931",0.797294970896349,-0.587215809504606,1.28019219031833,1.41969620201913,-1.36724910973408,-0.8412129816595,-1.17192063129791,-1.2180626074393,-1.5880218671245,-1.6681635451372,-0.158054643991571,-0.811711975981378,-0.295059243720699,-0.284245112749564,-0.0878645636918005,-0.490563539433066,-1.20699219932541,0.104727545750365,-0.593899024179223,-1.20904256940198,1.84634254554315,-0.712382893105428,-3.0624183260662,-0.0559261899619523,-0.931152367781402,-2.29674471641434,-1.33034411398462,-1.21885835935718,-1.16144662639432,0.237807932835241,0.0409314818954708,0.0559261899619523,3.0624183260662,1.00115381349333,0.689521069378494,1.8837407822978,0
"821","DTXSID6024834",-0.385945665495609,0.80870777361101,-0.385639440207515,-0.0237992260589102,-0.352984729893449,-0.362384563713579,0.444779225548514,-0.527655481650743,-0.494802702735859,-0.564311865112665,-0.948130925392213,-1.41001873643966,-1.29109198172968,-0.230816859652747,-1.11921659272172,-0.490563539433066,0.153806781339523,-0.472809566068185,-0.593899024179223,-1.20904256940198,-0.549463598442481,-0.712382893105428,-0.201026694814648,-0.410523476635075,0.651140357548692,-0.405861874765208,-0.970672365707678,-0.941294364118023,-0.807126261944272,0.345750699965396,0.207376634596728,0.0237992260589102,1.41001873643966,0.608854994581092,0.347163391447506,1.0532241356339,0
"822","DTXSID6024911",0.232566485345642,0.182948926007458,1.21078253904642,0.446176029594405,-1.36724910973408,-0.586484861785204,-1.334938606025,-2.10963665088987,-1.3532330296519,-0.752241141212224,-0.0577425698950392,-0.60978870062658,-0.11076339761291,-0.335787699304081,0.249631468284862,-0.490563539433066,-0.526592708992943,0.0108026766737822,-0.593899024179223,-1.20904256940198,1.85383014170524,-0.712382893105428,-0.221861592136562,-0.030154197175833,-0.822673056777961,-1.60632662937983,-1.08832896116233,-1.3422255210134,0.56599330436666,0.227676120758043,0.155840956315583,0.0108026766737822,2.10963665088987,0.741410805042599,0.575645827055127,1.47823746367316,0
"823","DTXSID6025012",-0.326783633676012,0.965147485511898,-0.42034426584347,-1.38337050134172,-1.36724910973408,-1.04840132406419,0.415854364180703,-0.166678943277876,-2.76288096706806,-3.25203461431036,-0.246017393339864,-0.46201571950758,0.410972675602097,0.939822785002251,0.569141355194749,-0.490563539433066,-1.20699219932541,-0.494735380640197,-0.593899024179223,-1.20904256940198,2.33646132792939,-0.712382893105428,-2.72452638460132,-0.951485814787883,0.304162274267351,-2.04897864136363,-1.44079150076705,-1.15376276927176,-1.46498914564608,-0.569229867621614,0.33628845216829,0.166678943277876,3.25203461431036,1.08129061566654,0.815820091656785,2.12554033298723,0
"824","DTXSID6025301",0.652079074611882,0.375490109885474,0.377866723783496,1.52040518537341,-1.36724910973408,-0.608258142630823,-1.79919860519903,-2.09053272933185,-1.50098089782594,-0.883409884345147,0.32926218055022,-0.143056271295091,0.531957789810104,-0.481578551630624,1.35069988111375,-0.490563539433066,-1.43379202943623,-0.15418681340963,-0.593899024179223,-1.20904256940198,1.18149915148298,-0.712382893105428,-1.44746098372832,0.150629511634511,-1.46342764737006,-2.62748001356941,-0.783179475313327,-0.800436232150779,-0.363454148026266,-0.0338025678496588,0.247706323569325,0.0338025678496588,2.62748001356941,0.91524205790706,0.638625061803335,1.73268213701533,0
"825","DTXSID6025480",-1.13891697956322,2.12039458877999,-0.790529072626991,0.462960860153452,-1.36724910973408,-0.886567300463322,-1.85291877604811,-2.19092092529683,-1.62831011513873,-1.59105208401251,0.430221688553155,0.158191421626204,1.07096247739493,-0.545413801257555,1.81154660305972,-0.490563539433066,-1.43379202943623,-1.01615403989794,-0.593899024179223,-1.20904256940198,1.11146736102771,-0.712382893105428,-1.54636881066211,-0.794492503142137,-1.46342764737006,-2.40568513973761,-1.30645139295463,-1.05083876786253,-1.39423233771015,-0.996714400263415,0.678952559552695,0.158191421626204,2.40568513973761,1.18572227532977,0.558582254431328,1.90070756100187,0
"826","DTXSID6025567",-0.396702398553718,0.95913057351571,-0.813665623050961,-1.03088905960173,-0.352984729893449,-0.76599133867986,-0.293012623725314,0.217144451009965,-0.406875312770339,-1.08924509003142,-0.101814826492249,0.359573875381384,-0.0716865549108155,-0.401132477151355,-0.566243251073224,-0.490563539433066,-0.299792878882121,-0.914324626233317,-0.593899024179223,1.03918648351241,-0.549463598442481,-0.712382893105428,0.100018106543325,-0.809063772202671,0.433143656010677,-0.110882846792215,-1.16412205760396,-1.13409547057,-0.971616845412569,-0.441802846496847,0.261239410674157,0.0716865549108155,1.16412205760396,0.58634836104206,0.340601145031262,1.02231782668207,0
"827","DTXSID6026084",-0.0686220402814022,-0.075778289828626,2.04369835430934,0.160833910090606,-0.352984729893449,20.9255563415125,5.50907559752491,7.07316519290357,6.63875442932384,4.98499000202419,-2.59932830490963,-2.39499625335516,-2.13725282362205,2.71128708342669,-1.4560270619641,-0.490563539433066,-0.526592708992943,0.512021362819627,-0.593899024179223,-1.20904256940198,-0.549463598442481,-0.712382893105428,0.2868531125182,-1.00754901303805,2.77141779988867,-0.642008181609656,3.20186375035485,5.07871449075989,-1.06256635206678,0.0698536634016806,0.0765336972075965,0.0686220402814022,20.9255563415125,2.59490474916609,4.00783034757668,7.72492759406424,1
"828","DTXSID6026450",-0.203081203507761,0.700403357679626,-0.940916650382797,0.261542893444888,-1.36724910973408,-0.739690356472185,-1.1605681603329,-0.732612276988339,0.597413314030876,-0.865973828227522,0.402754926485477,-0.495566190289086,1.29257611669744,4.09373891391853,3.28158980760412,-0.490563539433066,-1.43379202943623,-0.529962570001492,-0.593899024179223,-1.20904256940198,0.717948837407521,-0.712382893105428,-1.46505748594606,-0.344725655675518,-1.46342764737006,-2.05766288918094,-0.280690887113779,0.58787137340683,-0.113229266144512,-0.466742691609951,0.292819005750521,0.113229266144512,4.09373891391853,0.986755882173608,0.87095971205846,2.10158431360844,0
"829","DTXSID6026612",0.29172851716524,0.622183501729182,-0.362502889783545,-1.1987373651922,-1.36724910973408,-0.660223812547267,-1.94724923057557,-1.93455799280695,-2.0626261143625,-0.855982019187467,0.375858876551573,-0.0535551420946215,0.645028179043804,-0.510899140718663,1.48703241810931,-0.490563539433066,-1.43379202943623,-0.412924774409338,-0.593899024179223,-1.20904256940198,0.604362828088573,-0.712382893105428,0.0690676610477523,-0.537180264724617,-1.46342764737006,-1.98847430445805,-1.21911842719262,-1.07945737417487,-0.807126261944272,-0.48038166940618,0.272536914780735,0.0535551420946215,2.0626261143625,0.915887185932474,0.581648526880963,1.66039730034011,0
"830","DTXSID6026872",-0.96680925063348,1.12760410940897,-0.686414595719126,-0.325926176121756,-1.36724910973408,-0.301433208414646,-1.76738788006738,-2.43822564125475,-1.73580257932718,-0.39839634555162,0.536552834054898,0.430160727170773,0.986830404371645,-0.539909602817379,1.81436189777648,-0.490563539433066,-1.43379202943623,-0.943401717573761,-0.593899024179223,-1.20904256940198,0.818945192046393,-0.712382893105428,-0.346639522688986,-0.848442740849882,-1.46342764737006,-1.77043037334546,-1.63007304309094,-1.54495406781134,-0.482255702091527,-0.0754988713981297,0.624607274282955,0.0754988713981297,2.43822564125475,0.992893776541553,0.587708336680322,1.74516044749236,0
"831","DTXSID6026905",-1.35943000725445,2.43327401258177,-0.975621476018752,-0.661622787302695,-1.36724910973408,-0.47150812367348,-2.02382649970916,-1.97555854237522,-0.810821504343729,-0.907904299849553,0.53118119655609,0.430737310873382,1.37956539935658,-0.610390475409349,2.49747908804023,-0.490563539433066,-1.43379202943623,-1.0036202354818,-0.593899024179223,-1.20904256940198,0.137839548592012,-0.712382893105428,-0.0896268963303645,-0.84019049639111,-1.46342764737006,-1.51079990338941,-0.828895741177921,-0.609311021333673,0.327754893807981,-1.09647378071583,0.734185544055983,0.0896268963303645,2.49747908804023,1.02612633510749,0.623508748982255,1.82421753380477,0
"832","DTXSID6026955",-0.730161123355088,0.351422461900722,-0.975621476018752,-0.980534567924588,-1.36724910973408,-0.385905787472829,0.447458003386206,-0.356734584997199,-0.496213251923669,-0.909699684455441,-0.234756741753426,0.0257553093450148,-0.388823568168258,-0.435821597437923,-0.126546380809959,-0.490563539433066,-0.526592708992943,-1.49110847023226,-0.593899024179223,0.95906150303483,-0.549463598442481,-0.712382893105428,0.140142526579992,-1.07792355355413,0.318176347937652,-0.401213967482704,-1.15607701379963,-1.08357885858253,-1.16491169086522,-1.15765433825892,0.371314269267665,0.0257553093450148,1.49110847023226,0.667848456105472,0.393771160887055,1.1718755420409,0
"833","DTXSID6027183",3.46496476930731,-2.78338868811323,0.00768191699997543,4.39061121097044,-1.36724910973408,-0.371590340894933,2.65778151001453,1.38102276136681,1.66006926195542,-0.481448266252177,-0.283834547374211,-2.90046870283832,-1.16146779158375,14.1192184440337,1.80237397814578,-0.490563539433066,-1.43379202943623,1.97438594919624,-0.593899024179223,-1.20904256940198,-0.549463598442481,-0.712382893105428,-1.12211638884228,1.68613832367514,-1.46342764737006,-1.206810458667,2.75460076096832,4.68827863099453,-0.400844072905149,1.45830160305778,0.0289665074652871,0.00768191699997543,14.1192184440337,2.01924062630865,2.56967647667909,5.30842651645789,1
"834","DTXSID6027185",1.58253648413829,-1.09865332918059,-0.744255971779051,-0.476989651153179,-1.36724910973408,-1.03093634824716,2.65778151001453,1.007710030382,0.420274018198808,-2.59576767593871,-0.283834547374208,-2.90046870283833,-1.16146779158373,14.1192184440338,1.69882625726115,-0.490563539433066,-1.43379202943623,0.285983806723037,-0.593899024179223,-1.20904256940198,-0.549463598442481,-0.712382893105428,-1.30155761705055,0.0373741270502112,-1.46342764737006,-1.94607234328432,0.0748623824667587,0.956769972823667,-1.40095919641373,0.125578629826273,0.0448086356882208,0.0373741270502112,14.1192184440338,1.52425664162882,2.49361068650255,4.71607832035208,1
"835","DTXSID6027474",-0.117027339042892,0.74853865364913,-0.177410486391785,-0.963749737365541,-1.36724910973408,-1.04840132406419,0.939050554293987,0.603135127984577,-0.22046888194375,-3.25203461431036,-0.301100755408966,-0.612265228549428,0.0774699171251986,0.982558527233987,0.554870185586281,-0.490563539433066,-1.20699219932541,-0.205156346697167,-0.593899024179223,-1.20904256940198,2.65212084360979,-0.712382893105428,-2.70884803978948,-0.686648726080915,0.0371163148832826,-2.09370455617861,-0.922434797691532,-0.818730823585855,-1.2523978292853,-0.321779841890033,0.198236563671112,0.0371163148832826,3.25203461431036,0.929238292927374,0.80292414060244,1.9569811928985,0
"836","DTXSID6027636",0.264836684519968,0.429642317851166,-0.293093238511635,0.765087810216297,-1.36724910973408,-0.907669796538326,-2.3314331999056,-2.22517778041987,-1.44566386562839,-1.72279118585161,0.451718976067074,-0.00737725408493621,0.723500394033734,-0.524557571474973,1.69331778453522,-0.490563539433066,-1.43379202943623,-0.162863695888661,-0.593899024179223,-1.20904256940198,1.83959966164799,-0.712382893105428,-1.4573075979639,-0.159053436978276,-1.46342764737006,-2.83537193667021,-1.17311733207198,-0.918028169828792,-0.786377327421989,-0.232152273514815,0.323769846560948,0.00737725408493621,2.83537193667021,1.02066987014285,0.717551571065447,1.93913588110662,0
"837","DTXSID60278324",-0.21383793656587,0.513879085797798,-0.35093461457156,0.614024335184875,-0.352984729893449,-0.432810915568973,-0.5272010372683,-0.954493791488606,-0.747097362955039,-0.238575721147972,-0.310134643003044,-0.662443495729549,-0.141461686689864,-0.301177922279247,0.0273742260918932,-0.490563539433066,-0.299792878882121,-0.452681105723973,-0.593899024179223,-1.20904256940198,0.974768645122172,-0.712382893105428,-1.46496519500599,-0.14600225194597,-0.28676449883034,-1.04115741227387,-0.733816626765798,-0.597561501200946,-1.00057273160063,0.312237783094662,0.238331653008889,0.0273742260918932,1.46496519500599,0.556821338693407,0.342730299389943,0.995516121912534,0
"838","DTXSID60281712",1.95902214117209,-0.821875377355938,1.78919629964567,-0.325926176121756,-0.352984729893449,-0.552060286485938,-1.08954291558214,-1.84010125254493,-1.24185156601296,-0.598304632115321,-0.0892915790335393,-0.650456724857679,-0.180984769406955,-0.329938815388836,0.248809480539066,-0.490563539433066,-0.299792878882121,1.14467098093356,-0.593899024179223,-1.20904256940198,0.618278518029764,-0.712382893105428,0.310031191065638,1.13326888378409,-0.890667266067199,-1.39937244195884,0.425546506008967,0.607411070575394,1.27854273231035,2.03503552129831,0.0101964879498567,0.0892915790335393,2.03503552129831,0.840628425439673,0.555886887802376,1.55216364182672,0
"839","DTXSID60287557",0.958645966767981,0.375490109885474,1.41901149286215,-0.309141345562709,-1.36724910973408,-0.0762697162461402,-0.618129891022257,-1.72414078227396,-1.0465372318903,-0.311356217343052,0.151975041259193,-0.256676237684786,0.360427860281519,0.377817299070854,1.30256959072991,-0.490563539433066,-1.43379202943623,0.554213895753374,-0.593899024179223,-1.20904256940198,0.867741046764913,-0.712382893105428,0.250985653849331,-0.194187419437669,-1.46342764737006,-2.05395271757824,-0.0479932555820294,0.341514916505679,-0.138298996847435,0.510587488759818,0.0315720707556395,0.0479932555820294,2.05395271757824,0.717267366220628,0.549412081372767,1.42051483037777,0
"840","DTXSID6028995",0.135755887822663,-0.779756993382622,0.354730173359526,1.53719001593246,-1.36724910973408,-0.396803995383814,-1.73181970910798,-2.04448040477428,-1.11423484514362,-0.627427421497712,0.362324137863021,0.00819127421975693,0.663567084881005,-0.51642792485743,1.70315155053739,-0.490563539433066,-1.43379202943623,0.646322340530779,-0.593899024179223,-1.20904256940198,0.0604691416095014,-0.712382893105428,0.250475515613607,0.65986412932199,-1.46342764737006,-1.41527317739898,1.26979711804195,1.58251620074002,4.30591143026178,0.647756636881891,0.0643928960393303,0.00819127421975693,4.30591143026178,1.00282013072746,0.836366540239627,2.07336930223418,0
"841","DTXSID60291215",1.38353692256327,-1.21297465710816,1.63880872188986,1.8393169659953,-1.36724910973408,-0.928941018128042,-1.72757171073357,-1.65275922208331,-1.75252813394688,-1.86137587512408,0.194649503212969,-0.544719861856817,-0.0786197701979346,-0.398240434722283,0.602529852911822,-0.490563539433066,-1.43379202943623,0.505971382673535,-0.593899024179223,-1.20904256940198,2.33113606559388,-0.712382893105428,-3.0624183260662,0.631262923802248,-1.46342764737006,-3.35862844600061,-0.754850549187496,-0.521756909804778,-1.11120510596644,1.19877133984954,0.0447253601804184,0.0786197701979346,3.35862844600061,1.21876435040264,0.782589745679269,2.2204792248721,0
"842","DTXSID6029177",-0.563431760954403,0.309304077927406,-0.21211531202774,-1.24909185686934,-1.36724910973408,-1.04840132406419,1.4965960510759,0.530862254934641,0.0603822311805185,-3.25203461431036,8.85316381710897,5.26761200838492,8.50328164743562,-0.198295281912757,0.304536006762933,-0.490563539433066,-1.43379202943623,-0.526386931617276,-0.593899024179223,-1.20904256940198,-0.549463598442481,-0.712382893105428,0.318559590574808,-0.0269211936513451,-1.46342764737006,-0.35681422159983,-0.73518818679654,-0.0478731513410536,-1.63649110393953,-0.332691024127017,0.287145146842306,0.0269211936513451,8.85316381710897,1.45499513532332,2.22866708349236,4.30768900219354,1
"843","DTXSID6029250",0.41543094733349,0.134813630037954,1.25705563989436,-0.309141345562709,-1.36724910973408,-0.983275850004401,-0.414214613885629,-1.84057279150128,-1.87953449147407,-2.15422970200047,-0.460372484452605,-1.17579213160578,-1.03734328933673,-0.219527916972844,-0.72711865313961,-0.490563539433066,-0.753392539103765,-0.335934128720401,-0.593899024179223,-1.20904256940198,2.37575809137069,-0.712382893105428,-3.0624183260662,-0.0369382939966234,-0.751564608895323,-2.2218481753796,-1.12517227866468,-1.15161046235254,-1.53050470854972,0.236249192515672,0.120282217922148,0.0369382939966234,3.0624183260662,1.0320983809557,0.753954498505394,1.9971601390426,0
"844","DTXSID6029670",-0.0632436737523479,0.89896145355383,-0.200547036815755,0.496530521271546,-1.36724910973408,-0.646582052739744,-1.50718572716855,-1.6658427377441,-1.71955537222615,-0.922517105001711,0.424747732868224,0.275711250025967,-0.16119915696161,-0.469652671788346,0.174138744329738,2.00528604715622,-1.43379202943623,-0.0181695292740571,-0.593899024179223,-0.0549414229322606,2.11430303815905,-0.712382893105428,-1.2985671962317,0.754259873635414,-1.46342764737006,-2.87614305318341,0.000314214760733884,-0.0845214943386639,-0.545150642479019,0.0495900392472833,0.379461509581005,0.000314214760733884,2.87614305318341,0.833280416382348,0.750403648181218,1.79379708605431,0
"845","DTXSID6030607",-0.956052517575372,1.73531222102396,-0.952484925594782,0.311897385122029,-1.36724910973408,-0.89855180653126,-2.53489882366777,-2.27745063440779,-0.809575577012247,-1.8094977451609,0.617222122324911,0.455281120852663,1.46970509029274,-0.627244982614337,2.66576749248784,-0.490563539433066,-1.43379202943623,-0.732391377726567,-0.593899024179223,-1.20904256940198,0.999912296585683,-0.712382893105428,-1.59865376921456,-0.707762015142612,-1.46342764737006,-2.29531772733638,-1.28881056134622,-1.03306747161762,-0.70688048918971,-0.711075236702394,0.621489842430506,0.311897385122029,2.66576749248784,1.18217234007301,0.638581665008434,1.99955687128381,0
"846","DTXSID6032512",-0.0148383749908588,0.543963645778738,0.655505328871137,-1.24909185686934,-1.36724910973408,-0.702689444084191,-1.08194486795259,-1.19582975233238,-1.89274176500997,-1.57513914332447,-0.0577425698950392,-0.735930502287676,-0.276924199552754,-0.335787699304081,0.0808695044947822,-0.490563539433066,-1.20699219932541,-0.0331967455234557,-0.593899024179223,-1.20904256940198,1.8128264461819,-0.712382893105428,-0.109514761344126,-0.218006041860649,-1.12086140209603,-2.03426026830237,-1.27753082473687,-1.19650357123569,-1.11120510596644,0.0203636582553644,0.174856031020846,0.0148383749908588,2.03426026830237,0.830446560514336,0.599564927897038,1.59788966822255,0
"847","DTXSID6033241",-0.332162000205066,0.760572477641506,0.597663952811212,-0.963749737365541,-0.352984729893449,-0.378787794510113,-0.34153463158514,-1.06074784318713,-1.03439144675406,-0.23280099287088,-0.500345879449389,-1.07100169919908,-0.64547421745561,-0.247043701364871,-0.594177871259644,-0.490563539433066,-0.072993048771299,-0.238147570188865,-0.593899024179223,-1.20904256940198,0.857220974157169,-0.712382893105428,0.00890330654541455,-0.290706230475407,-0.257179232193038,-0.882843166853121,-0.925897369557261,-0.905191968050715,-0.798591201081868,0.318083059293046,0.2228306937663,0.00890330654541455,1.20904256940198,0.58916947096132,0.328455815979451,1.00959291541502,0
"848","DTXSID60334737",1.14688879528488,-0.761706257394058,1.15294116298649,1.57075967705055,-1.36724910973408,-0.762423965144899,-1.43863314942703,-0.779164486215283,-0.846893783042544,-1.17105908340894,-0.158054643991571,-0.683555761201583,0.116060859290474,-0.284245112749564,0.0808985159224199,-0.490563539433066,-0.526592708992943,0.148726967947603,-0.593899024179223,-1.20904256940198,-0.549463598442481,-0.712382893105428,-3.0624183260662,-0.0384033065852925,-0.714712785540087,-1.51809793324527,-0.991457439826204,-1.12072803067195,-0.545150642479019,0.539424184671845,0.0214173212666492,0.0384033065852925,3.0624183260662,0.836053277114432,0.607938959212905,1.61421514490695,0
"849","DTXSID60334838",1.30286142462746,-0.761706257394058,0.354730173359526,1.20149340475152,-1.36724910973408,-0.6770269382802,-2.1407400980618,-2.28073850538097,-1.62648489269594,-0.91021743603564,0.37262067672735,-0.177064393381319,0.455732673699719,-0.483966748607549,1.38425966106335,-0.490563539433066,-1.43379202943623,0.513885462297267,-0.593899024179223,-1.20904256940198,1.5012903362168,-0.712382893105428,-1.43546115717529,0.631279102376991,-1.46342764737006,-2.91768882091036,-0.60643278182128,-0.556458878323923,0.587831825334539,0.63372797400577,0.0484154568487258,0.177064393381319,2.91768882091036,1.02613521450629,0.644538786358768,1.85114486104551,0
"850","DTXSID60336933",-0.886133752697665,1.5668386851307,-0.755824246991036,-1.06445872071982,-1.36724910973408,-0.565904083496214,-1.12707402117928,-1.78713330255392,-1.43759807419548,-1.08968075546391,-0.18393860644904,-0.644236909387048,0.0218254745399664,-0.315002440992492,0.0326409225463321,-0.490563539433066,-1.20699219932541,-0.595573150592931,-0.593899024179223,1.16006096688736,0.798121580017215,-0.712382893105428,-0.097289992707168,-0.867594732588798,-0.423531477057166,-1.57085575801335,-1.66672922230729,-1.55599653649317,-0.70688048918971,-0.813562412714056,0.540489849099888,0.0218254745399664,1.78713330255392,0.870185769356277,0.503447364416543,1.51459839580945,0
"851","DTXSID60337940",1.95902214117209,-1.83873350471171,1.96272042782544,1.21827823531057,-1.36724910973408,-0.363376218307104,-1.60238678012261,-2.35355386151839,-1.5695328350609,-0.915592648019192,0.0880371768849876,-0.546370905256427,-0.0263266031502314,3.07478293478914,0.367062412483405,-0.490563539433066,-1.43379202943623,1.33051359407372,-0.593899024179223,-1.20904256940198,2.40161152396225,-0.712382893105428,-3.0624183260662,1.46912571109896,-1.46342764737006,-3.89615484611062,0.432422705777448,1.13528660804325,1.3521800592103,1.90410133445451,0.0229287339911898,0.0263266031502314,3.89615484611062,1.40466494020232,0.921268275904069,2.58388833335952,0
"852","DTXSID60338513",1.50186098620247,-1.13475480115771,2.07840317994529,1.55397484649151,-1.36724910973408,-0.692565723619726,-1.93395639738111,-1.61585216075555,-1.76979693368387,-0.913588717177644,0.194649503212969,-0.44555136232483,0.149587030222875,-0.398240434722284,0.755950834379298,-0.490563539433066,-0.980192369214586,0.667251743873055,-0.593899024179223,-1.20904256940198,2.1122402391443,-0.712382893105428,-3.0624183260662,0.801151977177278,-1.28124468965614,-2.81090926676229,-0.878236197651202,-0.946995009007125,-0.583871677207372,1.27475993042853,0.0432827006033875,0.149587030222875,3.0624183260662,1.1637047157773,0.717627997369612,2.0822685524104,0
"853","DTXSID60339727",-0.0363518411070762,1.06743498944709,-0.362502889783545,-0.594483465066507,-1.36724910973408,-1.04840132406419,2.4025966074518,3.95258416384803,2.6723427855389,-3.25203461431036,0.0845241286696293,0.499327527195434,2.19137175397767,1.09525691373479,4.06215295141996,-0.490563539433066,-1.43379202943623,-0.198429379016995,-0.593899024179223,-1.20904256940198,-0.549463598442481,-0.712382893105428,-1.45956450978666,-1.03632342983717,-1.46342764737006,-2.4019341970184,-0.02148443889872,0.822607996043845,-1.2523978292853,-0.429332923940295,0.186401140061602,0.02148443889872,4.06215295141996,1.2921087023515,1.09677241247949,2.69597739032524,0
"854","DTXSID6034920",-1.09589004733078,1.33217911727937,-0.605436669235231,-0.426635159476038,-1.36724910973408,-1.03093634824716,0.376821824105237,-0.0351801878199006,-1.01852156525013,-2.59576767593871,-0.619831184515386,0.523836736317689,-0.452363952921001,1.17795693370315,-1.34928763424357,-0.490563539433066,-0.753392539103765,-1.0450547330781,0.162165734008855,1.67452935533176,-0.549463598442481,0.593513271070567,-0.493625098578597,-1.01868403906673,0.71290608965113,-0.882761624620095,-1.25903439269678,-1.22154248343975,-1.39423233771015,-1.32327049721312,0.503171740190506,0.0351801878199006,2.59576767593871,0.919421115985413,0.519033036402107,1.58378340258011,0
"855","DTXSID6035285",1.92675194199777,-1.77856438474983,1.61567217146589,0.882581624129626,-1.36724910973408,-0.595025107421028,-1.52857193141629,-2.03351521906756,-1.24327864782435,-0.755049476973066,0.0977176745061356,-0.426112683483116,0.117399946329596,-0.387995422632509,0.709226560283425,-0.490563539433066,-0.526592708992943,0.928359161242036,-0.593899024179223,-1.20904256940198,0.706364743240345,-0.712382893105428,-0.021413471707568,0.909536512631663,-1.06921694542214,-1.92209892677456,-0.230361229818697,-0.403514102889662,1.89171998900496,1.34256513432978,0.0288168031646028,0.021413471707568,2.03351521906756,0.947411428472944,0.600858911553996,1.71651083526206,0
"856","DTXSID60371405",-0.42359423119899,0.820741597603386,-0.32779806414759,-0.493774481712225,-0.352984729893449,-0.719228057744547,1.15944626896059,0.371766173314178,0.315405605712516,-1.68580845061606,3.773033155817,2.06200961104856,3.27537714226621,-0.0847170381168562,-1.06907769336287,-0.490563539433066,-0.526592708992943,-0.439670549523273,-0.593899024179223,-1.20904256940198,-0.549463598442481,-0.712382893105428,0.433950779839134,-0.00978392819185462,3.68466826740329,0.0883655996077879,-0.758728211121704,-0.498414920075998,-1.22544786877966,0.0566043706853439,0.239432684805206,0.00978392819185462,3.773033155817,0.94041137100994,1.00930132626111,2.23231706862416,0
"857","DTXSID6041210",1.01242963205852,-0.533063601538914,1.24548736468237,1.33577204922389,-1.36724910973408,-0.803237687462524,-1.17192063129791,-1.08946127269948,-1.55979855324846,-1.45469112681185,-0.158054643991571,-0.811711975981378,-0.213089652965486,-0.284245112749564,-0.0878645636918005,-0.490563539433066,-0.980192369214586,0.104727545750365,-0.593899024179223,-1.20904256940198,1.96533461428131,-0.712382893105428,-3.0624183260662,-0.126408666292434,-0.931152367781402,-2.40062952128997,-1.27458324551584,-1.09276823074865,-1.16144662639432,0.293922584339726,0.0327992612936046,0.0878645636918005,3.0624183260662,0.984251636731077,0.687307420583645,1.86400513507814,0
"858","DTXSID6041424",0.399295847746327,0.616166589732994,0.366298448571511,-1.40015533190076,-1.36724910973408,-0.623859748375575,-2.16240588664669,-2.09505786868034,-2.30073842124766,-1.09202704188404,0.426012028781663,-0.0253735103428138,0.309042242901955,-0.51119746291607,1.05081017715901,-0.490563539433066,-1.43379202943623,-0.170682425155479,-0.593899024179223,0.576032073613189,1.42491230209549,-0.712382893105428,-0.363267197802407,-0.102817834090475,-1.46342764737006,-2.93709587237064,-1.07266275016767,-1.01914790387642,-1.00638020532062,0.107653116151229,0.295386997364626,0.0253735103428138,2.93709587237064,0.94068021769297,0.724272130281905,1.86774854445381,0
"859","DTXSID6041636",-0.0632436737523479,2.48140930855127,-0.570731843599276,-0.896610415129353,-0.352984729893449,-0.572877297554583,-0.451514120430723,-0.671826450399097,-0.179354116336953,-0.904226583036087,-0.373232661280047,-0.756193587858552,-0.254763678335606,-0.296875940272005,-0.144194385723913,-0.490563539433066,-0.299792878882121,-0.351900545985387,-0.593899024179223,-1.20904256940198,-0.549463598442481,-0.712382893105428,0.00548817733668611,-0.342139752178512,-0.0936817060395266,-0.594999084269938,-0.941984467394861,-0.859319064844013,-0.773435981663246,0.199229109925909,0.215157916543472,0.00548817733668611,2.48140930855127,0.566245372841188,0.467443262007361,1.16457274821061,0
"860","DTXSID6042074",0.469214612624034,0.742521741652942,0.192774320391736,-1.36658567078267,-0.352984729893449,-0.717697740154912,-0.78728654826005,-0.56222291372092,-1.16793109764203,-1.01661569329547,-0.261340092290039,-0.636457590824437,-0.392578583875106,-0.286622692756286,-0.52635155410016,-0.490563539433066,-0.526592708992943,0.0130195724719962,-0.593899024179223,1.05059316476096,-0.549463598442481,-0.712382893105428,-0.357930631351793,-0.163947179538388,-0.42534811623665,-1.02105725183287,-1.1668623815192,-1.11659607024771,-1.11120510596644,0.178575800691619,0.0545733729096812,0.0130195724719962,1.36658567078267,0.631907420701167,0.356919422911927,1.08876428202843,0
"861","DTXSID6042232",-0.504269729134805,0.935062925530958,-0.131137385543845,-0.795901431775071,-1.36724910973408,-0.545967392936521,-1.80504688425155,-1.88949624343085,-1.99590876650789,-0.894230355951088,0.341882119050586,-0.113453591344167,0.15806814083638,-0.489495536180289,0.848330108908303,-0.490563539433066,-1.43379202943623,-0.264607294232062,-0.593899024179223,0.541448808987688,0.831390791072579,-0.712382893105428,-0.133168949782479,-0.342685425454886,-1.46342764737006,-2.23624037950876,-1.08146674669944,-1.06775727991182,-0.583871677207372,-0.239556290032768,0.471551037477975,0.113453591344167,2.23624037950876,0.827725283251008,0.596400224720102,1.59111757089274,0
"862","DTXSID6044438",-1.59607813453284,1.99403943686005,-1.20698698025845,-1.24909185686934,-1.36724910973408,-1.04840132406419,-1.13057237278174,-2.26672991344142,-2.26946505282835,-3.25203461431036,0.203068822755949,-0.188898326735737,0.293472275160945,-0.476114799798423,0.897189886953845,-0.490563539433066,-1.43379202943623,-0.950748462573863,-0.593899024179223,-1.20904256940198,0.789197174861853,-0.712382893105428,-0.099934360461825,-1.1562222553099,-1.46342764737006,-1.95235109522735,-1.60570397765192,-1.52837666477205,-1.44042080955721,-0.982296052307402,0.726720961394371,0.099934360461825,3.25203461431036,1.19492504875784,0.70491408688532,2.09721507997105,0
"863","DTXSID6044482",0.652079074611882,0.0445599500951338,0.690210154507092,-0.9133952456884,-1.36724910973408,-0.579125098503842,-1.62096468609932,-1.69211350620643,-1.74248518786045,-0.790886853985186,0.117772535617893,-0.481180302013765,0.132903089635294,-0.389579390585021,0.587155179585278,-0.490563539433066,-1.20699219932541,0.0840841934788255,-0.593899024179223,-1.20904256940198,0.960464806859271,-0.712382893105428,-0.141575522423713,-0.168065102278113,-1.16523930205198,-2.12501677366075,-1.34772626922703,-1.25155159802592,-0.300328188573991,0.192214778487848,0.0832075499194456,0.0445599500951338,2.12501677366075,0.791693537508054,0.570302006768338,1.52168010617153,0
"864","DTXSID6044513",-0.552675027896295,1.01929969347759,-0.721119421355081,-1.31623117910553,-1.36724910973408,-0.609196545505627,-2.05404001793458,-2.01761527427396,-2.025856065936,-1.08123880179843,0.468078844991284,0.157713272099957,0.260331230336853,-0.542211603014649,0.953477098714461,-0.490563539433066,-1.43379202943623,-0.474611687813829,-0.593899024179223,0.513434432615076,0.05332583650566,-0.712382893105428,-0.339975237637836,-0.298099555367892,-1.46342764737006,-2.64403308687377,-0.862085812074663,-1.00749459181793,-0.583871677207372,-0.358410239399905,0.503719928478035,0.05332583650566,2.64403308687377,0.899191349233744,0.639822891647684,1.71816465054278,0
"865","DTXSID6044804",-1.2357275770862,2.58971372448266,-0.802097347838976,-1.4505098235779,-1.36724910973408,-0.91915451754665,-2.19146791200136,-2.33300189074734,-1.50596851056058,-2.04419900367639,0.970357569496205,1.7897344398501,1.51059827455229,-0.750032424606613,2.28441906270055,-0.490563539433066,-1.43379202943623,-1.71293154055332,-0.593899024179223,0.858070642224544,-0.520608021773477,-0.712382893105428,-0.175268093007302,-1.38404349740947,-1.46342764737006,-1.51675248640034,-1.69043833456353,-1.5649721023371,-0.962703163384863,-1.59643973821759,0.797312351577815,0.175268093007302,2.58971372448266,1.34735079806178,0.598939258341541,2.11399304873895,0
"866","DTXSID60454702",2.07734620481129,-1.63415849684132,2.17094938164117,2.07430459382196,-1.36724910973408,-0.681027993026821,-1.82175987390923,-2.32976061417827,-1.7917920696829,-1.00097239522595,0.245860847852141,-0.428053080540704,0.0580831439219234,-0.429706007771365,0.868436087281343,-0.490563539433066,-1.43379202943623,1.15596999822768,-0.593899024179223,-1.20904256940198,1.07648263667607,-0.712382893105428,-0.14406756603443,1.083914987222,-1.46342764737006,-2.79064602185523,0.068300935780239,0.537972963522853,1.3696508759846,1.6585997341224,0.0209167061404886,0.0580831439219234,2.79064602185523,1.15893911075306,0.727416900888476,2.09003274389031,0
"867","DTXSID6047078",1.01780799858758,-0.436793009599906,1.29176046553031,1.48683552425532,-1.36724910973408,-0.800590782618694,-1.1719206312979,-1.14573543772979,-1.6654380738031,-1.49933936585658,-0.158054643991571,-0.811711975981378,-0.295059243720699,-0.284245112749564,-0.0878645636918005,-0.490563539433066,-1.20699219932541,0.104727545750365,-0.593899024179223,-1.20904256940198,2.07084091522915,-0.712382893105428,-3.0624183260662,-0.0358499419924843,-0.931152367781402,-2.27913159408064,-1.33034411398462,-1.21885835935718,-1.16144662639432,0.245991319512979,0.0419706364986037,0.0358499419924843,3.0624183260662,1.00580157582476,0.701215714663893,1.90335769059454,0
"868","DTXSID6047236",1.72775238042275,-1.58602320087181,1.16450943819848,1.13435408251533,-1.36724910973408,-0.651661857518726,-1.72757171073357,-1.66229551460165,-1.76886880468317,-0.897787120264098,0.0308940062965761,-0.544719861856811,0.0725066727286346,-0.340158866453714,0.41842467515086,-0.490563539433066,-0.980192369214586,0.222008484752647,-0.593899024179223,-1.20904256940198,1.99934651392897,-0.712382893105428,-3.0624183260662,0.212808381829906,-0.99992513671899,-2.25303807951219,-1.37937630608151,-1.35385216885341,-0.545150642479019,0.616971515570404,0.0412460287317061,0.0308940062965761,3.0624183260662,1.05752510843859,0.710665421214283,1.96717684759288,0
"869","DTXSID6047575",0.813430070483513,-0.533063601538914,0.794324631414957,-0.258786853885568,-1.36724910973408,0.158881291802517,0.802972899513287,0.368724831608188,0.520168741843053,-0.489348943745011,7.21376794367615,4.16776286079024,5.85193225839507,-0.0871287059271195,-0.0299324190727868,-0.490563539433066,-1.20699219932541,0.298055161908149,-0.593899024179223,-1.20904256940198,-0.549463598442481,-0.712382893105428,0.462296352271578,0.847967939738965,0.847596908815689,0.772137994650645,0.361060493919862,0.797080940536458,-1.06256635206678,0.544490090710445,0.0240019211040017,0.0299324190727868,7.21376794367615,1.14043570739789,1.64340302717413,3.24399158218077,1
"870","DTXSID6047652",-1.06899821468551,2.24073282870375,-0.894643549534856,-0.292356515003662,-0.352984729893449,-0.840294355276137,-0.820952108329917,-0.586301753317929,-1.52692451552543,-0.829615780185728,0.297418813617905,0.40999950494061,0.899004243971264,-0.460780706945772,1.1059446451307,-0.490563539433066,-0.980192369214586,-0.709964973780765,-0.593899024179223,-1.20904256940198,-0.549463598442481,-0.712382893105428,-3.0624183260662,-0.732689695930886,0.305978913446835,-0.94669073531279,-1.3004908774531,-0.958395566695989,-1.39423233771015,-0.818238633672764,0.748035548994714,0.292356515003662,3.0624183260662,0.913053210630296,0.583259055004765,1.65962480103639,0
"871","DTXSID6049301",1.60942831678356,-1.64619232083369,1.88174250134155,0.832227132452485,-1.36724910973408,-0.115980373803814,-1.54873609557505,-2.36563645239816,-1.58337871960826,-0.935896744896907,0.0439217315078897,-0.547078495284835,0.0151373659680178,4.46797672975973,0.22448360127578,-0.490563539433066,-1.43379202943623,0.586590109442989,-0.593899024179223,-1.20904256940198,2.40815331482519,-0.712382893105428,-3.0624183260662,0.65273243153777,-1.46342764737006,-4.03220806191516,-0.346635708017536,0.0956543105384271,0.303931052752113,1.01717809261975,0.0335159718419375,0.0151373659680178,4.46797672975973,1.2531224933955,1.11760814696188,2.6836609215067,0
"872","DTXSID6050386",0.727376206018643,0.074644510076074,1.00255358523069,0.496530521271546,-0.352984729893449,-0.951502184509231,-0.695648277495906,-0.906060311973892,-1.20688050603905,-1.8598710527083,-0.460372484452605,-1.04056235951672,-0.462831601412455,-0.219527916972844,-0.556650895953529,-0.490563539433066,-0.526592708992943,-0.316844987266534,-0.593899024179223,-1.20904256940198,1.89344357275201,-0.712382893105428,-3.0624183260662,-0.0417541245951918,-0.474656893965486,-1.29430527470432,-1.18777248718462,-1.37053385785313,-1.20563414869697,0.849223823186187,0.0687168920707979,0.0417541245951918,3.0624183260662,0.874768845830274,0.621932788098643,1.67084281459654,0
"873","DTXSID6051510",1.03394309817474,-0.382640801634214,0.470412925479376,-0.661622787302695,-1.36724910973408,-0.701651521733838,-1.25173482538237,-1.09209407251802,-1.21889867253955,-1.40380543016192,0.0635064408448995,-0.48982499293926,-0.0197420611602971,-0.385938411637351,0.548170244393926,-0.490563539433066,-1.43379202943623,0.139673451558769,-0.593899024179223,-1.20904256940198,1.51187567233163,-0.712382893105428,0.0886672775338108,0.0106942558923767,-1.16082746404467,-1.80830674058622,-0.959828180074962,-0.894354527950326,-0.828177874222729,0.061280591644051,0.0801095421306025,0.0106942558923767,1.80830674058622,0.7664867162344,0.507893540430445,1.41659044798537,0
"874","DTXSID6051514",-1.90802339321799,1.18777322937085,-1.36894283322624,-0.510559312271272,-1.36724910973408,-0.550943770990445,0.43636136229479,2.74570749750099,0.983472082792935,-0.799480512820074,-0.43918560696437,-2.20314335483583,1.39441262753464,3.1510453029117,2.47894207279899,-0.490563539433066,-1.43379202943623,-1.53128434311731,-0.593899024179223,-1.20904256940198,-0.549463598442481,-0.712382893105428,-1.63107740770214,-1.0826759488669,-1.46342764737006,-1.21871562468885,-0.465767160841912,0.203948787776745,-0.773435981663246,-1.04815283080919,0.433891139923408,0.203948787776745,3.1510453029117,1.19776238187,0.728743707502129,2.13055432747272,0
"875","DTXSID6051643",1.0393214647038,-0.773740081386434,1.09509978692657,-0.711977278979836,-1.36724910973408,-0.580814188778022,-1.06120985160519,-0.812215674697931,-1.04274268209032,-1.08931538266194,-0.113451574829605,-0.778059990917698,-0.216361617830769,-0.313855535999635,0.0326596588763758,-0.490563539433066,-0.753392539103765,0.56874529014683,-0.593899024179223,-1.20904256940198,0.736620084081474,-0.712382893105428,0.195688257060609,0.226897488279694,-1.00044417648456,-1.65794286288554,-0.944115525965197,-0.967390016609944,-0.648644433275367,0.313796523414231,0.0166086293132403,0.0326596588763758,1.65794286288554,0.73492130344817,0.38929799625825,1.23322273865873,0
"876","DTXSID6051772",0.641322341553773,-0.0817952018248142,-0.0038863582120096,-0.829471092893165,-1.36724910973408,-0.572467862800129,-1.66786391636759,-2.11759788268113,-1.08234925842009,-0.826244167684279,0.19885916298446,-0.240988120117657,0.39246114854402,-0.436541366535142,1.01285883793807,-0.490563539433066,-0.980192369214586,-0.0455446167436148,-0.593899024179223,-1.20904256940198,0.571045048841887,-0.712382893105428,0.0703354770884716,-0.264906222890979,-1.12112092197881,-1.79636080344785,-1.10684874758658,-1.1149289866543,0.327754893807981,-0.0244501259322445,0.142912914640806,0.0038863582120096,2.11759788268113,0.730044402286581,0.55364462586561,1.43870952339456,0
"877","DTXSID6051805",0.280971784107131,0.549980557774926,-0.536027017963321,1.00007543804295,-1.36724910973408,-0.689388357070208,-1.23892513991202,-1.00523790361898,-1.50826105420784,-0.884152852248424,-0.0577425698950392,-0.541485866760839,0.164080511890047,-0.335787699304081,0.343063249899089,-0.490563539433066,-0.980192369214586,-0.191382987641167,-0.593899024179223,-1.20904256940198,1.11702032423549,-0.712382893105428,-1.46952170713394,-0.307203182770145,-0.822673056777961,-2.0433114561683,-1.16565727358724,-1.03356759483984,-0.971616845412569,-0.453493398893615,0.22512788284905,0.0577425698950392,2.0433114561683,0.802131911174118,0.468204918081897,1.40143420631895,0
"878","DTXSID6052110",-0.687134191122654,0.459726877832106,0.0308184674239455,-1.09802838183792,-1.36724910973408,-1.04840132406419,-0.381002161329625,-1.92097682875531,-0.784293208992057,-3.25203461431036,6.99249844123941,4.40731012383265,6.57445683368387,-0.349148995510205,0.261497725174943,-0.490563539433066,-1.43379202943623,-0.351705077753716,-0.593899024179223,-1.20904256940198,-4.84805208160862,-0.712382893105428,0.069456048291098,-0.50868699294975,-1.46342764737006,-0.982487775611379,-0.85324361378392,-0.347449044713827,-1.39423233771015,-0.0762782415579142,0.379136449462609,0.0308184674239455,6.99249844123941,1.49830920672499,1.84470078588025,3.85952621265171,1
"879","DTXSID6052299",0.0120534576544132,0.98921513349665,-0.35093461457156,-1.31623117910553,-1.36724910973408,-0.728451488413293,-1.35444712451368,-2.07246037236434,-1.49274462567762,-1.27858315754525,0.19991157792733,-0.322331402406134,0.131703936019965,-0.446315427839985,0.8526233513655,-0.490563539433066,-1.43379202943623,-0.393568651956116,-0.593899024179223,-1.20904256940198,1.74024128425162,-0.712382893105428,-0.0279288414717451,-0.593945243949312,-1.46342764737006,-2.14095828021741,-1.05288613112597,-0.900329243388048,-1.00638020532062,-0.400885913108161,0.321431299260354,0.0120534576544132,2.14095828021741,0.902516248545011,0.582846532176494,1.64855980973092,0
"880","DTXSID6052538",-1.07975494774362,0.231084221976962,-0.871506999110886,0.865796793570579,-1.36724910973408,-0.945275762430988,-0.554524482024904,-1.25203538096632,-0.593407914897176,-2.08700477955307,0.280890913660534,-0.944160720512911,0.34250093902966,5.60311826265012,2.02465227259509,-0.490563539433066,-1.43379202943623,-0.342460860651056,-0.593899024179223,-1.20904256940198,1.1790431037679,-0.712382893105428,-1.47566447548847,-0.369161273912412,-1.46342764737006,-2.28206711446959,-1.20456150545477,-0.742453130888648,-1.02734518544979,-0.425436073141373,0.407508666620754,0.231084221976962,5.60311826265012,1.1331421308869,1.00281278808304,2.41674249963319,0
"881","DTXSID6052742",0.598295409321338,-0.00959225787055811,1.67351354752582,0.53010018238964,-0.352984729893449,-0.967389017256816,-0.824638706650613,-0.964569095128451,-0.464370404386801,-2.00705037735438,-0.378494735994409,-0.978582047309228,-0.41380144887729,-0.234048309039984,-0.425390722920247,-0.490563539433066,-0.526592708992943,-0.0620783686322292,-0.593899024179223,-1.20904256940198,1.92814959280064,-0.712382893105428,-3.0624183260662,0.144623085102747,-0.598447878053145,-1.40503962715417,-0.99015634570864,-0.82326624298007,-1.00638020532062,1.07095463364488,0.0341374466527484,0.00959225787055811,3.0624183260662,0.848227201083167,0.653602746069212,1.68483871605176,0
"882","DTXSID60529161",0.16802608699699,0.65828497370631,0.146501219543796,-0.963749737365541,-1.36724910973408,-0.719324375090931,-2.21257906079051,-2.36755040981766,-1.93579189691467,-1.38234756926665,0.451718976067074,0.0345510686780375,0.347956735664644,-0.524557571474973,1.08927751390805,-0.490563539433066,-1.43379202943623,-0.355900493457862,-0.593899024179223,1.40371199347711,0.216408210509394,-0.712382893105428,-0.61745448584701,-0.270285375141229,-1.46342764737006,-2.96575796727942,-1.22624546240935,-1.24953712752818,-0.449497920639709,-0.0123698884555848,0.350967736042777,0.0123698884555848,2.96575796727942,0.927690012109625,0.740148003731523,1.87507945688597,0
"883","DTXSID6058635",1.88910337629438,-2.32008646440675,1.48842114413406,2.00716527158577,-1.36724910973408,-0.679310216672041,-1.9533049617543,-2.07165181579782,-1.77194303720937,-0.952182768878309,0.265190332653875,-0.436254315493721,0.0784768261111008,-0.426013840439273,0.916677576869021,-0.490563539433066,-1.43379202943623,2.34566116894184,-0.593899024179223,-1.20904256940198,2.34512719804197,-0.712382893105428,-3.0624183260662,2.74809412584178,-1.46342764737006,-3.35862844600061,1.00379319304555,1.64217625176755,1.52209943974677,3.48661244389696,0.0298287422993701,0.0784768261111008,3.48661244389696,1.53469164514364,0.91840274315011,2.71024715637578,0
"884","DTXSID6058637",1.44269895438287,-2.37423867237244,0.979417034806717,1.28541755754675,-1.36724910973408,-0.698253023355395,-1.90375376031073,-2.43845279598173,-1.64955716715196,-0.987328861742268,0.249892321449824,-0.460063825671004,0.0177511758586355,-0.419849888530573,0.880960522982401,-0.490563539433066,-1.43379202943623,3.73634612450953,-0.593899024179223,-1.20904256940198,2.39400588889415,-0.712382893105428,-3.0624183260662,3.99309516147655,-1.46342764737006,-3.35862844600061,3.21551861216758,5.03855803459968,4.75898933019941,4.91208046614282,0.0889692899873972,0.0177511758586355,5.03855803459968,1.91758775882866,1.46715618745496,3.79554767877101,1
"885","DTXSID6059318",-0.246108135740196,0.83879233359195,-0.593868394023246,-0.963749737365541,-1.36724910973408,-0.720834629581454,-1.97720525600857,-2.36143054465895,-1.34322046939116,-0.946777613673259,0.399494881769653,0.0134218651456825,0.725899856088927,-0.525864850476217,1.58969112167009,-0.490563539433066,-1.43379202943623,-0.461505781256217,-0.593899024179223,-1.20904256940198,0.640457088939149,-0.712382893105428,-0.00190006317597769,-0.726981792615417,-1.46342764737006,-2.00678053577247,-1.4465469444497,-1.27424111225874,-0.449497920639709,-0.488565056083918,0.360085411631122,0.00190006317597769,2.36143054465895,0.933773093234542,0.588660852186033,1.68725898403266,0
"886","DTXSID6060343",0.635943975024719,-0.857976849333066,1.36117011680222,1.97359561046768,-1.36724910973408,-1.03093634824716,-2.30544883334667,-1.80653499806009,-2.04031131960149,-2.59576767593872,0.371001576815237,-0.267048063167267,0.386291023307247,-0.470782912341286,1.17785853341484,-0.490563539433066,-1.43379202943623,-0.00339022395263204,-0.593899024179223,-1.20904256940198,-0.549463598442481,-0.712382893105428,-3.0624183260662,0.0976464110593472,-1.46342764737006,-3.35862844600061,-1.06358004848418,-0.679380848143896,-1.239324428978,0.627882697807386,0.0694886604097322,0.00339022395263204,3.35862844600061,1.17442465591542,0.853841514916987,2.26734179500916,0
"887","DTXSID6060428",1.48572588661531,-0.930179793287322,1.61567217146589,1.78896247431816,-1.36724910973408,-0.933854350988832,-2.30544883334666,-2.42516764507775,-1.91764050156343,-2.01916972670165,0.371001576815237,-0.267048063167267,0.358102998422755,-0.470782912341286,1.17785853341484,-0.490563539433066,-1.43379202943623,0.134009640358171,-0.593899024179223,-1.20904256940198,2.33857306989002,-0.712382893105428,-3.0624183260662,0.0973747624819572,-1.46342764737006,-3.35862844600061,-1.21691779381986,-1.0490695135073,-0.70688048918971,0.675424277554241,0.0629577834069077,0.0973747624819572,3.35862844600061,1.26587561996848,0.848959153671581,2.35254333666811,0
"888","DTXSID6060713",1.48572588661531,-0.930179793287322,1.48842114413406,1.90645628823149,-1.36724910973408,-0.980098483454884,-2.30544883334667,-2.32938867975888,-1.72137046960431,-2.12479383707125,0.371001576815237,-0.267048063167267,0.358102998422755,-0.470782912341286,1.17785853341484,-0.490563539433066,-1.43379202943623,0.134009640358171,-0.593899024179223,-1.20904256940198,2.3495798362483,-0.712382893105428,-3.0624183260662,0.0971608556311627,-1.46342764737006,-3.35862844600061,-1.21691779381986,-0.991117914632684,-0.70688048918971,0.675424277554241,0.0622294357814518,0.0971608556311627,3.35862844600061,1.25930572972755,0.845434724732886,2.34146217738565,0
"889","DTXSID6060717",-0.396702398553718,0.83879233359195,-0.443480816267441,-0.846255923452212,-0.352984729893449,-0.936485607816743,0.14765492576136,-0.203210484063978,-1.23078085237521,-2.20475826692666,-0.745638367447871,-1.25674823002575,-0.853920831035207,-0.237016015721854,-0.931706284422212,-0.490563539433066,-0.526592708992943,-0.689431274419675,-0.593899024179223,-1.20904256940198,-0.549463598442481,-0.712382893105428,-0.123692945623723,-0.562778261343059,0.275615087161183,-0.608535094952319,-1.25911950155749,-1.29596246082471,-1.20563414869697,0.118953983468105,0.263142286322993,0.118953983468105,2.20475826692666,0.728260105298599,0.463132636714453,1.3210698802931,0
"890","DTXSID6061317",1.01242963205852,-0.0697613778324382,1.29176046553031,0.446176029594405,-0.352984729893449,-0.840889761265354,-0.824638706650614,-0.510385494033658,-1.04917551187305,-1.37311896117279,-0.378494735994409,-0.978582047309228,-0.304014473794479,-0.234048309039984,-0.425390722920247,-0.490563539433066,-0.753392539103765,-0.303486402263104,-0.593899024179223,-1.20904256940198,1.89225365206462,-0.712382893105428,-3.0624183260662,0.141771575550457,-0.598447878053145,-1.35114021112372,-1.09962417077195,-0.91657338821557,-1.16144662639432,0.975092103991384,0.0668716364370096,0.0697613778324382,3.0624183260662,0.845112861956029,0.598643494770824,1.61137653526268,0
"891","DTXSID6061496",0.108864055177391,0.23710113397315,0.227479146027691,0.160833910090606,-1.36724910973408,-1.03093634824716,-1.72757171073357,-1.80675075383016,-2.01253138478332,-2.59576767593871,-0.0919226163907217,-0.544719861856817,-0.0914325087817947,-0.302461694740942,0.193407235665231,-0.490563539433066,-0.980192369214586,-0.521914999878083,-0.593899024179223,-1.20904256940198,-0.549463598442481,-0.712382893105428,-3.0624183260662,-0.369704625503835,-0.684867999020001,-1.74168673620365,-1.6167565508006,-1.46488192970832,-1.21603000661226,-0.0119802033756926,0.211747883184003,0.0119802033756926,3.0624183260662,0.924160483897225,0.794143440179222,1.94066408732663,0
"892","DTXSID6061737",0.383160748159164,0.164898190018894,-0.339366339359575,-0.661622787302695,-1.36724910973408,-0.904753715143509,-1.66832213125463,-2.18394304474701,-1.47798724778581,-1.88174473873504,0.270640530742061,-0.282808596480448,-0.120032277676992,-0.445036719084981,0.515038589312613,-0.490563539433066,-1.43379202943623,-0.0332825608446764,-0.593899024179223,0.581005818149637,1.68163769039808,-0.712382893105428,-0.334203204631655,-0.0538953936190218,-1.46342764737006,-2.98891596145892,-0.385577929261402,-0.0382265501258301,-0.580529046446983,0.197670369606339,0.140820755980339,0.0332825608446764,2.98891596145892,0.807853814120134,0.737763618226531,1.75219124545009,0
"893","DTXSID6063642",1.08772676346528,-0.81585846535975,1.60410389625391,1.16792374363342,-1.36724910973408,-0.726215204539961,-1.72757171073357,-2.32664125131485,-1.69861816952791,-1.09327395427339,0.0112433466666075,-0.544719861856811,-0.119620533666287,-0.333789552321125,0.380921768569919,-0.490563539433066,-0.980192369214586,0.104727545750365,-0.593899024179223,-1.20904256940198,1.94329882114373,-0.712382893105428,-3.0624183260662,0.212450773872602,-0.94802116016232,-2.17312669114632,-1.14694670416652,-1.01003739502417,0.0418688011375664,0.635676399405232,0.0480975720171915,0.0112433466666075,3.0624183260662,1.00900434483754,0.73772914867434,1.9532976551407,0
"894","DTXSID6064458",1.08772676346528,-0.340522417660898,1.31489701595428,1.16792374363342,-1.36724910973408,-0.65761941979907,-1.72757171073357,-1.48215326012327,-1.97414002278442,-0.952979367006376,0.0112433466666075,-0.544719861856811,0.193632948791009,-0.333789552321125,0.380921768569919,-0.490563539433066,-1.20699219932541,0.104727545750365,-0.593899024179223,-1.20904256940198,1.8711325598636,-0.712382893105428,-3.0624183260662,-0.110712629374104,-0.94802116016232,-2.21247081858156,-1.26441773396942,-1.02918284962755,-0.786377327421989,0.222999899799336,0.0571764204231283,0.0112433466666075,3.0624183260662,0.978747712838723,0.708937107053181,1.8861872098668,0
"895","DTXSID6065426",0.372404015101055,-0.051710641843874,0.134932944331811,0.563669843507734,-1.36724910973408,-1.03093634824716,1.19515503540654,-1.17368744133186,-2.66687512779557,-2.59576767593871,-0.422493458520331,-2.08293506590674,-1.75087962763903,7.51796641131501,-0.167544575816988,-0.490563539433066,-1.43379202943623,-0.210786785272845,-0.593899024179223,0.908272404684264,1.81880910297124,-0.712382893105428,-3.0624183260662,-0.315331494128632,-0.976568347268488,-1.84773241025448,-1.45666598781927,-1.15520959893277,-1.44042080955721,-0.382960399433117,0.170733723514082,0.051710641843874,7.51796641131501,1.3300006824993,1.41405219455609,3.1399874915311,1
"896","DTXSID6067757",0.813430070483513,-0.232218001729514,1.08353151171458,0.53010018238964,-1.36724910973408,-0.397383486619303,-1.83036679024895,-2.28711985802759,-2.06712141182155,-1.19416235694539,0.30778658491607,-0.293030643910181,0.354872829363769,-0.0498992434819023,1.1830046891203,-0.490563539433066,-1.43379202943623,0.0523897348411349,-0.593899024179223,-1.20904256940198,2.52780351253612,-0.712382893105428,-2.70146149487103,-0.0213596253606256,-1.46342764737006,-3.22787547534278,-1.32185188662111,-1.18941524734209,-0.70688048918971,0.340295108846904,0.0571089844853702,0.0213596253606256,3.22787547534278,1.06612390161279,0.845588703826827,2.14847744251113,0
"897","DTXSID6068854",-0.208459570036816,0.89896145355383,-0.697982870931111,1.41969620201913,-1.36724910973408,0.189281047533231,-0.635362713240323,-0.799395030894983,0.350602087176243,0.121607687487262,0.376767102990625,0.134241766250565,1.40625152228933,1.91569958389725,3.13671806209253,-0.490563539433066,-1.43379202943623,-0.299214706273427,-0.593899024179223,-1.20904256940198,-0.238541069477117,-0.712382893105428,0.555520729185,-0.478151756126015,-1.46342764737006,-0.742264357115612,2.32060871564535,3.33569133232274,2.37670438732253,-0.708347441143148,0.265850295308115,0.121607687487262,3.33569133232274,1.02054760025547,0.860994099874235,2.1226200480945,0
"898","DTXSID6073235",0.53913337750174,-0.45484374558847,1.31489701595428,0.597239504625828,-1.36724910973408,-1.03093634824716,-2.08874491236675,-1.72775852549228,-2.65883770134729,-2.59576767593871,0.194649503212969,-0.371174987675843,0.245841862533889,-0.398240434722285,0.755950834379301,-0.490563539433066,-1.20699219932541,-0.193952679759957,-0.593899024179223,-1.20904256940198,1.81550376772851,-0.712382893105428,-3.0624183260662,-0.137357501573478,-1.16264410322415,-2.56611948321705,-1.52284169541894,-1.29699812309613,-1.44042080955721,0.325487075810998,0.139897882832962,0.137357501573478,3.0624183260662,1.13592964434062,0.826209279073201,2.19347752155432,0
"899","DTXSID6073281",-0.584945227070621,2.18056370874187,-0.952484925594782,-1.1651677040741,-1.36724910973408,-0.429044896801566,-1.41586575711931,-2.20053231793434,-1.27242122568305,-0.712647514885105,0.421503077843598,-0.305706690033077,0.845558410836153,0.566528612044368,2.1123807172804,-0.490563539433066,-1.43379202943623,-0.889195039669048,-0.593899024179223,-1.20904256940198,0.265852428096784,-0.712382893105428,-0.0446349593288963,-0.919958718978126,-1.46342764737006,-1.52319432280942,-1.26120905330735,-1.06608300830279,-1.02734518544979,-1.01970581997706,0.641427585520101,0.0446349593288963,2.20053231793434,1.01509620448406,0.552675773332441,1.72252119434958,0
"900","DTXSID6074702",0.829565170070676,-0.42475918560753,1.18764598862245,0.53010018238964,-0.352984729893449,-0.928282967416607,-0.41421461388563,0.00578756374744279,-0.8375194020371,-1.6447628089948,-0.639014844725035,-1.17579213160578,-0.643833143580375,-0.195601117075811,-0.762916882148683,-0.490563539433066,-0.526592708992943,-0.326084436851348,-0.593899024179223,-1.20904256940198,-0.549463598442481,-0.712382893105428,-3.0624183260662,0.143864568785205,-0.205275255636368,-0.733947049346919,-1.20257596731739,-1.17969978583393,-1.16144662639432,0.975092103991384,0.0474752622059945,0.00578756374744279,3.0624183260662,0.78817097285264,0.577739280566247,1.52767725197744,0
"901","DTXSID6074706",1.70086054777748,-0.978315089256827,1.77762802443368,1.52040518537341,-1.36724910973408,-0.686068145297671,-1.96715017974584,-2.52076766858011,-1.73879634365616,-1.09749464655682,0.684738734649427,-0.126949701176547,0.44224259600241,-0.430000618070467,0.243354124952178,-0.490563539433066,-1.43379202943623,0.922604767202371,-0.593899024179223,-1.20904256940198,-0.824632757399483,-0.712382893105428,0.324446790386121,0.832183499652342,-1.46342764737006,-3.02720003986481,-0.118103662803672,0.376982988461053,1.09011780759575,1.41933309506855,0.0215308674364244,0.118103662803672,3.02720003986481,1.07069112755411,0.701199451055446,1.96822642490508,0
"902","DTXSID60858827",0.947889233709872,-0.809841553363562,1.2223508142584,1.31898721866485,-1.36724910973408,-0.921998066549431,-0.924964595993163,-1.12793244437155,-1.85720839099998,-1.58653802122272,-0.158054643991571,-0.930375137814519,-0.341989740392179,-0.284245112749564,-0.244126674445709,-0.490563539433066,-1.20699219932541,-0.00797180860227415,-0.593899024179223,-1.20904256940198,2.34353107275411,-0.712382893105428,-3.0624183260662,0.050562212734844,-1.17821529619115,-2.88441958983559,-1.36084341020292,-1.19256668400244,-1.58874076446406,0.422128975624277,0.0373445472505924,0.00797180860227415,3.0624183260662,1.0782676374728,0.75308501061502,2.04221645106003,0
"903","DTXSID60861972",1.0393214647038,-0.731621697413118,1.3033287407423,1.60432933816865,-1.36724910973408,-1.03093634824716,-0.924964595993163,-1.13181069149533,-2.07775624469194,-2.59576767593871,-0.158054643991571,-0.930375137814519,-0.589763301720952,-0.284245112749564,-0.244126674445709,-0.490563539433066,-1.43379202943623,-0.00797180860227415,-0.593899024179223,-1.20904256940198,2.2716400312248,-0.712382893105428,-3.0624183260662,0.122614478248438,-1.17821529619115,-2.73536038786334,-1.41792138019425,-1.31865681261097,-1.58874076446406,0.438106063899859,0.0411625180243092,0.00797180860227415,3.0624183260662,1.15316587275906,0.787946112079213,2.16173689622045,0
"904","DTXSID60862984",0.259458317990914,0.0325261261027581,-0.21211531202774,0.697948487980109,-1.36724910973408,-0.788231355101347,-1.04672984158902,-1.01213444856629,0.241879617811518,-1.15427280284605,0.323556849344139,-0.66256784888003,0.7006312547153,3.87408574235167,2.46119708088861,-0.490563539433066,-1.43379202943623,-0.016553340724392,-0.593899024179223,-1.20904256940198,0.985680992068387,-0.712382893105428,-1.40077270084059,-0.0294980499178803,-1.46342764737006,-2.33498802370372,-0.625849722688602,-0.145794904141124,-0.113229266144512,-0.167074865172809,0.134082906967932,0.016553340724392,3.87408574235167,0.885237792141919,0.846780086619953,1.96911630301546,0
"905","DTXSID60863012",1.80304951182951,-1.18289009712722,1.85860595091758,0.1944035712087,-1.36724910973408,-0.628672383288898,-1.51435766146506,-2.17216303268047,-1.49587562277475,-0.904055543666894,0.197656403049748,-0.417640742170713,0.0213663639625755,-0.425468396073261,0.814627584311882,-0.490563539433066,-1.43379202943623,0.722316574989979,-0.593899024179223,-1.20904256940198,0.80517133201864,-0.712382893105428,0.136557014550619,0.488517482994407,-1.46342764737006,-2.4717751196055,0.0315415217477479,0.0422530862283091,0.323343071390228,0.888582016255304,0.0246674766044633,0.0213663639625755,2.4717751196055,0.893708229898936,0.663445977538479,1.74291908114819,0
"906","DTXSID60863653",0.705862739902426,0.128796718041766,0.134932944331811,-0.510559312271272,-1.36724910973408,-0.6967276917945,-1.92371235344964,-2.14793795996018,-1.27827924522692,-1.3200983945204,0.357113079309647,-0.106179933497711,0.530670669191671,-0.49907426893545,1.40691010386092,-0.490563539433066,-1.43379202943623,-0.090306841796152,-0.593899024179223,-1.20904256940198,1.57841207076772,-0.712382893105428,-0.0351932453997233,-0.284713874702841,-1.46342764737006,-2.17810076736093,-1.10770163168606,-1.09209438553447,-0.300328188573991,0.0355613763711622,0.179171093300403,0.0351932453997233,2.17810076736093,0.857320820304915,0.64421856986558,1.68192058973286,0
"907","DTXSID60864367",2.20104863497954,-2.33212028839913,1.6850818227378,1.00007543804295,-1.36724910973408,-0.738125022451906,-2.11802922601269,-2.25445152065908,-1.92834368199394,-1.13839871590702,0.315311448309257,-0.357103781661171,0.208257829354575,-0.446755190233212,1.03722263373632,-0.490563539433066,-1.43379202943623,0.809233192833499,-0.593899024179223,-1.20904256940198,2.35419904225001,-0.712382893105428,-3.0624183260662,0.913462053725962,-1.46342764737006,-3.35862844600061,-0.548311553974138,-0.415926491815801,-0.0527647897232421,1.53857672951558,0.044462187372253,0.0527647897232421,3.35862844600061,1.26947342243479,0.863296506426529,2.37449295066075,0
"908","DTXSID60864766",1.59329321719639,-1.43560040096711,1.92801560218949,1.43648103257818,-1.36724910973408,-0.808028354072236,-2.19360164832478,-2.40388343056244,-1.83489873168334,-1.45295979119082,0.337935563014814,-0.320790991945888,0.262558292004945,-0.4563918125681,1.09347699360774,-0.490563539433066,-1.43379202943623,0.505971382673535,-0.593899024179223,-1.20904256940198,2.35158782740825,-0.712382893105428,-3.0624183260662,0.506250059407535,-1.46342764737006,-3.35862844600061,-0.812053547245835,-0.770429288182933,-0.191075422519809,1.11888589847162,0.0502105485704601,0.191075422519809,3.35862844600061,1.25018576241809,0.825761958080874,2.30716106876161,0
"909","DTXSID60865591",2.35702126432211,-3.07220046393025,1.9974252534614,2.57784951059337,-1.36724910973408,-0.702480634295461,-2.04163536432764,-2.16374080422834,-1.95696639498798,-1.03234212267344,0.292205969461036,-0.393811275612489,0.150198963386256,-0.437089575067819,0.98096827386493,-0.490563539433066,-1.43379202943623,1.29847587415115,-0.593899024179223,-1.20904256940198,2.47704458099198,-0.712382893105428,-3.0624183260662,1.52533181928429,-1.46342764737006,-3.35862844600061,-0.0663763641618523,0.516828821710049,0.367399254315011,2.17999837101823,0.0279530566052379,0.0663763641618523,3.35862844600061,1.4092931513524,0.952249990232077,2.62817313884946,0
"910","DTXSID60870645",2.19567026845048,-1.04450112121489,2.18251765685316,0.36225187679917,-1.36724910973408,-0.695825321167042,-1.97977553276317,-2.41630577497656,-1.69963320163297,-1.04637445899203,0.330745106488673,-0.243498977978685,0.109545451471764,-0.463097894986134,0.918749085102345,-0.490563539433066,-1.43379202943623,1.1998836051037,-0.593899024179223,0.577538595857911,1.40914585298768,-0.712382893105428,-0.342759481652834,1.25591287278466,-1.46342764737006,-3.08603276099336,0.643182630703968,1.12447607276735,1.63062120155076,1.66054815952186,0.0151917482874418,0.109545451471764,3.08603276099336,1.15599690686864,0.729223866449488,2.08940345592399,0
"911","DTXSID60871213",1.93750867505587,-1.97110556862785,1.77762802443368,1.00007543804295,-1.36724910973408,-0.756840450599246,-2.15248135971379,-2.39643395548208,-1.86756288860075,-1.20930905561701,0.325653900746085,-0.34054942164391,0.227814762398472,-0.451139339976118,1.06279279731425,-0.490563539433066,-1.43379202943623,0.691952253831218,-0.593899024179223,-1.20904256940198,2.35262074467161,-0.712382893105428,-3.0624183260662,0.711340916687349,-1.46342764737006,-3.35862844600061,-0.603210861724963,-0.33541189163883,0.068075026299021,1.34061670893032,0.0476253270898558,0.068075026299021,3.35862844600061,1.24238425422541,0.85270141439613,2.33384206465245,0
"912","DTXSID60873237",1.00167289900042,-0.930179793287322,1.7660597492217,1.78896247431816,-1.36724910973408,-0.980098483454884,-2.30544883334667,-2.21163028688778,-2.11986425443941,-2.12479383707125,0.371001576815237,-0.267048063167267,0.372197010865001,-0.470782912341286,1.17785853341484,-0.490563539433066,-1.43379202943623,0.0653097082027691,-0.593899024179223,-1.20904256940198,2.30247880903944,-0.712382893105428,-3.0624183260662,0.0968236833172077,-1.46342764737006,-3.35862844600061,-1.25853504245194,-1.14900796513905,-1.02275909604653,0.651653487680815,0.0669027517938163,0.0653097082027691,3.35862844600061,1.27085233614119,0.847838248333211,2.35608529400771,0
"913","DTXSID60873318",2.63131795730389,-2.83754089607892,2.07840317994529,2.91354612177431,-1.36724910973408,-0.71796994598554,-2.0224069773729,-2.37408553024101,-1.71906025385121,-1.06203373468087,0.286352581486147,-0.403050576811121,0.119241232378218,-0.434669194340327,0.966904683897062,-0.490563539433066,-1.43379202943623,1.62185660961963,-0.593899024179223,-1.20904256940198,2.37818650093678,-0.712382893105428,-3.0624183260662,1.73427959176132,-1.46342764737006,-3.35862844600061,0.471662462402293,0.801730996584726,1.3696508759846,2.44927076122378,0.0277210586811532,0.119241232378218,3.35862844600061,1.50282080831289,0.92958211325253,2.69268591327613,0
"914","DTXSID60875630",-0.579566860541566,1.68717692505446,-0.790529072626991,-1.40015533190076,-1.36724910973408,-1.03093634824716,-2.02683432566782,-1.91428007918229,-2.21213948195891,-2.59576767593871,0.318634863918328,0.0991771776035645,0.260331230336857,-0.474925450326467,0.62664053179926,-0.490563539433066,-1.20699219932541,-0.870606487588971,-0.593899024179223,1.12932708654969,-0.549463598442481,-0.712382893105428,-0.511785550370893,-0.705441821336833,-0.999406096953423,-2.08701809307045,-1.63045717629864,-1.49470505864379,-1.2523978292853,-0.70172279478498,0.618915290183995,0.0991771776035645,2.59576767593871,1.07735045714019,0.644376006886189,1.90215174595452,0
"915","DTXSID60880744",1.69010381471937,-2.11551145653636,1.77762802443368,1.8728866271134,-1.36724910973408,-0.672621023936217,-2.11802922601269,-1.7998259491722,-1.90753945183449,-0.890212526922061,0.315311448309257,-0.357103781661171,0.227049845944236,-0.446755190233212,1.03722263373632,-0.490563539433066,-1.43379202943623,0.671833328522697,-0.593899024179223,-1.20904256940198,2.4487398935301,-0.712382893105428,-3.0624183260662,0.91101267828834,-1.46342764737006,-3.35862844600061,-0.548311553974138,0.0367578479025894,-0.583871677207372,1.49103514976873,0.0337865288772799,0.0367578479025894,3.35862844600061,1.25369222381618,0.83958169075091,2.32835678797735,0
"916","DTXSID60880800",1.63632014942883,-1.18890700912341,1.85860595091758,1.26863272698771,0.661279649947178,-0.79356131636274,0.224715865662025,0.557938018471628,0.234321487016533,-1.23468853047733,-0.853385677051953,-1.48280026283502,-1.12740205449818,-0.180926013138963,-1.11412653431882,-0.490563539433066,0.380606611450345,0.613431234913837,-0.593899024179223,-1.20904256940198,-0.549463598442481,-0.712382893105428,-3.0624183260662,1.14991481268494,-0.176209028764632,-0.382663109469198,0.168420986199918,0.177793763372855,-0.932840738755778,2.38575209320134,0.0142062487412716,0.168420986199918,3.0624183260662,0.913433785855971,0.682038767466555,1.78644340821316,0
"917","DTXSID60881216",0.259458317990914,0.754555565645318,0.0770915682718856,-1.06445872071982,-1.36724910973408,-0.5466167032391,-1.334938606025,-1.18037383245761,-1.51832828517621,-0.740332443444259,-0.0577425698950392,-0.60978870062658,0.0941722892083346,-0.335787699304081,0.249631468284862,-0.490563539433066,-0.980192369214586,0.0108026766737822,-0.593899024179223,-1.20904256940198,1.57097506647158,-0.712382893105428,-0.163673417303719,-0.31217581670504,-0.822673056777961,-1.63099315487032,-1.15288937320478,-1.00827273223373,-0.300328188573991,-0.154604942616257,0.162587302103438,0.0108026766737822,1.63099315487032,0.710133156692951,0.502256423018603,1.35302137815676,0
"918","DTXSID60884429",0.194917919642261,0.634217325721558,-0.362502889783545,-1.09802838183792,-1.36724910973408,-0.757515439834894,-1.41515098671596,-1.29778985965821,-1.79831664669347,-1.51556451325484,0.117772535617893,-0.38443187071723,-0.142516522640604,-0.389579390585021,0.169929122168113,-0.490563539433066,-1.20699219932541,-0.243963941960522,-0.593899024179223,0.315035396842105,1.70146970185444,-0.712382893105428,-0.25655800768296,-0.278124667261443,-1.16523930205198,-2.50145649242711,-1.35906020382061,-1.15685726053447,-1.22544786877966,-0.283980389140485,0.215821451479564,0.117772535617893,2.50145649242711,0.83788378010015,0.612424663278182,1.62178734909622,0
"919","DTXSID60885592",-0.0148383749908588,0.760572477641506,-0.536027017963321,-1.26587668742839,-1.36724910973408,-0.715409682525794,-0.827497936325699,-2.03378376022083,-1.66408586436519,-1.10653583188875,0.016294938392395,-0.606430321103833,-0.299241036416724,-0.384435381099325,0.294684939017925,-0.490563539433066,-1.43379202943623,-0.462268584111517,-0.593899024179223,-1.20904256940198,1.86914935871796,-0.712382893105428,0.0195347581977959,-0.508476491414603,-1.46342764737006,-2.21157385401827,-1.07965177577548,-1.14526321908967,-1.3201294754197,-0.441413161416955,0.253966982902185,0.0148383749908588,2.21157385401827,0.895117724673418,0.597456815803686,1.65986244890214,0
"920","DTXSID60895070",0.232566485345642,0.622183501729182,-0.802097347838976,-0.795901431775071,-1.36724910973408,-0.619202194645906,-1.82364092589587,-2.43346797513738,-1.7152271062305,-1.10865254106541,0.375858876551573,-0.00994968642112592,0.200625502196877,-0.510899140718663,0.873657142799004,-0.490563539433066,-1.43379202943623,-0.131688896696144,-0.593899024179223,1.79768757224577,0.172381145076273,-0.712382893105428,-0.160347686401942,-0.517598654587336,-1.46342764737006,-2.26204849626161,-1.05707469635123,-1.01977714639893,-0.191075422519809,-0.031074772290413,0.275253433389302,0.00994968642112592,2.43346797513738,0.85086661968129,0.671034411365876,1.70979066622961,0
"921","DTXSID60945807",-0.235351402682087,1.13963793340135,-0.431912541055455,-1.55121880693218,-1.36724910973408,-0.960479262935555,-2.2758408890588,-2.19794360535511,-1.97726566363207,-2.07613797945137,0.483852660173841,0.110108146573885,0.413068144371399,-0.541485330574743,1.13916799214182,-0.490563539433066,-1.43379202943623,-0.542644167470844,-0.593899024179223,0.934300658373355,1.88491580782577,-0.712382893105428,-0.472772721410009,-0.512444916378383,-1.46342764737006,-2.88768127915665,-1.41435259066947,-1.44360461484245,-1.02275909604653,-0.358799924479797,0.38621830089274,0.110108146573885,2.88768127915665,1.10230201260837,0.710206499665982,2.01136633218082,0
"922","DTXSID60967423",-1.77356422999163,1.07946881343947,-1.04503112729066,-1.21552219575125,-0.52202879320022,-0.817250289961999,-1.12261835701659,-0.988875172669638,-0.0776855069219035,-1.14019965572958,1.48796960503543,3.45566926221727,2.49785387761583,-0.850205795667403,1.95725713777013,-0.490563539433066,-1.43379202943623,-1.48423370949887,-0.593899024179223,1.61786689807273,-0.549463598442481,-0.712382893105428,-0.580302417162478,-1.29986880258335,0.709791851057729,-0.53677792988909,-1.58120466729298,-1.34928668713484,-1.20563414869697,-1.02009550505695,0.675881265991541,0.0776855069219035,3.45566926221727,1.17321211737738,0.667810254144875,2.02800924268282,0
"923","DTXSID60974273",-1.08513331427268,1.84963354895153,-0.617004944447216,-0.124508209413192,-1.36724910973408,-0.935615351761646,-2.13906237655954,-2.41416894124574,-1.78310677060832,-1.71269172806222,0.753294348053518,1.04913382130287,1.35034675094452,-0.624547740250613,2.12257827016081,-0.490563539433066,-1.43379202943623,-1.127141855344,0.628846538581323,-1.20904256940198,1.97168085794735,1.39957738923722,-1.61874276456002,-0.725790924407245,-1.46342764737006,-2.46635256110925,-1.64759594986704,-1.56002355335513,-1.56932874582594,-0.78472571680203,0.657224868555191,0.124508209413192,2.46635256110925,1.33415692894821,0.590522743140122,2.09002604016757,0
"924","DTXSID701014582",1.17378062793015,-0.238234913725702,0.343161898147541,0.882581624129626,-1.36724910973408,-0.740927471361285,-1.47882198658698,-1.37145736769064,-1.58535555927103,-1.55336944384345,0.198157553022542,-0.396460888889695,0.0841934091119823,-0.430069509743388,0.82351577327202,-0.490563539433066,-1.43379202943623,0.212954968363811,-0.593899024179223,-1.20904256940198,1.68486039225973,-0.712382893105428,0.0526159013034364,0.177250354032899,-1.46342764737006,-2.3370673506459,-0.880435619102612,-0.606027890789499,-0.828177874222729,0.452914096935765,0.0606633728000743,0.0526159013034364,2.3370673506459,0.860091642901416,0.58105959924578,1.60384792993601,0
"925","DTXSID701016140",0.652079074611882,0.17693201401127,1.0719632365026,-0.527344142830319,-1.36724910973408,-0.688445906930296,-1.90712927969413,-2.41541255274596,-1.6330138437357,-1.09870169078822,0.270640530742061,-0.158381638180586,0.15387411151035,-0.445036719084981,0.675771260757944,-0.490563539433066,-0.980192369214586,-0.0572202679475403,-0.593899024179223,1.53672266294753,-0.143700644045345,-0.712382893105428,-0.626607912283487,0.05826014497928,-1.20131256575887,-2.57627149122883,-0.954345728413278,-1.02967512915224,0.56599330436666,0.331722037089274,0.100037948400964,0.0572202679475403,2.57627149122883,0.8366948275335,0.661036043252693,1.68282096289695,0
"926","DTXSID701017500",0.926375767593654,-0.466877569580846,1.65037699710185,-0.242002023326521,-1.36724910973408,-0.684317676584014,-1.8772030182007,-2.39839684160565,-1.61399211458644,-1.04431321325792,0.258317661413017,-0.222771342126629,0.104889995956328,-0.437404202868578,0.688572269315499,-0.490563539433066,-0.980192369214586,0.314741474367824,-0.593899024179223,1.48519587364468,-0.140428362155046,-0.712382893105428,-0.609525585953848,0.458324286854216,-1.24880470430822,-2.66180929367352,-0.545506502859693,-0.487800371630531,1.09011780759575,0.775183658006658,0.0651566985689436,0.104889995956328,2.66180929367352,0.885917851674467,0.652647546031973,1.72130671059539,0
"927","DTXSID701337542",1.56102301802207,-2.12754528052873,1.9164473269775,1.48683552425532,-1.36724910973408,-0.837997353536711,-1.3148023374385,-1.80687320980777,-1.66989727458849,-1.51119006670508,0.0597920351641736,-0.743056860920779,-0.400518855212993,-0.349759253436624,0.201443572789717,-0.490563539433066,-1.43379202943623,0.505971382673535,-0.593899024179223,-1.20904256940198,2.52142421551766,-0.712382893105428,-3.0624183260662,0.759718332662236,-1.46342764737006,-3.35862844600061,-0.363596491459636,-0.380486649276125,-1.05716043400718,1.24982008531542,0.0440995644890471,0.0597920351641736,3.35862844600061,1.21722543816744,0.819590626076185,2.26630143954495,0
"928","DTXSID70142845",-0.143919171688163,0.345405549904534,0.412571549419451,0.0769097572953715,-0.352984729893449,-0.025727172582603,0.325751385500201,0.13204894670005,-0.424857161131751,-0.365391129754081,-0.389486080551663,-0.0230332648243172,-0.925889503888675,-0.391027905846004,-1.33228818049947,-0.490563539433066,-0.072993048771299,-0.221990452210055,-0.593899024179223,-1.20904256940198,-0.549463598442481,-0.712382893105428,-0.117450871124409,-0.578625401075217,1.34613460364251,0.206561066379551,-1.10000977840491,-0.996642105995187,-0.971616845412569,0.268203369066837,0.129327101445085,0.0230332648243172,1.34613460364251,0.503429021870817,0.396316797926773,1.01071452321709,0
"929","DTXSID70146247",-0.186946103920598,1.07345190144328,-0.28152496329965,-0.9133952456884,-1.36724910973408,-0.565904083496214,-1.59189004301725,-1.72860529153615,-1.86939530751972,-1.08968075546391,0.0977176745061356,-0.463851331147477,0.193110726578789,-0.387995422632508,0.544957224407378,-0.490563539433066,-1.20699219932541,-0.219177616681138,-0.593899024179223,-1.20904256940198,0.952513789204981,-0.712382893105428,-0.0551714323978416,-0.527842714868481,-1.06921694542214,-1.84573462554534,-1.44697479861162,-1.4111640067287,-0.786377327421989,-0.489734111323594,0.368931960646024,0.0551714323978416,1.86939530751972,0.845748759268082,0.541237386925569,1.53853261453281,0
"930","DTXSID70147911",1.82994134447479,-1.74847982476889,2.13624455600522,1.73860798264102,-1.36724910973408,-0.746313022266367,-2.11802922601269,-1.77185213228754,-2.45449839185505,-1.16942198953014,0.315311448309257,-0.357103781661176,0.245841862533892,-0.446755190233212,1.03722263373632,-0.490563539433066,-1.43379202943623,0.809233192833499,-0.593899024179223,-1.20904256940198,2.37238664942311,-0.712382893105428,-3.0624183260662,0.921001516254563,-1.46342764737006,-3.35862844600061,-0.548311553974138,0.120904563017553,-0.928580474372553,1.56741342542761,0.0330109012686762,0.120904563017553,3.35862844600061,1.30249527821152,0.836424358396442,2.37311845695896,0
"931","DTXSID70147931",1.5341311853768,-1.19492392111959,0.979417034806717,1.92324111879054,-1.36724910973408,-0.744284088798404,-2.24353342735241,-2.31015668065068,-2.27714939556518,-1.23132355672539,0.352758258856383,-0.296798613026862,0.31755061702819,-0.46279794113403,1.13097990018867,-0.490563539433066,-1.43379202943623,0.251290579360452,-0.593899024179223,-1.20904256940198,2.45121889496214,-0.712382893105428,-3.0624183260662,0.301764070728218,-1.46342764737006,-3.35862844600061,-1.10162880925519,-0.650694339442683,-0.786377327421989,0.873384298139506,0.067727885707076,0.251290579360452,3.35862844600061,1.23689358811523,0.839619030736021,2.31160594745734,0
"932","DTXSID70152469",-0.660242358477382,0.772606301633882,-0.42034426584347,-1.23230702631029,-0.352984729893449,-0.840265621528239,-0.61488879029894,0.00686005917121793,-0.905256067581333,-1.75528407245139,-0.257551398495698,-0.307936381324829,-0.0355951726570456,-0.330220939159664,-0.293244056209774,-0.490563539433066,-0.299792878882121,-0.544546407091247,-0.593899024179223,1.36330315801375,-0.549463598442481,-0.712382893105428,-0.410764689110354,-0.642002954794995,0.193606804201644,-0.542893597366069,-1.26519371934729,-1.35416528216736,-1.16144662639432,-0.540003486629695,0.317153508125417,0.00686005917121793,1.75528407245139,0.648320530006521,0.42431290208683,1.19144104467766,0
"933","DTXSID70164880",1.38891528909233,-1.17687318513103,2.55270246363668,2.27572256053053,-0.352984729893449,-0.619486292980834,-1.1719206312979,-0.3836374725976,-1.42319716271407,-0.236563823805656,-0.158054643991571,-0.811711975981378,-0.170807615638747,-0.284245112749564,-0.0316102038203969,-0.490563539433066,-0.753392539103765,0.652200690034429,-0.593899024179223,-1.20904256940198,-0.549463598442481,-0.712382893105428,-3.0624183260662,1.18893654028656,-0.931152367781402,-1.53061466601482,-0.327381435494768,0.264441180531532,-0.978172115737111,2.06504127245002,0.0311048246920751,0.0316102038203969,3.0624183260662,0.94491786406415,0.751689762229666,1.90708075971812,0
"934","DTXSID70166026",2.64745305689105,-2.16364675250586,2.10153973036926,2.93033095233336,-1.36724910973408,-0.721749022822983,-2.0224069773729,-2.41878238072314,-1.85173545301576,-1.07635216866077,0.286352581486147,-0.403050576811121,0.119241232378218,-0.434669194340327,0.966904683897062,-0.490563539433066,-1.43379202943623,1.62185660961963,-0.593899024179223,-1.20904256940198,2.38677454502354,-0.712382893105428,-3.0624183260662,1.73654169421228,-1.46342764737006,-3.35862844600061,0.471662462402293,1.15843196501216,1.3696508759846,2.44927076122378,0.0265896943112908,0.119241232378218,3.35862844600061,1.50099357539377,0.902218167619304,2.65583282994648,0
"935","DTXSID70169496",1.7815360457133,-2.05534233657448,1.98585697824941,1.00007543804295,-1.36724910973408,-0.746313022266367,-2.11802922601269,-2.17951436155929,-2.20505251507438,-1.16942198953014,0.315311448309257,-0.357103781661176,0.217653837649404,-0.446755190233212,1.03722263373632,-0.490563539433066,-1.43379202943623,0.8779331249889,-0.593899024179223,-1.20904256940198,2.36429270974748,-0.712382893105428,-3.0624183260662,0.918655196560483,-1.46342764737006,-3.35862844600061,-0.439562764048029,-0.0681540255009982,-0.348898579968148,1.57676586734502,0.0407853441958701,0.0681540255009982,3.35862844600061,1.26336182191661,0.857642799327121,2.36114460505533,0
"936","DTXSID70180762",-0.176189370862489,1.19379014136704,-0.223683587239725,-0.846255923452212,-0.352984729893449,-0.719228057744547,1.44743521924338,0.45086807971788,-0.619315254721091,-1.68580845061606,0.245072269279382,-0.174133278677744,-0.789930230870499,0.23864359143018,-1.78522471659182,-0.490563539433066,-0.072993048771299,-0.522434659323256,-0.593899024179223,1.5752386773634,-0.549463598442481,-0.712382893105428,0.53291363513206,-0.709856551559026,2.42418019672455,-0.324034243923218,-1.14784946160993,-0.913518553548548,-1.3412375268281,-0.471418912568659,0.187104297887049,0.072993048771299,2.42418019672455,0.777684914140659,0.566532617818758,1.50284666494867,0
"937","DTXSID70183697",2.5237506267228,-2.25991734444487,1.87017422612956,1.70503832152293,-1.36724910973408,-0.672621023936216,-1.72757171073357,-2.32938867975887,-1.54530253710303,-0.890212526922048,0.194649503212969,-0.544719861856806,-0.119620533666301,-0.398240434722286,0.635405777511997,-0.490563539433066,-1.43379202943623,1.20131386045739,-0.593899024179223,-1.20904256940198,2.66332225748792,-0.712382893105428,-3.0624183260662,1.25753071940998,-1.46342764737006,-3.35862844600061,0.574930964298282,1.65311042820311,0.448332701600946,1.89708700301645,0.0232996957138158,0.119620533666301,3.35862844600061,1.36012148758151,0.863179195687428,2.46499085806141,0
"938","DTXSID70185075",0.383160748159164,0.664301885702498,0.0770915682718856,-1.31623117910553,-0.352984729893449,-0.773464866190803,-0.78728654826005,-0.887596236740951,-1.03561394100342,-1.18238427968362,-0.261340092290039,-0.636457590824432,-0.408311434973428,-0.286622692756286,-0.52635155410016,-0.490563539433066,-0.526592708992943,-0.0945403976430634,-0.593899024179223,1.00162789891355,1.51613955479475,-0.712382893105428,-0.336676474276296,-0.188891600338818,-0.42534811623665,-1.08453788024392,-1.23983642877096,-1.28894145237042,-0.971616845412569,0.202346590565047,0.0754947244451417,0.0770915682718856,1.51613955479475,0.675104691774413,0.399680821273044,1.18669614300391,0
"939","DTXSID70189593",-0.310648534088848,0.742521741652942,-0.316229788935605,-1.26587668742839,-1.36724910973408,-0.876757690203657,-0.274911314476365,-0.190260079988711,-1.17148142379449,-1.56672415520257,-0.373232661280047,-0.974943802826246,-0.472664105958445,-0.296875940272005,-0.425437401730571,-0.490563539433066,-0.299792878882121,-0.5665914096094,-0.593899024179223,-1.20904256940198,-0.549463598442481,-0.712382893105428,0.200442994275282,-0.618477269374684,-0.485037689276821,-0.723591185752567,-0.87644698390548,-0.633059842074414,-1.16491169086522,-0.687694131908859,0.288821324940065,0.190260079988711,1.56672415520257,0.681240404602,0.373367406981139,1.15915068553786,0
"940","DTXSID70189699",-1.38632183989972,0.941079837527146,-0.778960797415006,-0.611268295625554,-0.352984729893449,-0.0244712215954783,1.39764003865054,0.588428796537638,0.778959429389011,-0.0119518055169909,-1.12266164601901,-1.4037124460025,-1.33701539819212,-0.342282127708469,-1.09690783082115,-0.490563539433066,-0.072993048771299,-0.828132671102332,-0.593899024179223,-1.20904256940198,-0.549463598442481,-0.712382893105428,0.14102753565385,-0.683949468637105,1.57191690166402,0.126690449130195,-0.66461874759951,-0.501097867853282,-1.00057273160063,0.0414066525695462,0.220649638752222,0.0119518055169909,1.57191690166402,0.712080131331258,0.461359715416295,1.30262056706412,0
"941","DTXSID70191050",-0.0793787733395109,1.07345190144328,-0.339366339359575,-1.33301600966457,-1.36724910973408,-1.03093634824716,-1.65410223217969,-1.80471233883747,-2.18689162252705,-2.59576767593871,0.288878377349041,-0.219949892790115,-0.106442509768746,-0.456364050646816,0.458409925182517,-0.490563539433066,-1.43379202943623,-0.405244303160042,-0.593899024179223,0.440196612094928,1.60726764743672,-0.712382893105428,-0.298493990456357,-0.428699045734068,-1.46342764737006,-2.92107282358096,-0.976258952118036,-0.792810876028084,-1.3412375268281,-0.305023383454667,0.338308498658783,0.0793787733395109,2.92107282358096,0.973509580047477,0.746141001494116,1.92857006195995,0
"942","DTXSID70193155",1.14151042875583,-1.47771878494043,2.19408593206514,1.94002594934959,-1.36724910973408,-0.624714357839096,-2.15248135971379,-1.71609847754041,-2.51511144883852,-0.90752588313244,0.325653900746085,-0.340549421643916,0.279065716733909,-0.451139339976118,1.06279279731425,-0.490563539433066,-1.43379202943623,0.623252321675817,-0.593899024179223,-1.20904256940198,2.34516721369926,-0.712382893105428,-3.0624183260662,0.717655746165645,-1.46342764737006,-3.35862844600061,-0.709585439387872,-0.0729170337215445,-1.11120510596644,1.34568261496892,0.0436644756768866,0.0729170337215445,3.35862844600061,1.25817809529673,0.842221318370783,2.33622138281133,0
"943","DTXSID70200934",1.5341311853768,-1.38746510499761,1.62724044667788,2.00716527158577,-1.36724910973408,-0.920515388890007,-2.19360164832478,-2.08880931702978,-1.60692631347848,-1.75213121650983,0.337935563014814,-0.320790991945888,0.273833501958745,-0.4563918125681,1.09347699360774,-0.490563539433066,-1.43379202943623,0.437271450518134,-0.593899024179223,-1.20904256940198,2.34214283195216,-0.712382893105428,-3.0624183260662,0.504131289955365,-1.46342764737006,-3.35862844600061,-0.927167288758729,-0.79354029641966,-0.545150642479019,1.0951151085982,0.0506121942737792,0.273833501958745,3.35862844600061,1.26454457497915,0.79997089594533,2.28850732178917,0
"944","DTXSID70205247",0.544511744030795,-0.00357534587436997,-0.0270229086359797,0.664378826862016,-1.36724910973408,-0.724451073494894,-2.24132532805534,-2.06952530893127,-2.00618770877823,-1.04048055766803,0.468078844991284,0.0916443998673943,0.876305255122404,-0.542211603014649,1.91645674109291,-0.490563539433066,-1.43379202943623,-0.12586775740664,-0.593899024179223,-1.20904256940198,1.11485701604704,-0.712382893105428,-1.49116425145278,0.0168698085409542,-1.46342764737006,-2.46892114144958,-0.784540200481434,-0.370434993317109,-0.348898579968148,-0.200587782043543,0.215650642018295,0.00357534587436997,2.46892114144958,0.913621799659562,0.712466584358291,1.82557902763818,0
"945","DTXSID7020556",-1.34329490766729,0.513879085797798,-0.802097347838976,-0.393065498357944,-1.36724910973408,0.14611658766804,-1.17398848290153,-0.981389561481108,-0.715167554623357,-0.212267026617361,0.763818497482241,1.53869113423139,1.39195333692571,-0.714160891678581,2.4186259512856,2.00528604715622,-1.43379202943623,-2.27835915704399,0.800124706243689,1.67319318195173,-1.67928722008742,0.491515465212669,-0.00905385615414928,-1.72288490283715,-1.46342764737006,0.314074500624856,0.455419117393983,1.40074595764802,0.746161102351661,-2.20317940760983,0.555610992659995,0.00905385615414928,2.4186259512856,1.10507564244709,0.665029809824982,1.95631379902307,0
"946","DTXSID7020712",-0.235351402682087,0.874893805569078,-0.0732960094839198,0.0769097572953715,-1.36724910973408,-1.04840132406419,2.08264524673366,0.672497301231759,-4.30119597170827,-3.25203461431036,5.5363823141458,3.69522778902987,6.24111927790408,1.63202204339879,-0.225299061361743,-0.490563539433066,-1.43379202943623,-0.280907437746241,-0.593899024179223,-1.20904256940198,-0.549463598442481,-0.712382893105428,0.194900663670529,-0.653399254677267,-1.46342764737006,-1.49514379464834,-0.523143186374695,0.124053251046502,-1.56932874582594,-0.109011788268863,0.260349844688092,0.0732960094839198,6.24111927790408,1.42389948174266,1.61265085298797,3.48809257356727,1
"947","DTXSID7020926",-1.49926753700986,2.67395049242929,-0.732687696567066,-1.1987373651922,-1.36724910973408,-1.04840132406419,-2.07067605059893,-3.01989865766906,-3.5354305245713,-3.25203461431036,0.783579966563433,1.36517362184206,1.35351123130426,-0.777825893085121,1.32459145978867,-0.490563539433066,-1.43379202943623,-1.24757412364224,-0.593899024179223,2.51343048195238,-0.549463598442481,-0.712382893105428,-0.458884529294514,-1.44567970661637,-1.46342764737006,-1.52135962256633,-1.88799273083196,-1.77648597065569,-1.70521287629275,-1.23831914979661,0.530305496813185,0.458884529294514,3.5354305245713,1.50138278227817,0.811936410455668,2.54066138766143,0
"948","DTXSID70211227",1.83531971100384,-1.72441217678414,2.1478128312172,1.77217764375912,-1.36724910973408,-0.901325970876742,-2.11802922601269,-1.64995163097262,-2.0516729524829,-1.8561587911121,0.315311448309257,-0.357103781661176,0.245841862533896,-0.446755190233212,1.03722263373632,-0.490563539433066,-1.43379202943623,0.809233192833499,-0.593899024179223,-1.20904256940198,2.29268928297616,-0.712382893105428,-3.0624183260662,0.92137274078763,-1.46342764737006,-3.35862844600061,-0.548311553974138,-0.346333968923433,-0.928580474372553,1.56741342542761,0.0445827987859728,0.245841862533896,3.35862844600061,1.31881446915724,0.808230542206382,2.35334956318141,0
"949","DTXSID70211545",0.479971345682142,0.14684745403033,1.06039496129061,0.647593996302969,-1.36724910973408,-1.03093634824716,-2.08874491236675,-1.81721387139181,-2.12870267295222,-2.59576767593872,0.194649503212969,-0.371174987675843,0.445635421291469,-0.398240434722285,0.755950834379301,-0.490563539433066,-1.20699219932541,-0.193952679759957,-0.593899024179223,-1.20904256940198,-0.549463598442481,-0.712382893105428,-3.0624183260662,-0.347441252965607,-1.16264410322415,-2.71619796310213,-1.61031601923237,-1.32273669317559,-1.2523978292853,0.0944038234348926,0.176121069666637,0.0944038234348926,3.0624183260662,1.06846420144508,0.809981904591492,2.10524103932219,0
"950","DTXSID7021493",0.969402699826089,0.182948926007458,0.0423867426359305,-0.997319398483635,-1.36724910973408,-0.525969610880232,-0.759131446562097,-0.117672821213178,-1.11380561394079,-0.159509064475464,-0.18393860644904,-0.831535822503103,-0.243669613834606,-0.315002440992493,-0.0879030351368266,-0.490563539433066,-0.526592708992943,0.108632142865929,-0.593899024179223,-1.20904256940198,-0.549463598442481,-0.712382893105428,0.488686595823732,-0.028387781014377,-0.891445825715549,-0.867513227044158,-0.31629132886483,0.32748481835681,-0.91489101688714,-0.0793957221970522,0.0686497778457053,0.028387781014377,1.36724910973408,0.533403924833324,0.385914386984798,1.02737434017387,0
"951","DTXSID7021657",-0.687134191122654,0.953113661519522,-0.593868394023246,-0.460204820594132,-0.352984729893449,-0.456408192470595,0.185487995759002,0.221849409940349,-0.0540745826146398,-0.839489040402873,-0.633274399582095,-1.17182313762435,-0.659589505603755,-0.271554301460798,-0.762958301494145,-0.490563539433066,-0.072993048771299,-0.420219076713138,-0.593899024179223,-1.20904256940198,-0.549463598442481,-0.712382893105428,0.0738558115914179,-0.607940958155617,0.13755050952044,-0.185738616710448,-0.768135345441043,-0.21709585890924,-0.928580474372553,-0.505711199599177,0.312531816751809,0.0540745826146398,1.20904256940198,0.525899572948405,0.314442112046871,0.9283854763684,0
"952","DTXSID7022178",1.89448174282344,-1.74847982476889,2.13624455600522,0.647593996302969,-1.36724910973408,-0.63292547754509,-1.68821884626507,-2.25190431047315,-1.47521356427581,-0.902715896885134,0.197455943060626,-0.344533032074186,0.157131992171329,-0.423633000214144,0.927317966558455,-0.490563539433066,-1.20699219932541,0.884359739044798,-0.593899024179223,-1.20904256940198,0.61358471341578,-0.712382893105428,0.0421123230733357,0.920956531392935,-1.25892597973677,-2.06536863020194,0.103815322301618,0.463659298900125,1.63062120155076,1.30047914570141,0.0187396440443691,0.0421123230733357,2.25190431047315,1.00972874566407,0.640613689804452,1.82971426861377,0
"953","DTXSID70228330",-1.51540263659703,1.04938425345853,-0.859938723898901,-0.493774481712225,-1.36724910973408,-0.454911912620821,-1.13057237278175,-1.69741406013146,-0.75189336887405,-0.627457950423305,0.203068822755949,-0.188898326735737,0.293472275160945,-0.476114799798422,1.08305172413246,-0.490563539433066,-1.43379202943623,-0.610586064288792,-0.593899024179223,-1.20904256940198,0.328697868845161,-0.712382893105428,0.131876041655167,-0.966472014981176,-1.46342764737006,-1.34971322204576,-0.606531959269045,-0.282014644196916,-0.138298996847435,-0.757447761209572,0.613991961478836,0.131876041655167,1.69741406013146,0.775578369836022,0.460402383002224,1.36489342007887,0
"954","DTXSID70236177",0.463836246094979,-0.172048881767634,1.26862391510634,0.798657471334391,-1.36724910973408,-1.03093634824716,-1.72757171073357,-2.27637475349238,-2.2007338484115,-2.59576767593871,0.194649503212969,-0.544719861856811,0.0827440891231288,-0.398240434722285,0.5148607206447,-0.490563539433066,-1.43379202943623,-0.237952101957194,-0.593899024179223,-1.20904256940198,2.63962300379757,-0.712382893105428,-3.0624183260662,-0.18472080240735,-1.46342764737006,-3.35862844600061,-1.42995298388884,-1.30449307688387,-1.56932874582594,0.297429750058756,0.167960131577259,0.0827440891231288,3.35862844600061,1.18748898367443,0.917416728953804,2.3617823967353,0
"955","DTXSID7024031",-0.407459131611827,1.19379014136704,-0.30466151372362,-0.930180076247447,-1.36724910973408,-1.04840132406419,1.70191000912927,-0.0651372688736818,-4.30119597170827,-3.25203461431036,-0.46635084161628,-0.412393234098037,0.432307631103009,0.944736206950752,0.526486772226858,-0.490563539433066,-1.43379202943623,-0.514997331484087,-0.593899024179223,-1.20904256940198,-0.549463598442481,-0.712382893105428,-2.74149042511526,-1.0635799549973,1.74968802137062,-2.12836000521483,-1.14663822870065,-0.744157305413447,-1.26844245693517,-0.327235433008525,0.349791768653811,0.0651372688736818,4.30119597170827,1.13426755543343,0.940472404685476,2.33807223343084,0
"956","DTXSID7024328",0.738132939076752,-0.527046689542726,-0.744255971779051,0.462960860153452,-1.36724910973408,0.0174501460473996,-1.03207223840696,-0.497329794331339,1.26203320241606,0.237634246877945,0.033036678882192,-0.211501840474001,1.1089003370776,3.31600472785032,1.27397610600153,-0.490563539433066,-1.43379202943623,-0.00114949056519065,-0.593899024179223,-1.20904256940198,0.911981197642366,-0.712382893105428,-1.23304595851702,-0.15665426569894,-1.46342764737006,-1.06875945815331,0.41897045833811,1.47991519413421,0.0846544748705537,0.427194881662877,0.0254307462734802,0.00114949056519065,3.31600472785032,0.817167265705333,0.672566805700252,1.67805277700166,0
"957","DTXSID7024744",-0.875377019639556,1.57285559712689,-0.246820137663695,-0.795901431775071,-1.36724910973408,-1.04840132406419,3.65873522344347,0.77522725878405,-4.30119597170827,-3.25203461431036,-0.31867638965294,-0.372035088192383,0.538758160558687,0.673439894991885,1.25337889728364,-0.490563539433066,-1.43379202943623,-0.54932345997256,-0.593899024179223,-1.20904256940198,-0.549463598442481,-0.712382893105428,-0.184334926239887,-1.24917476867425,-1.46342764737006,-1.81849951971452,-0.58422180095003,0.0390018964271796,-1.62677247444894,-0.644439088040819,0.517910210665154,0.0390018964271796,4.30119597170827,1.13994751182553,1.00354988701353,2.42449136720284,0
"958","DTXSID7024821",0.576781943205121,-0.250268737718078,1.39587494243818,1.68825349096388,-0.352984729893449,10.5281783297366,1.64598845923977,0.771807973823308,-0.221460910541901,3.0544968252457,1.95306602770059,0.370598692178044,1.60141289956231,0.398763454019027,-1.59309307685068,-0.490563539433066,-0.299792878882121,0.0362755245229352,-0.593899024179223,-1.20904256940198,-0.549463598442481,-0.712382893105428,0.389558564346854,0.0127697124434037,2.70290455083387,-0.17607586209682,-0.540948855469924,-0.133114304391297,-1.22544786877966,0.353934086643133,0.0338050353572186,0.0127697124434037,10.5281783297366,1.19430681086963,1.9266640919746,3.66043684859712,1
"959","DTXSID7025132",0.114242421706446,0.122779806045578,-0.385639440207515,-0.846255923452212,-0.352984729893449,-0.882513756142221,-0.240754125756364,0.388685003087988,-0.552482717364788,-1.98132431891977,-0.101814826492246,0.0983429496534065,-0.302381163090632,-0.401132477151355,-0.888949702113824,-0.490563539433066,-0.526592708992943,-0.388634270985898,-0.593899024179223,-1.20904256940198,-0.549463598442481,-0.712382893105428,-0.0598099404251587,-0.63020760611739,0.433143656010677,-0.149533865246727,-1.11052627549945,-1.08568305718442,-1.11120510596644,0.0901172875560776,0.039707339074411,0.0598099404251587,1.98132431891977,0.560036291987505,0.43343895605202,1.11483815573409,0
"960","DTXSID7025716",-1.0474847485693,1.25395926132892,-1.10287250335059,-1.1987373651922,-0.352984729893449,-0.865150263319592,1.28281406605934,0.778289486186217,0.163273907694108,-1.63032033081651,-0.757352395121068,-0.769698290896299,-1.42409819396609,-0.372831718768579,-1.73745447594252,-0.490563539433066,-0.072993048771299,-1.53834503704667,-0.593899024179223,1.27149328454985,-0.549463598442481,-0.712382893105428,0.179811596055494,-1.22582049744321,1.2464789686537,0.332380731939283,-0.625521867627415,-0.270948175120234,-1.26844245693517,-0.526364508833466,0.287898953644652,0.072993048771299,1.73745447594252,0.854741032174692,0.473704259998829,1.46108248497319,0
"961","DTXSID7026102",0.280971784107131,-1.17085627313484,1.14137288777451,0.932936115806767,-0.352984729893449,8.70050735691166,4.77383555295233,5.6981515320305,5.23667291916031,3.72015716949995,-1.69706796743367,-1.75268754241588,-1.62276450783395,-0.437542234396519,-1.06755096713133,-0.490563539433066,-0.526592708992943,0.303966884036719,-0.593899024179223,-1.20904256940198,-0.549463598442481,-0.712382893105428,0.277431196549544,-0.970261813991391,3.99531356709496,0.435857825649781,1.09655219874999,2.14708939407656,-1.06256635206678,-0.457000564612645,0.0856825792468544,0.277431196549544,8.70050735691166,1.78046812236221,2.02004604252194,4.36612705679029,1
"962","DTXSID7026312",1.87834664323628,-1.20695774511197,0.574527402387242,0.00977043505918363,-1.36724910973408,-0.651253492220093,-1.78342590559537,-2.38501726866806,-1.63026482166676,-0.977588532579393,0.30172776927669,-0.23380696916164,0.0600296815740144,-0.464367036567264,0.820404214584346,-0.490563539433066,-1.43379202943623,0.984196330249951,-0.593899024179223,1.63474319938157,0.18789997543942,-0.712382893105428,-0.0944928452757962,0.651663040850111,-1.46342764737006,-2.56571177205192,0.213669005356074,0.693843391345679,1.3696508759846,1.29931009046174,0.0273212107789365,0.00977043505918363,2.56571177205192,0.957799422911441,0.687069046728566,1.83724780272401,0
"963","DTXSID7026940",-0.869998653110502,0.453709965835918,-0.14270566075583,-1.18195253463315,-1.36724910973408,-1.04840132406419,6.10276289922419,-0.901841575732137,-1.21778185206159,-3.25203461431036,-0.578478819430468,-3.3555780274551,-0.197279038608089,12.5862404814632,1.96665466259043,-0.490563539433066,-1.43379202943623,-0.133495785959635,-0.593899024179223,-1.20904256940198,3.14865564896163,-0.712382893105428,-2.61426012126068,-0.672920721472738,-1.46342764737006,-3.5028766562243,-0.486802515884688,0.162066728312231,-1.62677247444894,-0.10316651207048,0.32392909896948,0.10316651207048,12.5862404814632,1.78589313621768,2.44149531932806,4.91100714495759,1
"964","DTXSID7027205",2.2171837345667,-2.67508427218184,-0.628573219659201,3.61850900525428,-1.36724910973408,-0.855040534886636,2.65778151001453,1.38102276136683,1.15204958697599,-1.68597862802725,-0.283834547374205,-2.90046870283833,-1.16146779158374,14.1192184440337,1.75060011770346,-0.490563539433066,-1.43379202943623,0.848784520880773,-0.593899024179223,-1.20904256940198,-0.549463598442481,-0.712382893105428,-1.20897636594569,0.574546459411918,-1.46342764737006,-1.64872859055356,0.968108508633944,2.20060619221395,-1.07189576822426,0.569819620903441,0.0339584130215413,0.283834547374205,14.1192184440337,1.79993664314456,2.46292468909003,4.9524802451798,1
"965","DTXSID7027627",-0.375188932437501,0.65828497370631,-0.3972077154195,-1.34980084022362,-1.36724910973408,0.658716462339921,-1.6507106561289,-1.33108472537271,-0.981369141123636,-0.27530306816448,1.66223467463698,3.8678221820105,1.73207699606802,-1.13072499303748,0.64957044403761,-0.490563539433066,-1.43379202943623,-1.63626508607789,-0.593899024179223,-1.20904256940198,-1.51419179573714,-0.712382893105428,-0.281752067723148,-1.62856688825084,-1.46342764737006,-0.52340500367276,-0.878066313501494,-0.598754144636737,-0.580529046446983,-0.756668391049788,0.38878054587957,0.27530306816448,3.8678221820105,1.07962171181547,0.710113619292133,1.9885671445094,0
"966","DTXSID70277141",0.157269353938881,0.784640125626258,-0.871506999110886,-1.13159804295601,-1.36724910973408,-1.03093634824716,-1.82364092589587,-1.22854319113633,-1.2585288868839,-2.59576767593872,0.375858876551573,-0.00994968642112592,0.244745888972603,-0.510899140718663,0.873657142799004,-0.490563539433066,-1.43379202943623,-0.200388828851545,-0.593899024179223,1.28150890710955,1.01726530661,-0.712382893105428,0.0371127657849065,-0.607940375381975,-1.46342764737006,-2.03006084330151,-1.16435697196356,-0.702369618652367,-1.00638020532062,-0.282031963741024,0.276142032237819,0.00994968642112592,2.59576767593872,0.909609077172404,0.605219322617289,1.68428981012253,0
"967","DTXSID70291004",-0.977565983691589,1.21785778935179,-0.605436669235231,-1.08124355127887,-0.352984729893449,-0.68574255053861,0.143603381272111,0.571820596088045,-0.539351732470132,-2.11335407868689,-0.398689975441269,-0.327140062148241,-0.807287039309409,-0.350637154674478,-1.19702109906301,-0.490563539433066,-0.526592708992943,-0.944059635036456,-0.593899024179223,1.37582268621337,-0.549463598442481,-0.712382893105428,-0.0776648208324724,-1.11708188158324,0.732889120625448,-0.0469537360995192,-1.22271037811048,-0.992118870655168,-1.11120510596644,-0.711075236702394,0.397246887259886,0.0469537360995192,2.11335407868689,0.752473987637375,0.440931853960947,1.31686676070739,0
"968","DTXSID7029110",0.528376644443632,0.369473197889286,0.771188080990987,-0.863040754011259,-1.36724910973408,-0.631558897148308,-2.12164018265483,-2.00459610905735,-2.04832600620769,-1.0601615921532,0.404979071911784,-0.0740622307972533,0.266878691108363,-0.50038686085277,1.02026012637548,-0.490563539433066,-1.43379202943623,0.0152984460022033,-0.593899024179223,0.325641509620742,1.30574012631451,-0.712382893105428,-0.27487561828238,0.0541047083698921,-1.46342764737006,-2.95014262965487,-0.900662696684578,-1.00189376042705,-0.798591201081868,0.247160374752656,0.123930316374443,0.0152984460022033,2.95014262965487,0.886678458668368,0.700099414715691,1.78280570950445,0
"969","DTXSID7029245",-0.332162000205066,0.814724685607198,0.111796393907841,-0.158077870531286,-1.36724910973408,-1.04840132406419,1.13937216043143,-0.414465215880366,-4.30119597170827,-3.25203461431036,7.53903705357256,5.112418239079,7.97896606465557,0.948204494740534,0.409098827380628,-0.490563539433066,-1.43379202943623,-0.40929669332882,-0.593899024179223,-1.20904256940198,-0.549463598442481,-0.712382893105428,0.164816773109982,-0.594441014887994,-1.46342764737006,-1.11527930209487,-0.922917642323098,-0.456469750200424,-1.56932874582594,-0.162398644214102,0.310706662309325,0.111796393907841,7.97896606465557,1.5591574631054,2.04690098940971,4.17919072954984,1
"970","DTXSID70304688",-0.805458254761849,1.57887250912307,-0.686414595719126,1.52040518537341,-1.36724910973408,-0.724212818194653,-1.72462243207702,-2.30928834668514,-1.99059458959825,-0.871567374080112,0.567567323688727,0.566145379943055,1.12339173946694,-0.514116762053636,2.3884578754134,2.00528604715622,-1.43379202943623,-0.861066684379883,2.77608719374774,-1.20904256940198,2.12785794816619,2.19798425974501,-2.31358093556881,0.0719842030163074,-1.46342764737006,-2.43720121280231,-0.802788544398959,-0.181624039863291,-1.11120510596644,-0.792129733319983,0.494408481516401,0.0719842030163074,2.77608719374774,1.35078074834173,0.738305898179558,2.29581229801156,0
"971","DTXSID7032551",0.74888967213486,-1.60407393686038,5.41006644099698,0.311897385122029,0.661279649947178,2.86208590276105,1.90909595096961,2.37145706808708,1.73182220967322,2.24964787829182,2.595239285703,2.44226014742117,2.01899035339621,0.0059708893993611,-1.19056584689469,-0.490563539433066,0.153806781339523,1.54570981458937,-0.593899024179223,1.18603244267078,-0.549463598442481,-0.712382893105428,0.745293009615273,0.364018562791401,3.6376951686195,2.3946653474099,1.20488569730655,2.09601304530011,0.366925645602871,1.71627312594645,0.00628000706252591,0.0059708893993611,5.41006644099698,1.52903234380035,1.17906577882479,3.03823654069609,1
"972","DTXSID7032553",1.52337445231869,-2.06737616056685,3.79050791131908,0.580454674066781,0.661279649947178,0.759302431170461,0.742085405731865,1.01463788220977,0.903616578704044,0.675961072540712,1.33030212173992,1.20095734163341,0.913712281066327,-0.175372318764181,-1.10684866245422,-0.490563539433066,0.834206271671988,0.952778387647306,0.147572663260848,-1.20904256940198,-1.08222208613312,0.568307711749112,1.04088567209307,0.469227632768092,1.62226375892399,1.97965615242205,0.30083088985205,0.527512055519939,0.532261116219412,1.14499479882441,0.0105654971222501,0.147572663260848,3.79050791131908,1.01160380833846,0.704886438630037,1.91385844978491,0
"973","DTXSID7032557",1.2867263250403,-2.43440779233432,0.967848759594732,1.38612654090104,1.50649996648103,-0.0666378123518856,-0.26247432790799,-0.108457610179459,-0.406199626320013,0.709305840395016,-0.19326952246146,-0.149023967569296,0.0494425476389992,-0.366191658768045,-0.0683314930420267,-0.490563539433066,1.06100610178281,1.2128941613044,-0.593899024179223,-1.20904256940198,0.0142272376248028,-0.712382893105428,0.434672468976984,1.29722676488169,0.148969384362907,0.765900013824126,0.449681967507718,0.0984395419707272,1.07005444050617,1.4875279840497,0.00712885244440757,0.0142272376248028,2.43440779233432,0.700247729463245,0.591989143228479,1.4579938327957,0
"974","DTXSID70333913",1.00705126552947,-0.388657713630402,1.56939907061795,1.3022023881058,-1.36724910973408,-0.918918659102936,-2.04163536432765,-2.15987496723748,-1.69861816952791,-1.93046234989595,0.194649503212969,-0.393811275612495,0.255097595500408,-0.398240434722285,0.755950834379297,-0.490563539433066,-1.43379202943623,0.0607281235531274,-0.593899024179223,-1.20904256940198,2.05527278623591,-0.712382893105428,-3.0624183260662,-0.102251404491253,-1.19716024763434,-2.64953718760305,-1.45508786265182,-1.1659709905311,-0.70688048918971,0.318083059293045,0.0620730894802873,0.0607281235531274,3.0624183260662,1.11982964113142,0.779402387872553,2.11746469760829,0
"975","DTXSID70334001",2.2171837345667,-2.41635705634576,1.67351354752582,2.25893772997148,-1.36724910973408,-0.738125022451906,-2.08874491236676,-2.20482522081472,-1.84059802008238,-1.13839871590702,0.306482525497334,-0.371174987675849,0.183036416814505,-0.443040824359177,1.01558634147811,-0.490563539433066,-1.43379202943623,0.995214063991182,-0.593899024179223,-1.20904256940198,2.37093505636235,-0.712382893105428,-3.0624183260662,1.11903073363569,-1.46342764737006,-3.35862844600061,-0.349616060314757,-0.0477712794153941,0.196935222211263,1.76030753997427,0.0413424746483291,0.0477712794153941,3.35862844600061,1.31424061988298,0.894447492510331,2.4591334102962,0
"976","DTXSID70334405",0.969402699826089,-0.24425182572189,0.829029457050912,1.28541755754675,-1.36724910973408,-0.686072174481184,-1.98444851939445,-2.38984058315817,-1.6828770977888,-1.0674283162083,0.263935440077731,-0.226537730994714,0.375414926480727,-0.440881623245133,1.13978566848167,-0.490563539433066,-1.20699219932541,0.254623074334541,-0.593899024179223,-1.20904256940198,0.956975991782663,-0.712382893105428,-1.53753457246407,0.440183666373198,-1.22726455403721,-2.46981810601287,-0.797834707324658,-0.76636662358545,0.828055555981207,0.453303782015657,0.0747649678914036,0.226537730994714,2.46981810601287,0.963247119651575,0.601694215245053,1.73341571516524,0
"977","DTXSID70334647",1.6040499502545,-1.19492392111959,1.66194527231383,1.8728866271134,-1.36724910973408,-0.835248050718327,-1.97665667737715,-2.07774470755146,-1.19557519490692,-1.44312265698038,0.194649503212969,-0.425033741732011,0.24468875857911,-0.398240434722284,0.755950834379302,-0.490563539433066,-1.20699219932541,0.432689865868493,-0.593899024179223,-1.20904256940198,2.02350109441296,-0.712382893105428,-3.0624183260662,0.212869293995089,-1.24724758501152,-2.85930458206346,-1.15923737409851,-1.15995887428023,-0.191075422519809,0.703091918226592,0.0404404219233083,0.191075422519809,3.0624183260662,1.15040800008944,0.755565776764675,2.11753219434823,0
"978","DTXSID70336924",1.51261771926058,-1.48373569693662,1.65037699710185,1.47005069369627,-1.36724910973408,-0.756840450599246,-2.15248135971379,-1.74686967611353,-1.93540382989076,-1.20930905561701,0.325653900746085,-0.340549421643916,0.258565334999732,-0.451139339976118,1.06279279731425,-0.490563539433066,-1.43379202943623,0.623252321675817,-0.593899024179223,-1.20904256940198,2.32371727436949,-0.712382893105428,-3.0624183260662,0.711556170354096,-1.46342764737006,-3.35862844600061,-0.803238733179599,-0.789799434810333,-0.798591201081868,1.3312642670129,0.0473647208854222,0.258565334999732,3.35862844600061,1.24764030869402,0.76621247346336,2.22839227472712,0
"979","DTXSID70337714",1.18453736098826,-1.41754966497855,1.10666806213855,1.97359561046768,-1.36724910973408,-0.986079408724563,-1.72757171073357,-1.69075088438345,-1.80436011601488,-2.18020252399683,0.194649503212969,-0.544719861856817,-0.0745196938510987,-0.398240434722284,0.587187754765081,-0.490563539433066,-1.43379202943623,0.18259064720505,-0.593899024179223,-1.20904256940198,2.58260597086053,-0.712382893105428,-3.0624183260662,0.422369753114842,-1.46342764737006,-3.35862844600061,-0.906867889802096,-0.708956552179282,-1.28448708458504,0.915080601687977,0.0593515909090754,0.0745196938510987,3.35862844600061,1.21883315583321,0.822440907970109,2.27155751803495,0
"980","DTXSID70337951",2.50761552713564,-1.57398937687944,1.95115215261346,1.21827823531057,-1.36724910973408,-0.648025106033971,-1.6701679282382,-2.3196751087758,-1.52025498758964,-0.865265618381386,0.152584747359058,-0.510506252710548,-0.042942359548379,-0.392992572488313,0.662174718907734,-0.490563539433066,-0.980192369214586,1.64063109489569,-0.593899024179223,-1.20904256940198,1.04438276558756,-0.712382893105428,-0.132693576964624,1.56280998174441,-1.31446323465241,-2.5174795412168,0.519271891119443,0.739908440711582,2.66249131728304,2.1464854541475,0.0187010126846477,0.042942359548379,2.66249131728304,1.18898571651212,0.751757410535552,2.15123520199762,0
"981","DTXSID70339091",3.09385747880256,-2.20576513647918,-0.177410486391785,3.7695724802857,-1.36724910973408,-0.412525274945476,2.42246167055295,1.11768974587047,1.22072403082799,-0.626270964811774,-0.32490999525811,-2.77586647673507,-1.19233003315954,14.3182084757901,1.4610447647833,-0.490563539433066,-1.43379202943623,2.56979648541802,-0.593899024179223,-1.20904256940198,-0.549463598442481,-0.712382893105428,-1.09818836995215,2.3079656703164,-1.46342764737006,-1.37495054316743,2.0874526961184,3.42531313821199,0.359493004058145,1.869809047424,0.0287178773166958,0.177410486391785,14.3182084757901,1.93438087934877,2.53013663541846,5.1729557726844,1
"982","DTXSID70339758",0.248701584932805,0.465743789828294,0.678641879295107,0.0265552656182306,-1.36724910973408,-0.892522383642123,-1.90417451668793,-1.68058686595011,-2.04246811996512,-2.14272586145158,0.288878377349041,-0.325969646889117,0.254007136214398,-0.456364050646816,0.966861097088655,-0.490563539433066,-1.43379202943623,-0.145896099876095,-0.593899024179223,-1.20904256940198,0.939722141815629,-0.712382893105428,-0.142033105095471,-0.320137241147204,-1.46342764737006,-2.40890605794215,-1.35399538325173,-1.15914589077464,-1.02734518544979,0.120902408867566,0.32379090594649,0.0265552656182306,2.40890605794215,0.908754696747989,0.671547733544844,1.76833579568539,0
"983","DTXSID70340167",-0.348297099792229,1.32014529328699,-0.18897876160377,-0.74554694009793,-0.352984729893449,-0.466570491451089,-0.960204179399338,-1.57789036013376,-1.36637749094475,-0.303746163952942,-0.117213187620594,-0.381420909765796,-0.0779413364253656,-0.340495818239067,-0.00717423916240538,-0.490563539433066,-0.299792878882121,-0.62235706584963,-0.593899024179223,1.45329062884966,0.00448057039805281,-0.712382893105428,-0.595696528723307,-0.21931732471167,-0.430538513892317,-1.16269611059972,-0.773749134693351,-0.755286379308769,-0.113229266144512,-0.0634186339214699,0.377116406076655,0.00448057039805281,1.57789036013376,0.561522849815392,0.447493570059883,1.13431461949204,0
"984","DTXSID7034254",1.27596959198219,-1.86280115269646,1.54626252019398,-0.0909385482950982,-0.352984729893449,-0.335313349270002,-0.879462571343529,-1.1026762376685,-0.692036763190574,-0.370205704011547,-0.07589031574455,-0.533513510053222,0.0213254524721595,-0.18132472313995,0.473529301524593,-0.490563539433066,-0.299792878882121,1.30758660075413,-0.593899024179223,-1.20904256940198,0.526795997543571,-0.712382893105428,0.432293017058299,0.839370285227213,-0.782447474946541,-0.856505025585594,-0.293998897327983,-0.50177254415378,0.753180626948479,1.18669110237288,0.0155228734126802,0.0213254524721595,1.86280115269646,0.68601856494667,0.453331579482068,1.26628298668372,0
"985","DTXSID70342803",-0.283756701443577,0.501845261805422,-0.489753917115381,-1.08124355127887,-0.352984729893449,-0.0466461074299031,-0.207379963365538,-0.277055522620011,0.107996151677624,0.0819011455779116,-0.305457243256943,-0.471824816200393,0.111554712396588,-0.357040457523299,0.269741518842355,-0.490563539433066,-0.299792878882121,-0.327066545527545,-0.593899024179223,-1.20904256940198,-0.01783870582846,-0.712382893105428,0.182843394434672,-0.666210565393957,0.121200756905089,-0.470851034487247,-0.782559175234276,-0.861212910546046,-0.648644433275367,-0.502593718960039,0.237592734425586,0.01783870582846,1.20904256940198,0.427762798200726,0.296316069530115,0.807047367199273,0
"986","DTXSID7034383",-1.21959247749903,1.47658500518788,-0.0617277342719348,1.11756925195628,1.67554402978781,0.467913724294932,-0.0785432936167072,1.29988233601574,1.23416375258357,1.10473882953762,0.0849243864419197,0.530905114218017,0.991267999948265,-0.511046739689803,1.20921166515654,-0.490563539433066,0.153806781339523,0.6781979648466,-0.593899024179223,1.25437096079747,-0.549463598442481,-0.712382893105428,0.401742243927572,-0.265849784660278,1.40141233867536,1.70661198513316,0.871204654257687,1.67556537945279,1.21047232315206,-0.0680948548801769,0.114445959655598,0.0617277342719348,1.70661198513316,0.836575155549631,0.524911289084323,1.50846160557756,0
"987","DTXSID7038818",0.845700269657839,0.164898190018894,0.273752246875631,0.446176029594405,-1.36724910973408,-0.56406076879362,-1.88909929885269,-1.60688007785272,-1.7217613370651,-0.893656380375513,0.32926218055022,-0.183569332619909,0.440967383528721,-0.481578551630624,1.28991552628605,-0.490563539433066,-1.43379202943623,0.0472360480500194,-0.593899024179223,-1.20904256940198,0.923935961880098,-0.712382893105428,-0.109776430757988,0.0626732397637112,-1.46342764737006,-2.17312669114632,-1.04594951624782,-1.01971590564329,-0.363454148026266,-0.0373097335686889,0.12377797773468,0.0373097335686889,2.17312669114632,0.806160402048206,0.601005158532741,1.57544700497011,0
"988","DTXSID7040732",0.270215051049022,0.291253341938842,-0.547595293175306,0.0265552656182306,-0.352984729893449,1.74568095107712,1.67996499921644,0.692469948479169,0.366340500445097,1.65012311461232,-0.866290739333672,-0.840142058649351,-1.05298994338308,-0.124536175093401,-0.472212743264416,-0.490563539433066,-0.072993048771299,-0.427227327946201,-0.593899024179223,-1.20904256940198,-0.549463598442481,-0.712382893105428,-0.233896436548067,-0.639394922876352,1.79121120261595,-0.21737700312469,-0.991545250554938,-0.749837503050922,-1.00638020532062,0.41043842322751,0.077400034929221,0.0265552656182306,1.79121120261595,0.702500260127588,0.501240095809284,1.34408758276347,0
"989","DTXSID7040734",0.721997839489589,-1.42958348897093,0.632368778447167,0.177618740649653,-0.352984729893449,-0.406801567364014,-0.916018732455684,-1.2924379642572,-0.982326867183155,-0.255488160433139,-0.0871867491477968,-0.468622866791167,-0.186967723318327,-0.352278402940085,0.0838065954842524,-0.490563539433066,-0.299792878882121,0.377672709930025,-0.593899024179223,1.04574077061518,0.380518105310777,-0.712382893105428,0.344583608553085,0.199078563807913,-0.659435050507233,-0.812839159799959,-0.528801992467785,-0.663825350594207,0.301765249019762,1.10719534607486,0.0305981347791579,0.0838065954842524,1.42958348897093,0.562152781636874,0.352428404824873,1.01326113981271,0
"990","DTXSID7041209",0.178782820055098,0.880910717565266,-0.3972077154195,-1.14838287351506,-1.36724910973408,-0.673867553490469,-1.41515098671596,-1.39080627729103,-1.88612143008656,-1.40829238758608,0.117772535617893,-0.38443187071723,-0.214053620026971,-0.389579390585021,0.169929122168113,-0.490563539433066,-1.43379202943623,-0.243963941960522,-0.593899024179223,0.373902729437881,1.45327207847808,-0.712382893105428,-0.272489264291071,-0.202874846510151,-1.16523930205198,-2.38419876133515,-1.17245505738068,-1.11280762409524,-1.22544786877966,-0.227086367476216,0.235374735432992,0.117772535617893,2.38419876133515,0.83623045795083,0.595593817432203,1.59859054426405,0
"991","DTXSID7041413",-0.138540805159109,0.754555565645318,-0.293093238511635,-1.28266151798743,-1.36724910973408,-0.694050543094325,-0.741356159223567,-0.656887488950808,-1.29970183838155,-1.02722976045108,-0.261340092290039,-0.890063252866911,-0.385458319400845,-0.286622692756286,-0.256654196418052,-0.490563539433066,-0.980192369214586,-0.175178194483901,-0.593899024179223,-1.20904256940198,0.873483223551385,-0.712382893105428,0.177400916614039,-0.447874562138015,-0.723536461554721,-1.40536579608628,-1.3396288662373,-1.31400755672048,-1.11120510596644,-0.522857343114436,0.242735957290627,0.138540805159109,1.40536579608628,0.74706943342241,0.410512436305636,1.27252535189362,0
"992","DTXSID7041671",1.18991572751732,-0.851959937336878,1.4537163184981,1.33577204922389,-1.36724910973408,-1.03093634824716,-0.924964595993163,-0.953131931135856,-1.84707804205407,-2.59576767593872,-0.158054643991571,-0.930375137814519,-0.402536099081305,-0.284245112749564,-0.244126674445709,-0.490563539433066,-1.20699219932541,-0.00797180860227415,-0.593899024179223,-1.20904256940198,2.32617806272979,-0.712382893105428,-3.0624183260662,0.049048638041796,-1.17821529619115,-2.876428450999,-1.50418154488133,-1.35089293401295,-1.58874076446406,0.420570235304708,0.0377099132255191,0.00797180860227415,3.0624183260662,1.13824518968334,0.798103757564926,2.15981799936645,0
"993","DTXSID7041702",-0.235351402682087,0.513879085797798,-0.28152496329965,-0.980534567924588,-1.36724910973408,-0.556197195301774,-1.94724923057557,-2.35628095922858,-1.43184835276439,-0.562422045887869,0.375858876551573,-0.0535551420946215,0.615614587859987,-0.510899140718663,1.48703241810931,-0.490563539433066,-1.43379202943623,-0.275524910098535,-0.593899024179223,-1.20904256940198,0.648349420028925,-0.712382893105428,0.0316362596660356,-0.553654203486445,-1.46342764737006,-2.08424565714755,-1.28634927344054,-1.18822846551991,-0.191075422519809,-0.266834245625226,0.32801565087809,0.0316362596660356,2.35628095922858,0.856816754632983,0.624300772683446,1.65592174366779,0
"994","DTXSID7042279",0.313241983281457,0.17693201401127,0.0655232930599006,0.563669843507734,-0.352984729893449,-0.452095495393733,-0.780090694148959,-1.22434938873555,-0.921408604909041,-0.735383309831273,-0.169010177252534,-0.481695880863642,0.063337853536169,-0.346848825431685,0.362461804253805,-0.490563539433066,-0.072993048771299,0.0274937566513021,-0.593899024179223,-1.20904256940198,0.0877976162148955,-0.712382893105428,0.141772240633233,-0.231889875215132,-0.336592316324744,-0.648286933552688,-0.58920027272158,-0.506792325652029,-0.140927707704679,0.016466807456442,0.14527324139359,0.016466807456442,1.22434938873555,0.427171160837598,0.328414380524666,0.84754156790917,0
"995","DTXSID7043908",-0.117027339042892,0.604132765740618,-0.559163568387291,-0.863040754011259,-0.352984729893449,-0.313674646842022,-0.104651726309484,-0.414161761941864,-0.668400970580364,-0.406000321782025,-0.415296804790475,-0.729462512095714,-0.274177636411295,-0.315044866664624,-0.114462311212791,-0.490563539433066,-0.299792878882121,-0.197437735305105,-0.593899024179223,-1.20904256940198,0.0795386627364617,-0.712382893105428,-0.0287208535297356,-0.512326800088148,0.0150571248466977,-0.632590053695107,-0.980829826044798,-0.946214807872294,-0.828177874222729,-0.377504808314626,0.162890101429151,0.0150571248466977,1.20904256940198,0.471858738912123,0.305868051298437,0.863369844574122,0
"996","DTXSID7044475",0.232566485345642,0.549980557774926,0.377866723783496,-1.31623117910553,-1.36724910973408,-0.859216257545227,-1.37555582375348,-1.52800872709412,-1.68811258637067,-1.69661052676462,0.117772535617893,-0.603057441443503,-0.146148682504179,-0.389579390585021,0.41839322325312,-0.490563539433066,-1.20699219932541,-0.028615160873814,-0.593899024179223,-1.20904256940198,1.21171817893961,-0.712382893105428,0.248743635417552,-0.215318038345017,-1.46342764737006,-2.4646401742157,-1.19474008828561,-0.824248626676183,-1.11120510596644,-0.116805489866708,0.184851069933853,0.028615160873814,2.4646401742157,0.858623054069243,0.60376427120416,1.63144132121057,0
"997","DTXSID7044506",-0.170811004333435,0.65828497370631,-0.385639440207515,-1.23230702631029,-0.352984729893449,-0.280917859732083,-0.45151412043072,-0.984167896136672,-0.669123160673601,-0.298285483365127,-0.373232661280047,-0.756193587858557,-0.254621852295733,-0.296875940272005,-0.144194385723913,-0.490563539433066,-0.299792878882121,-0.436476312566706,-0.593899024179223,-1.20904256940198,0.460580745029959,-0.712382893105428,-0.0504953884699245,-0.345047562904874,-0.0936817060395266,-0.718780194004009,-0.941984467394861,-0.869012005665735,-0.583871677207372,0.323928335491429,0.211885988872733,0.0504953884699245,1.23230702631029,0.514623114066523,0.309215135826353,0.910418487924254,0
"998","DTXSID7047061",2.28710249944441,-3.03008207995693,2.29820040897301,2.82962196897907,-1.36724910973408,-0.71796994598554,-2.0053972504514,-2.50661786862099,-1.71906025385121,-1.06203373468087,0.281161841206535,-0.411223804794522,0.0985580638145367,-0.432532370310374,0.954495633925428,-0.490563539433066,-1.43379202943623,1.87653741293271,-0.593899024179223,-1.20904256940198,2.39140678791048,-0.712382893105428,-3.0624183260662,1.94400774684243,-1.46342764737006,-3.35862844600061,0.970089740179635,1.96142102900621,2.13836681405394,2.6947723615559,0.0262906863907451,0.0985580638145367,3.35862844600061,1.61006877340677,0.930714142890979,2.80138287630722,0
"999","DTXSID7047063",1.81918461141668,-1.50178643292518,1.3033287407423,1.99038044102673,-1.36724910973408,-0.70537302319406,-1.94319750275337,-2.46442044270146,-1.67562082466418,-1.01430562141453,0.262078237237363,-0.441110981748781,0.0489720189324798,-0.424753580737879,0.909371815846761,-0.490563539433066,-1.43379202943623,2.80644176872112,-0.593899024179223,-1.20904256940198,2.39316169326097,-0.712382893105428,-3.0624183260662,2.96851380786015,-1.46342764737006,-3.35862844600061,2.09056720474441,3.49306969794805,3.44867807212668,3.80342641384936,0.0366685424995296,0.0489720189324798,3.80342641384936,1.70663821728598,1.08179580198515,3.09133684382696,1
"1000","DTXSID7047439",0.705862739902426,0.0565937740875098,1.23391908947039,0.949720946365814,-0.352984729893449,-0.469900578941572,-1.06896134154501,-1.49921698307567,-1.71767043160967,-0.0394986814754433,-0.173084041547524,-0.653867591406106,-0.0690766099875168,-0.301838761943899,0.137707319468403,-0.490563539433066,-0.299792878882121,-0.0151659930313162,-0.593899024179223,-1.20904256940198,1.04324524161783,-0.712382893105428,-1.46254412941729,0.339346613580658,-0.653466093203216,-1.39582535482219,-0.832133677159879,-0.802631191472037,-0.363454148026266,0.657888448959091,0.038277514806855,0.0151659930313162,1.71767043160967,0.676709513900399,0.481382808658635,1.29287950898345,0
"1001","DTXSID7051711",1.67396871513221,-1.30924524904717,2.00899352867338,1.50362035481436,-1.36724910973408,-0.603565681072629,-1.65294679348959,-1.77268855270608,-1.70543122488932,-0.787629041519974,0.14027311149938,-0.500242169966677,0.0611156981418287,-0.391689220226549,0.63538188718706,-0.490563539433066,-1.20699219932541,0.759307745954154,-0.593899024179223,-1.20904256940198,1.70391649313182,-0.712382893105428,-0.0481657966858399,0.595832433092673,-1.26411637739244,-2.32508064239102,-0.880265199303607,-0.815633514483231,0.367399254315011,0.971584938272354,0.0331380555572965,0.0481657966858399,2.32508064239102,1.00194076528558,0.602992147168556,1.77377071366134,0
"1002","DTXSID7051763",0.818808437012567,-0.66543566545505,-0.18897876160377,2.51071018835718,-1.36724910973408,-0.422662291880171,-0.623132162239807,-0.414035119235996,0.945553287360503,-0.484599509890001,0.273905937418734,-0.81663728158077,0.67545307803011,4.94156091971177,2.60183522153918,-0.490563539433066,-1.43379202943623,0.412713966095341,-0.593899024179223,-1.20904256940198,0.78492872039307,-0.712382893105428,-1.32533207752963,0.576525406259394,-1.46342764737006,-1.8397412714179,1.02694872925079,2.39589163433377,1.20176563076882,0.182472651490542,0.0467378813895159,0.182472651490542,4.94156091971177,1.11333282538383,0.977032092623599,2.36393390394204,0
"1003","DTXSID7051840",-0.0632436737523479,1.17573940537848,-0.871506999110886,-1.46729465413695,-1.36724910973408,-1.03093634824716,-1.836741273418,-1.2693081011849,-1.74925029863995,-2.59576767593871,0.399494881769653,0.0629735193201075,0.299400852368434,-0.525864850476217,0.892225199882157,-0.490563539433066,-1.43379202943623,-0.386369700009228,-0.593899024179223,1.44175886806471,0.965206276537052,-0.712382893105428,-0.0297835887154769,-0.743092996565246,-1.46342764737006,-1.96482705688039,-1.32096033717091,-1.11245075233563,-1.20563414869697,-0.503762774199716,0.359784401276952,0.0297835887154769,2.59576767593871,0.999163615868579,0.614505627392265,1.78573081893068,0
"1004","DTXSID7051848",1.25445612586597,-0.502979041557974,1.60410389625391,1.15113891307438,-0.352984729893449,-0.88606806697659,-0.924964595993163,-0.769196930068632,-1.25739142624444,-1.5995230383805,-0.314812042749144,-0.930375137814514,-0.430810400346632,-0.246886376480163,-0.31799603589301,-0.490563539433066,-0.299792878882121,0.206237535719332,-0.593899024179223,-1.20904256940198,2.00251963576199,-0.712382893105428,-3.0624183260662,0.391189995017671,-0.694470234682985,-1.4255067276438,-0.817427635255061,-0.788494886286911,-1.11120510596644,1.37919553183965,0.0293502021470908,0.206237535719332,3.0624183260662,0.924267775894478,0.618212444271109,1.7155797045615,0
"1005","DTXSID7052070",0.426187680391599,0.71845409366819,-0.570731843599276,-1.28266151798743,-1.36724910973408,-1.03093634824716,-1.29404801505832,-1.19179343420174,-0.522247009245795,-2.59576767593872,0.336310155502749,0.0133623110053554,0.844457400857093,0.319982977225519,1.88679077718038,-0.490563539433066,-1.43379202943623,0.00533433370485386,-0.593899024179223,-1.20904256940198,-0.549463598442481,-0.712382893105428,-1.39314681900254,-0.360850310842858,-1.46342764737006,-2.65002644100121,-0.706862120412665,-0.131773511197336,-1.44676884116992,-0.198639356644082,0.117864956896412,0.00533433370485386,2.65002644100121,0.924898446172911,0.678171599534562,1.79295809357715,0
"1006","DTXSID7052600",2.62056122424578,-1.82669968071933,1.52312596977001,1.20149340475152,-0.352984729893449,-0.350151327971828,-1.06789884012447,-1.57788002833669,-0.822164125472625,-0.0775201748477222,-0.0303985326984985,-0.540353968477242,-0.0216423622530217,-0.362449990404224,0.460712378241264,-0.490563539433066,-0.526592708992943,1.41489389242337,-0.593899024179223,-1.20904256940198,0.247297293094284,-0.712382893105428,0.489097541152977,1.19731142370932,-0.934007086492018,-0.804848020963372,0.915881403863489,1.03175112992295,2.13836681405394,2.08491521152452,0.00741274394211604,0.0216423622530217,2.62056122424578,0.920896243017352,0.660230709303608,1.76599155092597,0
"1007","DTXSID70543499",-0.407459131611827,0.369473197889286,0.690210154507092,-0.74554694009793,-1.36724910973408,-0.7262809612825,-2.16240588664669,-2.36297100221061,-1.88893317373727,-1.2513369948339,0.426012028781663,-0.0253735103428138,0.296948306283087,-0.51119746291607,1.05081017715901,-0.490563539433066,-1.43379202943623,-0.16991962230018,-0.593899024179223,1.37341467214746,0.225059925507231,-0.712382893105428,-0.606799004840785,-0.0715701088121988,-1.46342764737006,-2.99433851995517,-1.02845430036331,-1.00564005740529,-0.191075422519809,0.209360922003107,0.368283467328224,0.0253735103428138,2.99433851995517,0.895063524247079,0.730602650666763,1.83023491710054,0
"1008","DTXSID70565474",0.194917919642261,0.255151869961714,0.458844650267391,1.20149340475152,-1.36724910973408,-0.63124054940026,-1.42597960965247,-2.25442669340657,-1.54498954978811,-0.889797985691594,0.135832604269368,-0.457910331632644,-0.0919224849329988,-0.375371003953142,0.308295149838729,-0.490563539433066,-1.20699219932541,0.0416532846527968,-0.593899024179223,-1.20904256940198,0.984873864429042,-0.712382893105428,-3.0624183260662,-0.155553729163355,-1.12501372022057,-1.92907078769832,-1.21182666231222,-1.27393561989742,0.303931052752113,0.0912863427957544,0.222610376698705,0.0416532846527968,3.0624183260662,0.866195551078524,0.715740149619951,1.78234294259206,0
"1009","DTXSID7057945",-0.837728453936176,0.429642317851166,-0.767392522203021,-0.846255923452212,-0.352984729893449,0.633487103468858,-0.428861982940607,0.575322504746966,0.208719149346812,0.425422528741721,0.796546220964917,1.34424454331062,2.05135242812655,0.496441175882346,3.2878838446227,-0.490563539433066,-1.20699219932541,-1.21764364660743,-0.396772027312775,1.25250296770102,-0.549463598442481,-0.371899639157239,0.378251102057451,-0.916496043000069,0.128986353388589,1.32238498311278,-0.162852698088304,0.145257936569954,0.14478944320764,-1.37276050235944,0.30446316019478,0.128986353388589,3.2878838446227,0.784663403641725,0.662805888525258,1.63305494095406,0
"1010","DTXSID7058620",2.45921022837415,-2.8977100160408,1.77762802443368,2.49392535779814,-1.36724910973408,-0.726215204539962,-2.06354678202025,-2.38096196877672,-1.74579221027401,-1.09327395427338,0.29885754670522,-0.383282769595443,0.153364341813159,-0.439853866024687,0.997040948113897,-0.490563539433066,-1.43379202943623,1.24989486730427,-0.593899024179223,-1.20904256940198,2.37268412959496,-0.712382893105428,-3.0624183260662,1.32475827755086,-1.46342764737006,-3.35862844600061,0.037336764398152,0.234132889902723,0.848214190720788,2.00580914030639,0.0341580547775933,0.037336764398152,3.35862844600061,1.38916323544295,0.930512457412698,2.5802191809312,0
"1011","DTXSID7058624",2.2171837345667,-2.42237396834195,1.92801560218949,1.77217764375912,-1.36724910973408,-0.718865156402269,-2.08874491236676,-2.20482522081472,-1.79319511517819,-0.995836637291653,0.306482525497334,-0.371174987675843,0.183036416814501,-0.443040824359177,1.01558634147811,-0.490563539433066,-1.43379202943623,0.995214063991182,-0.593899024179223,-1.20904256940198,2.33966383052012,-0.712382893105428,-3.0624183260662,1.11687179982678,-1.46342764737006,-3.35862844600061,-0.349616060314757,-0.177568717249712,0.196935222211263,1.76030753997427,0.041637097804082,0.177568717249712,3.35862844600061,1.30293733018503,0.879745258952057,2.42901126164366,0
"1012","DTXSID7059779",1.70086054777748,-1.36941436900905,2.12467628079323,1.99038044102673,-1.36724910973408,-0.967389017256816,-1.72757171073357,-2.32938867975887,-1.54530253710303,-2.00705037735438,0.194649503212969,-0.544719861856817,-0.119620533666283,-0.398240434722284,0.587187754765081,-0.490563539433066,-1.43379202943623,0.457390375826656,-0.593899024179223,-1.20904256940198,2.66332225748792,-0.712382893105428,-3.0624183260662,0.437766177694656,-1.46342764737006,-3.35862844600061,-0.333585310082598,0.388010681474455,-0.545150642479019,1.01016376118169,0.0341851212947262,0.119620533666283,3.35862844600061,1.23777482799968,0.876083878735874,2.3591621927816,0
"1013","DTXSID7059933",0.904862301477437,-1.37543128100523,0.690210154507092,-0.812686262334118,-1.36724910973408,-1.04840132406419,1.21548808508011,1.46363532746018,1.24022101124308,-3.25203461431036,9.33221688639741,6.16837456607043,8.32438923048531,-0.276093052698483,1.154064079962,0.757361253861575,-1.43379202943623,0.127764191980406,-2.89247986951652,-1.20904256940198,-0.549463598442481,-4.68255591924678,0.553359768172551,1.31224050668008,-1.46342764737006,1.1816023177927,0.632700941468427,2.00309990511367,-1.06804191158287,0.253005650951039,0.0736082169118672,0.127764191980406,9.33221688639741,1.95817651226156,2.26855605002478,4.86192825629328,1
"1014","DTXSID7060047",0.490728078740251,-0.611283457489358,1.29176046553031,1.0504299297201,-1.36724910973408,-1.04840132406419,-2.38425025915754,-1.58200792609401,-2.61950370876208,-3.25203461431036,0.394004021198146,-0.229183726982325,0.474671545666031,-0.481008992092063,1.2381310618485,-0.490563539433066,-1.43379202943623,-0.120671162954913,-0.593899024179223,-1.20904256940198,-0.549463598442481,-0.712382893105428,-3.0624183260662,-0.0988480283870325,-1.46342764737006,-3.35862844600061,-1.30841253800346,-1.24011361918914,-1.56932874582594,0.444341025178135,0.124065234571435,0.0988480283870325,3.35862844600061,1.20566604714544,0.913945255620578,2.37551597433978,0
"1015","DTXSID7060257",-0.638728892361164,1.39234823724125,-0.859938723898901,-0.695192448420789,-1.36724910973408,-0.901066580155338,-2.07081783548669,-2.10938915934961,-2.41912699190589,-2.05812973854714,0.47179325067201,0.222725012771618,0.996473984605274,-0.572030667574833,1.91571188076558,-0.490563539433066,-1.43379202943623,-0.902167455726983,-0.593899024179223,-1.20904256940198,0.588398058866203,-0.712382893105428,-0.317980315941454,-0.960193174810511,-1.46342764737006,-1.91280311220955,-1.61893594834316,-1.41969374604641,-0.962703163384863,-0.785115401881922,0.643240111471376,0.222725012771618,2.41912699190589,1.13539401978757,0.600202107046601,1.90365271680722,0
"1016","DTXSID7060629",-0.886133752697665,0.814724685607198,-0.848370448686916,-0.409850328916991,-0.352984729893449,-0.372644359013743,0.846902026989984,-0.0570669010957103,0.145038742649403,-0.409536657913538,-0.775090289832824,-1.29427269614077,-1.20692003522969,-0.345610261065003,-1.16382134565258,-0.490563539433066,-0.072993048771299,-0.520813703255745,-0.593899024179223,-1.20904256940198,-0.630179885069869,-0.712382893105428,0.126093622501733,-0.766111049184969,0.542920566428035,-0.129759873737826,-1.01170768485687,-0.829996093919775,-0.798591201081868,-0.333080709206909,0.265445304036035,0.0570669010957103,1.29427269614077,0.623236757517335,0.355988724533533,1.07890232492026,0
"1017","DTXSID7060677",-0.0309734745780217,0.892944541557642,-0.23525186245171,-0.426635159476038,-0.352984729893449,-0.217576137665038,1.62994609745879,0.371457020390429,0.0196867092971938,-0.825317995987143,-1.33044843259109,-1.69317338150265,-1.54492476999479,1.34124272412736,-1.41173712220031,-0.490563539433066,-0.299792878882121,-0.358289019898519,-0.593899024179223,-1.20904256940198,-0.549463598442481,-0.712382893105428,0.0471498230889904,-0.781862115778008,1.00201123907178,-0.966220100122613,-0.67707564547036,-0.29292621297456,-1.20563414869697,0.15792249145733,0.123289838346184,0.0196867092971938,1.69317338150265,0.722284515305836,0.50872817552367,1.37345657997613,0
"1018","DTXSID7060831",-0.558053394425349,1.18175631737467,-0.524458742751336,-0.544128973389366,-1.36724910973408,-0.94620657359337,-2.51259164665721,-2.56254259117893,-1.88103191957482,-1.81081127782628,0.525167396882533,0.15382552824663,0.997098344682248,-0.563621222317118,1.99966072352923,-0.490563539433066,-1.43379202943623,-0.534062635348726,-0.593899024179223,-1.20904256940198,1.37919951568858,-0.712382893105428,-1.56076592399302,-0.525467434223564,-1.46342764737006,-2.75452281262454,-1.56311584691294,-1.43061567533972,-0.962703163384863,-0.550914668866678,0.508263506396088,0.15382552824663,2.75452281262454,1.17642263804906,0.689801329023184,2.05936833919873,0
"1019","DTXSID7060881",1.49110425314436,-1.83873350471171,1.48842114413406,1.97359561046768,-1.36724910973408,-0.473820791746069,-1.63652812483468,-2.34644645511854,-1.56196086694906,-0.906528319055923,0.116594050008555,-0.54592062069289,-0.0522415838491592,2.15923145468233,0.464728685578209,-0.490563539433066,-1.43379202943623,2.26041794986213,-0.593899024179223,-1.20904256940198,2.39873090582659,-0.712382893105428,-3.0624183260662,2.49139850115652,-1.46342764737006,-3.79243312570104,1.47382419689498,2.55694610325767,2.66249131728304,3.01275538674797,0.0318529619531467,0.0522415838491592,3.79243312570104,1.60125426968098,0.946746053502174,2.81308921816376,0
"1020","DTXSID7060883",1.65783361554505,-3.01804825596456,1.08353151171458,1.36934171034199,-1.36724910973408,-0.699418114238088,-1.91044421788961,-2.44281536063064,-1.65390111007066,-0.991743240597732,0.251963927133703,-0.456849039486727,0.0230347031480539,-0.420680025232198,0.885768587928688,-0.490563539433066,-1.43379202943623,3.55036525335185,-0.593899024179223,-1.20904256940198,2.39387661703722,-0.712382893105428,-3.0624183260662,3.78817499197857,-1.46342764737006,-3.35862844600061,2.99027328359803,4.72866303957317,4.49692707858486,4.69034965568413,0.0732877480369142,0.0230347031480539,4.72866303957317,1.90651356414857,1.39481573663287,3.69187770703864,1
"1021","DTXSID7061302",-0.0363518411070762,0.856843069580514,-0.177410486391785,-0.930180076247447,-1.36724910973408,-0.616938562333457,-1.90417451668793,-2.14438682482819,-2.05060607889177,-1.17825211716345,0.288878377349041,-0.325969646889117,0.311248072218839,-0.456364050646816,0.966861097088655,-0.490563539433066,-1.20699219932541,-0.145896099876095,-0.593899024179223,-1.20904256940198,1.08281010447327,-0.712382893105428,-0.0465891949305294,-0.388059257562231,-1.46342764737006,-2.44943254775627,-1.48164826817831,-1.31757497221726,-0.786377327421989,-0.173309826451085,0.315954425766613,0.0363518411070762,2.44943254775627,0.905323979961346,0.659887815992426,1.74998038443165,0
"1022","DTXSID7061510",-0.407459131611827,1.25395926132892,-0.443480816267441,-1.06445872071982,-1.36724910973408,-0.65986497916313,-1.57046662179888,-2.10805300932718,-1.47926527986295,-1.15289261788036,0.0831779002001113,-0.451082615772313,0.229470573980081,-0.387021814638486,0.514816066362113,-0.490563539433066,-0.753392539103765,-0.405158487838821,-0.593899024179223,-1.20904256940198,1.62124921551346,-0.712382893105428,-0.102558229241641,-0.600108081098376,-0.995513298711673,-1.7162047883829,-1.6578497270151,-1.57133025239755,-0.70688048918971,-0.415693946144066,0.453353962925616,0.0831779002001113,2.10805300932718,0.890818186646815,0.550601600844437,1.59558823572769,0
"1023","DTXSID7062902",-1.02059291592402,1.86166737294391,-0.269956688087665,-0.896610415129353,-1.36724910973408,-1.04840132406419,-2.04711374732301,-2.15247969206984,-1.40582748900099,-3.25203461431036,0.607805730927397,0.597668831748288,1.92355843724268,0.146950157238808,3.07730939139626,-0.490563539433066,-1.43379202943623,-0.821162560012034,-0.593899024179223,-1.20904256940198,1.34531982945063,-0.712382893105428,-1.64319280798147,-1.01651207575816,-1.46342764737006,-2.51381014073061,-1.68360291201762,-1.48802555067407,-1.00638020532062,-0.875912025496817,0.649789709836295,0.146950157238808,3.25203461431036,1.33240839091696,0.754595483729398,2.29829061009059,0
"1024","DTXSID7062906",-0.117027339042892,0.86887689357289,-0.362502889783545,-0.208432362208427,-0.52202879320022,-1.03093634824716,-0.848007883254772,-1.92853815098577,-1.10720645633632,-2.59576767593871,-0.259656228381444,-0.538898670684047,-0.0924718495194454,-0.305872441012744,0.0748898258435258,-0.490563539433066,-0.753392539103765,-0.559478272983733,-0.593899024179223,-1.20904256940198,1.57751963025218,-0.712382893105428,-1.62103291002941,-0.691015680856848,-0.164271114156598,-1.35142560893931,-1.62614955264714,-1.60054721633977,-1.44042080955721,-0.477264188767042,0.246394070804292,0.0748898258435258,2.59576767593871,0.857650645258821,0.629144549094659,1.66295566809998,0
"1025","DTXSID7063394",1.55564465149301,-1.94703792064309,1.66194527231383,1.16792374363342,-1.36724910973408,-0.275020559555929,-1.5802953217795,-2.3583868978703,-1.57491734571821,-0.922844111189809,0.0697607780859062,-0.546662265856358,-0.00936407032912564,3.65508238955448,0.306815135461798,-0.490563539433066,-1.43379202943623,0.958551851758354,-0.593899024179223,-1.20904256940198,2.40400018689192,-0.712382893105428,-3.0624183260662,1.06069587214102,-1.46342764737006,-3.95555836287035,0.0338112104761393,0.598359756568554,0.828055555981207,1.46063971353713,0.0275877612104357,0.00936407032912564,3.95555836287035,1.30880493708119,0.997033208309278,2.58500744371707,0
"1026","DTXSID7063398",2.06121110522412,-2.21178204847537,1.7660597492217,1.63789899928674,-1.36724910973408,-0.726215204539962,-1.72757171073357,-2.32499279424842,-1.85908301155116,-1.09327395427339,0.194649503212969,-0.544719861856817,-0.110224525371458,-0.398240434722284,0.615314934700781,-0.490563539433066,-1.43379202943623,0.760652185986619,-0.593899024179223,-1.20904256940198,2.40550610855523,-0.712382893105428,-3.0624183260662,0.842815949092116,-1.46342764737006,-3.35862844600061,-0.196503877740524,-0.0575532343991733,-0.348898579968148,1.42985459222564,0.0397220401707723,0.0575532343991733,3.35862844600061,1.23348086500377,0.877351045325196,2.35649020302002,0
"1027","DTXSID7063897",1.14688879528488,-0.78577390537881,-0.21211531202774,1.28541755754675,-1.36724910973408,-0.642095978627468,-1.88909929885269,-2.37651059127901,-1.65858558318801,-1.01503539214683,0.32926218055022,-0.183569332619903,0.35810030874584,-0.481578551630624,1.28991552628605,-0.490563539433066,-1.43379202943623,0.282417703374512,-0.593899024179223,-1.20904256940198,0.726428858602472,-0.712382893105428,-0.230428752420253,0.186219929248564,-1.46342764737006,-2.42582607129513,-0.43262959800379,-0.193757438062886,1.09011780759575,0.651263802600922,0.0653087969953783,0.183569332619903,2.42582607129513,0.904779836267639,0.635010049456807,1.71759269957235,0
"1028","DTXSID7068637",-0.224594669623979,1.5668386851307,-0.37407116499553,0.815442301893438,-1.36724910973408,-0.713144962347079,-2.35549279857129,-1.97303335179412,-1.85864875377318,-1.41535888257072,0.526670846800923,0.233058680250555,1.10156931937318,-0.575070072302467,2.19927232562439,-0.490563539433066,-1.43379202943623,-0.526148555724995,-0.593899024179223,-1.20904256940198,0.932285137519494,-0.712382893105428,-1.49844986043141,-0.325432143951106,-1.46342764737006,-2.3834241101214,-0.960454589570056,-0.816213045005853,-0.807126261944272,-0.601963414332563,0.467408936627688,0.224594669623979,2.3834241101214,1.06847069154376,0.632223978629576,1.87771738418962,0
"1029","DTXSID7073931",0.754268038663914,0.0144753901141939,1.37273839201421,0.798657471334391,-0.352984729893449,-1.03093634824716,-0.157253442763207,-0.77374563903661,-0.794585332546042,-2.59576767593872,-0.639014844725035,-1.29926279307841,-0.833876781962243,-0.195601117075811,-0.917004911361667,-0.490563539433066,-0.753392539103765,-0.351981593788762,-0.593899024179223,-1.20904256940198,2.24050377323831,-0.712382893105428,-3.0624183260662,0.0296932700860819,-0.452338184046118,-1.48495101552004,-1.09594251196632,-1.20415524320175,-1.38374984764557,0.842599176828018,0.0660259921936028,0.0144753901141939,3.0624183260662,0.947926213878856,0.702812137223399,1.84752574952481,0
"1030","DTXSID7074296",-0.999079449807806,2.02412399684099,-0.802097347838976,0.462960860153452,-1.36724910973408,-1.04840132406419,-1.85291877604811,-1.50314251007735,-2.30234163341681,-3.25203461431036,0.430221688553155,0.158191421626204,0.91967372848773,-0.545413801257555,1.81154660305972,-0.490563539433066,-1.43379202943623,-0.849672316728848,-0.593899024179223,-1.20904256940198,0.447094977239634,-0.712382893105428,-1.54569917748393,-0.782818221805146,-1.46342764737006,-2.34346841593847,-1.46667237165878,-1.35346905736372,-1.5088466712262,-0.820576744152117,0.707588769376091,0.158191421626204,3.25203461431036,1.21669408405998,0.690430135952877,2.10044465807966,0
"1031","DTXSID70861706",-0.455864430373316,1.7172614850354,-0.443480816267441,-0.762331770656977,-1.36724910973408,-0.805710930940033,-0.451975328893935,-1.72812602708015,-1.84200476030937,-1.41592939633237,-0.161560872507564,-0.830506111377911,-0.650334981861021,-0.324178939056613,-0.520624865869068,-0.490563539433066,-0.980192369214586,-0.51628932882025,-0.593899024179223,-1.20904256940198,1.52546060017924,-0.712382893105428,-3.0624183260662,-0.731197767823751,-0.884957828645965,-1.76508935708223,-1.50400109868381,-1.42047482503272,-1.239324428978,-0.650674049319095,0.432169553596809,0.161560872507564,3.0624183260662,1.02543692774203,0.620867505340583,1.82014733457797,0
"1032","DTXSID70862258",0.512241544856468,0.0926952460646379,0.898439108322822,0.647593996302969,-1.36724910973408,-1.03093634824716,-1.34738939322495,-2.18583482733612,-2.39487329078582,-2.59576767593871,-0.0466743869796122,-0.727398676784144,-0.3006220758342,-0.315765350353706,0.0326804931754955,-0.490563539433066,-0.980192369214586,-0.311233618762238,-0.593899024179223,-1.20904256940198,2.25607190223156,-0.712382893105428,-3.0624183260662,-0.30402767651606,-1.09906173194223,-2.73792896820367,-1.58206715560628,-1.64286494975344,-1.44042080955721,0.118564298388212,0.14987750865016,0.0326804931754955,3.0624183260662,1.10123004521008,0.871259701658063,2.2164424633324,0
"1033","DTXSID70862511",0.420809313862544,0.38752393387785,0.146501219543796,0.765087810216297,-1.36724910973408,-0.782993790337976,-1.77771053685939,-2.52024638092364,-1.78857823553656,-1.30011374304737,0.288878377349041,-0.263555348463611,0.269448477677588,-0.456364050646816,1.05843973567391,-0.490563539433066,-1.43379202943623,-0.279381832035643,-0.593899024179223,-1.20904256940198,1.61020197566241,-0.712382893105428,-1.48438756368958,-0.235249469474984,-1.46342764737006,-2.89102451071073,-1.14693342656937,-1.26706246432775,-1.02734518544979,-0.23994597511266,0.282146276688576,0.146501219543796,2.89102451071073,0.989271338990312,0.697126835686598,1.88159368866916,0
"1034","DTXSID70862874",1.52875281884774,-1.18890700912341,1.09509978692657,2.05751976326291,-1.36724910973408,-0.811353421334372,-2.24353342735241,-2.22635008599667,-2.12449492626364,-1.20708485803086,0.352758258856383,-0.296798613026862,0.31755061702819,-0.46279794113403,1.13097990018867,-0.490563539433066,-1.43379202943623,0.251290579360452,-0.593899024179223,-1.20904256940198,2.32062509952201,-0.712382893105428,-3.0624183260662,0.300758236097174,-1.46342764737006,-3.35862844600061,-1.10162880925519,-0.934456364750332,-0.786377327421989,0.873384298139506,0.0677540170417216,0.251290579360452,3.35862844600061,1.24346352422154,0.820382759900993,2.29355345689481,0
"1035","DTXSID70863402",-0.762431322529415,0.664301885702498,-0.674846320507141,-0.930180076247447,-0.352984729893449,-0.551828500360167,0.479120064458049,0.103544228765506,0.0384575266630409,-0.832703556368564,-0.636556033683424,-1.1871937198145,-0.995146223270629,-0.315239975858163,-0.976046946230404,-0.490563539433066,-0.072993048771299,-0.473233875156446,-0.593899024179223,-1.20904256940198,-0.549463598442481,-0.712382893105428,0.106059291089185,-0.622208523142481,0.175180892524026,-0.081201473970606,-0.966730719672033,-0.822178404700906,-0.773435981663246,-0.186948804247314,0.286053024226904,0.0384575266630409,1.20904256940198,0.57787012499507,0.338337455491035,1.01094206802359,0
"1036","DTXSID70866458",2.62056122424578,-2.87364236805605,2.05526662952132,2.86319163009717,-1.36724910973408,-0.727338133867647,-2.0224069773729,-2.32938867975887,-1.54530253710303,-1.07433227710289,0.286352581486147,-0.403050576811121,0.119241232378218,-0.434669194340327,0.966904683897062,-0.490563539433066,-1.43379202943623,1.62185660961963,-0.593899024179223,-1.20904256940198,2.38488020201216,-0.712382893105428,-3.0624183260662,1.73444364594875,-1.46342764737006,-3.35862844600061,0.471662462402293,0.697317336524101,1.3696508759846,2.44927076122378,0.0279700454483955,0.119241232378218,3.35862844600061,1.49140447348269,0.928226488202389,2.67953437838175,0
"1037","DTXSID70870570",-1.52078100312608,2.10836076478762,-1.14914560419853,-0.661622787302695,-1.36724910973408,-1.04840132406419,-3.22949847951373,-1.7081404683664,-1.47459518900056,-3.25203461431036,1.73462657395857,2.93067083474331,4.00112409049928,-0.92575218332338,3.38615453706961,-0.490563539433066,-1.43379202943623,-1.0695502397689,-0.593899024179223,-1.20904256940198,-0.549463598442481,-0.712382893105428,-3.0624183260662,-1.21026668728906,-1.46342764737006,-1.80745054713944,-1.75802564985454,-1.59550812153609,-1.26844245693517,-0.814341782873841,0.325098325937561,0.490563539433066,4.00112409049928,1.651224422561,0.945774084821117,2.86181525113203,0
"1038","DTXSID70870833",1.15764552834299,-1.18289009712722,0.967848759594732,2.35964671332576,-1.36724910973408,-0.94620657359337,-2.24353342735241,-1.95569830292644,-2.06657568734758,-1.81081127782627,0.352758258856383,-0.296798613026862,0.330078628087966,-0.46279794113403,1.13097990018867,-0.490563539433066,-1.43379202943623,0.18259064720505,-0.593899024179223,-1.20904256940198,2.39063209996296,-0.712382893105428,-3.0624183260662,0.300673250774122,-1.46342764737006,-3.35862844600061,-1.01716287017584,-0.687661417395363,-1.02734518544979,0.849613508266079,0.0661999956824317,0.18259064720505,3.35862844600061,1.24704507575623,0.832948162635599,2.31321872392979,0
"1039","DTXSID70870919",1.91599520893966,-2.62694897621234,2.50642936278874,2.77926747730193,-1.36724910973408,-0.666495965092123,-1.97665667737714,-2.08026176187059,-1.85895119072968,-0.928407470764443,0.272363976325833,-0.425033741732006,0.0993291797719045,-0.428931139436625,0.93359618134164,-0.490563539433066,-1.43379202943623,1.97369942662647,-0.593899024179223,-1.20904256940198,2.47621774192789,-0.712382893105428,-3.0624183260662,2.34007257214506,-1.46342764737006,-3.35862844600061,0.611928568455619,1.38223106021567,1.03663571542952,3.04315082297957,0.0289046724223166,0.0993291797719045,3.35862844600061,1.53513359340638,0.939696018790269,2.73794449745792,0
"1040","DTXSID70870959",0.087350589061174,0.904978365550018,-0.339366339359575,-0.963749737365541,-1.36724910973408,-0.760137841926227,-1.90417451668793,-2.01341098540638,-1.68949126953875,-1.35645593067376,0.288878377349041,-0.325969646889117,0.311248072218839,-0.456364050646816,0.966861097088655,-0.490563539433066,-1.20699219932541,-0.145896099876095,-0.593899024179223,-1.20904256940198,1.72378071474284,-0.712382893105428,0.0183105594202136,-0.409702021165998,-1.46342764737006,-2.39683780745425,-1.36695406513021,-1.26234746015003,-0.786377327421989,-0.257092118627919,0.295599237929713,0.0183105594202136,2.39683780745425,0.92597639921002,0.632780658886592,1.73593564258486,0
"1041","DTXSID70871103",0.323998716339566,0.616166589732994,0.215910870815706,-1.28266151798743,-1.36724910973408,-0.948149051613584,-1.18478287642776,-2.15258685337392,-1.62366917028895,-1.92740031255563,0.117772535617893,-0.505471386542527,-0.462674765358807,-0.389579390585021,0.0207000996275984,-0.490563539433066,-1.43379202943623,-0.28796336415776,-0.593899024179223,0.412375438317989,1.7436127261992,-0.712382893105428,-0.271039030150894,-0.155226472817004,-1.46342764737006,-2.98744820126444,-0.639815110084113,-0.731485516262783,-1.22544786877966,-0.0645876891611468,0.253881545436439,0.0207000996275984,2.98744820126444,0.878394659910682,0.716452052811946,1.79545328750997,0
"1042","DTXSID70871143",-0.305270167559794,1.1155702854166,-0.316229788935605,-1.50086431525504,-1.36724910973408,-0.973885724628219,-1.65410223217969,-1.86445895176226,-2.11653254240738,-2.30212182181504,0.288878377349041,-0.219949892790115,-0.0925203538744046,-0.456364050646816,0.458409925182517,-0.490563539433066,-1.43379202943623,-0.542644167470844,-0.593899024179223,0.774050697418189,1.62462065746104,-0.712382893105428,-0.401791604522715,-0.429587192227815,-1.46342764737006,-2.94239611751736,-1.28102133599997,-1.18735025564628,-1.3412375268281,-0.293332831057899,0.417904252437574,0.0925203538744046,2.94239611751736,1.01815016864036,0.712703639892245,1.93041082770243,0
"1043","DTXSID70871244",1.53950955190585,-1.38746510499761,1.61567217146589,1.03364509916105,-1.36724910973408,-0.822903496979319,-2.19360164832478,-2.23779881863691,-2.00495191097214,-1.3602006418593,0.337935563014814,-0.320790991945888,0.273833501958745,-0.4563918125681,1.09347699360774,-0.490563539433066,-1.43379202943623,0.437271450518134,-0.593899024179223,-1.20904256940198,2.33452572061321,-0.712382893105428,-3.0624183260662,0.504725850300717,-1.46342764737006,-3.35862844600061,-0.927167288758729,-0.681379124054021,-0.545150642479019,1.0951151085982,0.0500618369785629,0.273833501958745,3.35862844600061,1.2298305359149,0.802299751589168,2.25677421794904,0
"1044","DTXSID70871668",0.829565170070676,-1.04450112121489,1.36117011680222,1.35255687978294,-0.352984729893449,-0.996274167706971,0.0782942974323468,-0.823337700805091,-0.682348684667808,-2.27464914943817,-0.687110864798385,-1.41244423276165,-1.07474028874496,-0.190976212953703,-1.0421795972246,-0.490563539433066,-0.753392539103765,0.0529618369826102,-0.593899024179223,-1.20904256940198,2.30565193087246,-0.712382893105428,-3.0624183260662,0.322383759403326,-0.564969813174093,-1.68118239929807,-0.83573054822352,-0.964641976192511,-1.33395801983881,1.12979708070861,0.0261862198082124,0.0529618369826102,3.0624183260662,1.00720364900938,0.668890639232497,1.86338366722698,0
"1045","DTXSID70873283",2.8894795506985,-1.82068276872315,1.44214804328612,1.20149340475152,-0.352984729893449,-0.350151327971828,-1.06789884012447,-1.48636401768384,-0.986052699914829,-0.0775201748477222,-0.0303985326984985,-0.540353968477242,-0.0154922477327695,-0.362449990404224,0.460712378241264,-0.490563539433066,-0.526592708992943,1.34619396026797,-0.593899024179223,-1.20904256940198,0.244222859536269,-0.712382893105428,0.489977423234309,1.19926527578718,-0.934007086492018,-0.79335056610665,0.644016148296738,0.556277052949391,1.87221410065561,2.06114442165109,0.0103392771117754,0.0154922477327695,2.8894795506985,0.891911076851309,0.667051750472016,1.74573731745549,0
"1046","DTXSID70873324",2.41618329614171,-2.89169310404461,1.97428870303743,2.47714052723909,-1.36724910973408,-0.773095380494915,-2.06354678202025,-2.21440702534889,-1.68745453620791,-1.32442683452959,0.29885754670522,-0.383282769595443,0.161418063208728,-0.439853866024687,0.997040948113897,-0.490563539433066,-1.43379202943623,1.18119493514886,-0.593899024179223,-1.20904256940198,2.34400146839774,-0.712382893105428,-3.0624183260662,1.321128138365,-1.46342764737006,-3.35862844600061,-0.146837676033846,-0.156952121124507,0.448332701600946,1.98203835043297,0.0454510555994289,0.146837676033846,3.35862844600061,1.37915261195144,0.929993761581038,2.56954462677516,0
"1047","DTXSID70874871",2.35702126432211,-2.296018816422,1.73135492358574,1.65468382984579,-0.352984729893449,-0.684017995183936,-1.21160999411473,-1.70351423027317,-1.05366281924451,-0.90357034992524,-0.13286149061982,-0.792641110686761,-0.328468466936967,-0.291012924072618,0.0176123610670782,-0.490563539433066,-0.299792878882121,1.23912027697316,-0.593899024179223,-1.20904256940198,2.1826604064906,-0.712382893105428,-3.0624183260662,1.37585663844113,-0.969042270667771,-1.88679113987413,0.0079720796052184,-0.109995361381642,0.323343071390228,2.4734312361771,0.0310987554547056,0.0079720796052184,3.0624183260662,1.0815782339421,0.83363166936088,2.14862677072402,0
"1048","DTXSID70880159",0.797294970896349,-1.41153275298236,0.516686026327316,-0.930180076247447,-1.36724910973408,5.15573204518332,1.78812431925565,1.52637930968997,1.2953998719456,0.485871796040277,9.55347409049721,5.67053362160163,7.65135146929579,0.00608656197681607,0.755950834379297,-0.490563539433066,-0.980192369214586,0.723127053023733,-0.593899024179223,-1.20904256940198,-0.549463598442481,-0.712382893105428,0.570100597627102,2.30179522535739,1.50262509296087,1.2341155158617,0.843729681819763,1.899307062711,-0.787412635082689,0.482140477927684,0.0206495206292639,0.00608656197681607,9.55347409049721,1.79305813974006,2.23347216543505,4.65190251149693,1
"1049","DTXSID70880634",1.55026628496396,-1.592040112868,1.65037699710185,1.41969620201913,-1.36724910973408,-0.822107026617701,-1.53234295309401,-1.54166544681486,-0.976015788308015,-1.45343254806411,0.0707264244654278,-0.638527901954632,-0.0820365004869593,-0.353464398500182,0.366497573731096,-0.490563539433066,-1.43379202943623,0.804651608183857,-0.593899024179223,-1.20904256940198,2.15512696391868,-0.712382893105428,-3.0624183260662,0.558754075762718,-1.27631381188326,-2.97089512796008,-0.804524540947843,-0.535404928354335,-0.568244878402551,1.01289155674093,0.0391291966170071,0.0707264244654278,3.0624183260662,1.12017837141668,0.728390856148539,2.05251866728681,0
"1050","DTXSID70880654",1.56102301802207,-1.50780334492137,1.96272042782544,1.47005069369627,-1.36724910973408,-0.723101645134958,-0.616269551862233,-1.48327037316774,-0.999379876308319,-1.03508445719727,-0.301042811777194,-1.07870409010595,-0.839973350688435,-0.249839857529029,-0.464336048985066,-0.490563539433066,-0.526592708992943,0.593970227068012,-0.593899024179223,-1.20904256940198,2.13206921508871,-0.712382893105428,-3.0624183260662,1.01856976772662,-1.05286719280679,-2.55140111015578,-0.260930041483053,-0.214404279262731,-0.882532260323198,1.3565937972059,0.0327853370734854,0.214404279262731,3.0624183260662,1.0772695203085,0.687177785366561,1.9568570855777,0
"1051","DTXSID70880730",2.00742743993358,-1.60407393686038,1.73135492358574,0.446176029594405,-1.36724910973408,-0.668135506774898,-1.99587364906294,-2.0935661389593,-1.81949863168385,-1.00376050914621,0.339251081693407,-0.224272113050296,0.147020250857559,-0.467302119385725,0.929899131064011,-0.490563539433066,-1.43379202943623,0.808565740335113,-0.593899024179223,1.0778980965654,0.205092026807588,-0.712382893105428,-0.512895385289752,1.11238594191947,-1.46342764737006,-3.07477993283572,-0.129002421996038,0.144451125215029,0.611332794265371,1.4922042050084,0.025568681971657,0.129002421996038,3.07477993283572,1.02358444583828,0.728409231133815,1.95594826168956,0
"1052","DTXSID70880750",2.45921022837415,-2.8977100160408,1.80076457485765,2.35964671332576,-1.36724910973408,-0.731574622600337,-2.06354678202025,-2.38096196877672,-1.79319511517819,-1.11358009700852,0.29885754670522,-0.383282769595443,0.153364341813159,-0.439853866024687,0.997040948113897,-0.490563539433066,-1.43379202943623,1.24989486730427,-0.593899024179223,-1.20904256940198,2.35840508134638,-0.712382893105428,-3.0624183260662,1.32563047255823,-1.46342764737006,-3.35862844600061,0.037336764398152,0.552595931897807,0.848214190720788,2.00580914030639,0.0273382572281766,0.037336764398152,3.35862844600061,1.39806265412312,0.913544698774435,2.5673998685544,0
"1053","DTXSID70880856",0.856457002715947,-0.24425182572189,0.759619805779002,-0.426635159476038,-1.36724910973408,-0.686072174481184,-1.89080586433408,-2.40597090814981,-1.62234625238849,-1.0674283162083,0.263935440077731,-0.193503294878433,0.126972998870027,-0.440881623245133,0.682726980578078,-0.490563539433066,-0.980192369214586,0.128760603210142,-0.593899024179223,1.50890148917059,-0.141842007599766,-0.712382893105428,-0.61737693590987,0.257867452583435,-1.22726455403721,-2.62169051502454,-0.752230947282373,-0.76636662358545,0.828055555981207,0.553452847547966,0.0831847571578864,0.126972998870027,2.62169051502454,0.840523470483435,0.642307987272771,1.66267769419258,0
"1054","DTXSID70881202",0.410052580804436,1.07946881343947,-0.478185641903396,-0.275571684444615,-1.36724910973408,-0.650648073458888,-1.82376121158102,-1.34990795431413,-1.84529852287502,-1.33662562897414,0.375858876551573,-0.00792072446938349,0.404016961991378,-0.510899140718663,1.18120204545913,-0.490563539433066,-1.43379202943623,-0.228374158605341,-0.593899024179223,0.184684681011298,0.0655766568478991,-0.712382893105428,0.182075092857582,-0.252859867522105,-1.46342764737006,-1.87847383210544,-0.6752602209328,-0.616470618963696,-0.504530993478764,-0.333080709206909,0.309753815936912,0.00792072446938349,1.87847383210544,0.757070631192505,0.564860784012232,1.48009243472816,0
"1055","DTXSID70881247",1.4749691535572,-1.09865332918059,2.02056180388537,2.77926747730193,-1.36724910973408,-0.670855820297596,-1.1719206312979,-1.06806714291829,-0.994417459140402,-0.873859268628041,-0.158054643991571,-0.811711975981378,-0.327080444786518,-0.284245112749564,-0.0316102038203969,-0.490563539433066,-0.753392539103765,0.823950520422932,-0.593899024179223,-1.20904256940198,1.82752034773135,-0.712382893105428,-3.0624183260662,0.869595369379113,-0.931152367781402,-1.84141288719494,-0.971444769672331,-1.11143983365706,-0.337068859091778,1.24553354943661,0.0283142585947248,0.0316102038203969,3.0624183260662,1.06377803243093,0.69691341548222,1.95582720424818,0
"1056","DTXSID70881267",1.31899652421462,-1.16483936113865,2.17094938164117,2.29250739108957,-1.36724910973408,-0.889073037026815,-0.846661462847753,-0.874619236627087,-1.10813540805211,-1.5363489095729,-0.158054643991571,-0.968000042785999,-0.557892744167943,-0.284245112749564,-0.240162952611954,-0.490563539433066,-1.43379202943623,0.598551811717653,-0.593899024179223,-1.20904256940198,2.27337533222723,-0.712382893105428,-3.0624183260662,1.03514158768695,-1.26878773528254,-2.84222148424443,-0.702092620832683,-0.895629579279763,-1.26376277387062,1.34295481940967,0.0433446642014068,0.158054643991571,3.0624183260662,1.18341171481418,0.723296262105232,2.10923093030888,0
"1057","DTXSID70883105",-1.19807901138282,1.54277103714595,-1.25326008110639,-1.14838287351506,-1.36724910973408,-0.440559316228689,-1.49714610042599,-1.37466445452289,-0.347243940899992,-1.02188828815306,0.494376809602564,0.574223192383991,1.04351530871109,-0.626859245728398,1.82912145071451,-0.490563539433066,-1.43379202943623,-1.54192067543089,-0.593899024179223,1.55293000736113,-1.30833551682012,-0.712382893105428,-0.0585440603987303,-1.42559893224189,-1.46342764737006,-0.823480421209904,-0.945634683764952,-0.766613703948463,-0.348898579968148,-1.36301837536213,0.82543485972972,0.0585440603987303,1.82912145071451,1.01961267700953,0.464322611495901,1.61394561972428,0
"1058","DTXSID70889329",0.700484373373371,-0.129930497794318,0.192774320391736,0.395821537917264,-1.36724910973408,-0.445819932528448,-0.799529826876954,-0.80171108358828,-1.3693403992373,-0.639981679790637,-0.0879760603549498,-0.69851893531263,-0.17034651357626,-0.343863777292439,0.135190687465486,-0.490563539433066,-1.20699219932541,-0.114244548899016,-0.593899024179223,-1.20904256940198,0.543032332659778,-0.712382893105428,0.0380391827879463,-0.110739996033286,-1.12319708104108,-1.94974174377051,-1.26663510625362,-1.13156661009913,-1.12725579963811,-0.0240604408523525,0.0956569134527572,0.0240604408523525,1.94974174377051,0.663997726757136,0.502780939433147,1.30755732923156,0
"1059","DTXSID70893643",1.17378062793015,-0.238234913725702,0.343161898147541,0.882581624129626,-1.36724910973408,-0.740927471361285,-1.47882198658698,-1.37145736769064,-1.58535555927103,-1.55336944384345,0.198157553022542,-0.396460888889695,0.0841934091119823,-0.430069509743388,0.82351577327202,-0.490563539433066,-1.43379202943623,0.212954968363811,-0.593899024179223,-1.20904256940198,1.68486039225973,-0.712382893105428,0.0526159013034364,0.177250354032899,-1.46342764737006,-2.3370673506459,-0.880435619102612,-0.606027890789499,-0.828177874222729,0.452914096935765,0.0606633728000743,0.0526159013034364,2.3370673506459,0.860091642901416,0.58105959924578,1.60384792993601,0
"1060","DTXSID70936882",1.34588835685989,-0.972298177260638,1.09509978692657,-1.33301600966457,-1.36724910973408,-0.554257572732194,-1.86487016063482,-1.73378928628129,-1.81350355435698,-0.705849090231173,0.309562764354522,-0.237741912005435,0.360996123953714,-0.469255980142964,1.20859048821341,-0.490563539433066,-1.43379202943623,0.516979581379075,-0.593899024179223,-1.20904256940198,0.713984271413606,-0.712382893105428,0.2748881873679,0.381266285721851,-1.46342764737006,-2.21132922731919,-0.590623309442006,-0.447676467956648,-0.140927707704679,0.48486827348693,0.0285942381966073,0.140927707704679,2.21132922731919,0.901253979602338,0.564107001807355,1.62331094191575,0
"1061","DTXSID70938326",2.22256210109575,-2.42237396834195,1.9164473269775,2.27572256053053,-1.36724910973408,-0.779809385143708,-2.08874491236676,-2.14895415771205,-1.64010834691141,-1.29633538162472,0.306482525497334,-0.371174987675849,0.183036416814501,-0.443040824359177,1.01558634147811,-0.490563539433066,-1.43379202943623,0.995214063991182,-0.593899024179223,-1.20904256940198,2.33708566903079,-0.712382893105428,-3.0624183260662,1.11663858818995,-1.46342764737006,-3.35862844600061,-0.349616060314757,-0.229718429439071,0.196935222211263,1.76030753997427,0.0431164882163104,0.183036416814501,3.35862844600061,1.32624327981358,0.883644219533151,2.45730788081602,0
"1062","DTXSID70940080",0.130377521293609,1.04336734146234,-0.23525186245171,-1.01410422904268,-1.36724910973408,-0.980098483454884,-1.90417451668793,-1.72716625505767,-1.56388394163856,-2.12479383707125,0.288878377349041,-0.325969646889111,0.326281685490567,-0.456364050646816,0.966861097088655,-0.490563539433066,-1.20699219932541,-0.214596032031496,-0.593899024179223,-1.20904256940198,1.52655136080934,-0.712382893105428,0.141039835038756,-0.466521530166791,-1.46342764737006,-2.31040304044626,-1.22718350334265,-1.09873808056992,-1.02734518544979,-0.487785685924133,0.305105936114039,0.130377521293609,2.31040304044626,0.95437646939844,0.610895127771802,1.73632223294635,0
"1063","DTXSID70970504",1.76540094612613,-2.30203572841819,1.61567217146589,1.3022023881058,-1.36724910973408,-0.319816992249995,-1.70758734517616,-2.02711552002341,-1.42499641768412,-0.909280317799279,0.172325977888295,-0.457427863295965,0.106956206070637,0.447084215852135,0.793326758727897,-0.490563539433066,-1.43379202943623,0.869971370186713,-0.593899024179223,-1.20904256940198,2.39326920097613,-0.712382893105428,-3.0624183260662,0.869236142633003,-1.46342764737006,-3.91874204465893,-0.464998985081954,-0.35058469895645,-0.0527647897232421,1.25293756595456,0.039724089130283,0.0527647897232421,3.91874204465893,1.19521695952604,0.899165591910027,2.34614891717087,0
"1064","DTXSID70970842",1.92137357546871,-1.73042908878033,1.98585697824941,1.68825349096388,-1.36724910973408,-0.746313022266367,-2.11802922601269,-1.86077619982966,-2.00567446781405,-1.16942198953014,0.315311448309257,-0.357103781661176,0.227049845944236,-0.446755190233212,1.03722263373632,-0.490563539433066,-1.43379202943623,0.809233192833499,-0.593899024179223,-1.20904256940198,2.34437848650894,-0.712382893105428,-3.0624183260662,0.918604871271239,-1.46342764737006,-3.35862844600061,-0.621214254915587,-0.490350568864585,-0.583871677207372,1.5529950774716,0.0417552202427975,0.227049845944236,3.35862844600061,1.2873874217533,0.806667246516946,2.31992149729499,0
"1065","DTXSID70982703",1.70623891430654,-2.27796808043343,1.48842114413406,2.04073493270387,-1.36724910973408,-0.709467023101291,-1.96440659705041,-2.36467566698163,-1.71491324841763,-1.02981725822609,0.268603598594567,-0.4309199443611,0.0714688791692834,-0.427399771645393,0.924713913993521,-0.490563539433066,-1.43379202943623,2.36578009425036,-0.593899024179223,-1.20904256940198,2.36253675039979,-0.712382893105428,-3.0624183260662,2.55475168980366,-1.46342764737006,-3.35862844600061,1.35026617896207,2.38483104891866,2.41422181575347,3.33619400305854,0.0326210361866016,0.0714688791692834,3.35862844600061,1.59599113796641,0.924449097624302,2.77928598292551,0
"1066","DTXSID801015840",0.297106883694294,0.050576862091322,0.574527402387242,0.345467046240123,-1.36724910973408,-0.954679551058748,-2.15248135971379,-2.57733200531619,-1.90336959432272,-1.88930691763752,0.194649503212969,-0.34054942164391,0.382434427259492,-0.398240434722284,0.755950834379293,-0.490563539433066,-0.980192369214586,-0.311233618762238,-0.593899024179223,-1.20904256940198,2.09067292668551,-0.712382893105428,-3.0624183260662,-0.413064725240683,-1.11748764361985,-2.66335859610103,-1.73071834343525,-1.73075047481435,-0.744317953706074,0.0955728786745691,0.316270247007785,0.050576862091322,3.0624183260662,1.07098657452847,0.847826333478992,2.15620428138158,0
"1067","DTXSID801015852",-0.816214987819958,1.54878794914213,-0.674846320507141,-0.879825584570306,-1.36724910973408,-0.902731643822021,-1.54100941762362,-2.03936262884837,-1.35857570482969,-1.67425174268089,0.0635064408448995,-0.433525632131476,0.307046375679271,-0.385938411637348,0.474628167300036,-0.490563539433066,-0.753392539103765,-0.591139358996503,-0.593899024179223,-1.20904256940198,1.47250912959075,-0.712382893105428,-0.136094552083654,-0.780894155928488,-0.890407746184416,-1.58532950437554,-1.71934618796813,-1.50080179064507,-0.962703163384863,-0.637424756602758,0.586040076617924,0.0635064408448995,2.03936262884837,0.950114367605163,0.520752711077968,1.61667783778496,0
"1068","DTXSID801019359",0.528376644443632,-0.90611214530257,1.03725841086664,-0.208432362208427,0.661279649947178,-0.109958403552586,0.677417634571385,0.408054893174179,0.189724297770709,0.788216297396618,-0.946067366680702,-1.33307826567887,-1.11448027636335,-0.261523333945054,-0.934798328991472,-0.490563539433066,1.06100610178281,0.533179607018495,-0.593899024179223,-1.20904256940198,-0.549463598442481,-0.712382893105428,0.457027402069093,0.306478490707946,0.829690036903638,0.783472365041314,0.123437960369988,0.0281873507849098,0.00309428431704669,0.855848469544355,0.0126329445213981,0.00309428431704669,1.33307826567887,0.621385066799838,0.364483816025381,1.08792435131233,0
"1069","DTXSID801301120",-0.767809689058469,1.48260191718407,-0.605436669235231,-0.678407617861742,-0.352984729893449,-0.435111371046952,-0.714252552051059,-1.5210843916672,-0.97951333701269,-0.322559931009299,0.172978277517479,0.686831199759288,0.063257806343795,-0.424245091962236,-0.0804841311654315,0.757361253861575,-0.072993048771299,-0.682384883043846,-0.593899024179223,0.121591652786241,1.46235028290596,-0.712382893105428,-1.40957614502309,-0.422225256264172,-0.280795541526323,-0.810555977275219,-1.02600119745175,-1.23970819867898,-0.880202084172876,-0.770307368846017,0.608939613918198,0.063257806343795,1.5210843916672,0.684329784022013,0.430530639793732,1.23540900295799,0
"1070","DTXSID80147866",-0.385945665495609,1.15768866938991,-0.431912541055455,-0.628053126184601,-1.36724910973408,-0.724221303979313,-1.57046662179888,-1.96484122437631,-1.79628010696657,-1.27459326722535,0.0831779002001113,-0.451082615772313,0.130914370421669,-0.387021814638486,0.514816066362113,-0.490563539433066,-1.43379202943623,-0.405158487838821,-0.593899024179223,-1.20904256940198,1.29491346699905,-0.712382893105428,-0.19530242441985,-0.578524118712253,-0.995513298711673,-1.65871751409929,-1.56434904203406,-1.5385157650662,-0.70688048918971,-0.398158117548915,0.436972841863011,0.0831779002001113,1.96484122437631,0.888132572792551,0.546721193471413,1.58793570043596,0
"1071","DTXSID80147947",-1.25724104320242,2.44530783657415,-0.964053200806767,0.597239504625828,-0.52202879320022,-1.03093634824716,-1.42383400700553,-1.21384019047049,-2.18735437184391,-2.59576767593871,0.6099470285555,1.3323200561,1.5531921033397,-0.530932661313264,0.968758970442035,-0.490563539433066,-1.43379202943623,-0.995601270465467,-0.593899024179223,-1.20904256940198,-0.549463598442481,-0.712382893105428,-2.54546151250968,-0.739159813873278,-0.152073679665781,-1.07988997296141,-1.71887147448072,-1.59227779998901,-1.56932874582594,-1.08673165371853,0.721227671249659,0.152073679665781,2.59576767593871,1.19004311230513,0.636772200599013,2.00511152907187,0
"1072","DTXSID80164199",1.29748305809841,-0.84594302534069,2.13624455600522,-0.258786853885568,-0.352984729893449,-0.773037942531137,1.74692845797214,0.284819509992767,-0.279128004931225,-1.37981217376708,-0.560670044025924,-2.35819205402069,-1.61409614095098,8.34080130300613,0.337545663596296,-0.490563539433066,-0.072993048771299,0.444699243321612,-0.593899024179223,-1.20904256940198,-0.549463598442481,-0.712382893105428,-1.1859900910493,0.854487291688471,-0.9062384590342,-0.952113293809046,-0.274148527328172,-0.130217808131341,-0.94220169472114,0.864031856222092,0.0161189583820089,0.072993048771299,8.34080130300613,1.09163154855522,1.48485291834805,2.99224328404072,0
"1073","DTXSID80165984",-0.342918733263175,1.1637055813861,-0.964053200806767,-1.03088905960173,-1.36724910973408,-0.619312108165541,-1.06423911300932,-1.05032975120922,-0.0197618070438431,-1.0367053627029,0.204004302705167,-0.149362600611169,0.630912969773918,-0.4850817049181,1.11708305372703,-0.490563539433066,-1.43379202943623,-0.865266867601875,-0.593899024179223,-1.20904256940198,0.104967989603095,-0.712382893105428,0.21239703978449,-0.98474097395792,-1.46342764737006,-1.10757356107387,-0.869082811959205,-0.415324091534012,-0.880202084172876,-0.742250043093774,0.480000465039072,0.0197618070438431,1.46342764737006,0.777684054145505,0.408696164140292,1.30081514424508,0
"1074","DTXSID80168374",1.49648261967342,-1.41754966497855,1.66194527231383,1.99038044102673,-1.36724910973408,-0.867615195051328,-1.72757171073357,-2.16945279993629,-2.02785008136737,-1.59239449841951,0.194649503212969,-0.544719861856817,-0.0970701137586945,-0.398240434722284,0.587187754765081,-0.490563539433066,-1.43379202943623,0.319990511515853,-0.593899024179223,-1.20904256940198,2.60382622311884,-0.712382893105428,-3.0624183260662,0.430201357765113,-1.46342764737006,-3.35862844600061,-0.835604898686422,-0.786778328485769,-1.00638020532062,0.962622181434832,0.0644584560158445,0.0970701137586945,3.35862844600061,1.24699724142903,0.827832173427009,2.3066224234156,0
"1075","DTXSID80168596",0.146512620880772,0.935062925530958,-0.455049091479426,-1.31623117910553,-0.352984729893449,-0.962849922186078,-0.659065844286387,-0.509191184920265,-0.837868221714374,-1.96499914174122,-0.323520491676814,-0.648967281138199,-0.455126175725934,-0.277743266699329,-0.671657451093602,-0.490563539433066,-0.526592708992943,-0.254438178667352,-0.593899024179223,1.02277199098402,1.3703742705905,-0.712382893105428,-0.343881727273534,-0.374161906226489,-0.258476831606955,-0.969481789443668,-1.28575335691618,-1.31194532880628,-1.16144662639432,-0.101607771750911,0.149910085628777,0.101607771750911,1.96499914174122,0.70982024908144,0.441599018562534,1.27506699284148,0
"1076","DTXSID80169528",2.22256210109575,-2.68711809617422,1.6850818227378,2.04073493270387,-1.36724910973408,-0.768255324963646,-2.08874491236676,-2.08026176187058,-1.8736235184381,-1.1892958727912,0.306482525497334,-0.371174987675843,0.191709655240502,-0.443040824359177,1.01558634147811,-0.490563539433066,-1.43379202943623,1.06391399614658,-0.593899024179223,-1.20904256940198,2.33267304648175,-0.712382893105428,-3.0624183260662,1.11787379647352,-1.46342764737006,-3.35862844600061,-0.233059058268572,-0.0882569357742686,-0.113229266144512,1.79849667780371,0.0409269138908885,0.0882569357742686,3.35862844600061,1.31341930130709,0.900854050150323,2.4665124854995,0
"1077","DTXSID80173105",-0.00946000846180428,0.59811585374443,-0.408775990631485,0.110479418413465,-0.352984729893449,-0.357821629804151,-0.266943724751893,-0.439195921771622,0.0943836176926001,-0.318359695623541,-0.352198910859087,-0.710988247071831,-0.207282120524143,-0.315547224096168,-0.0464363747513094,-0.490563539433066,-0.299792878882121,-0.565008593684653,-0.593899024179223,-1.20904256940198,0.291051786826037,-0.712382893105428,0.249000282582577,-0.300131098690846,-0.190223102434933,-0.573268079168402,-0.749984145875347,-0.688773392158125,-0.882532260323198,0.11817461330832,0.202752895390952,0.00946000846180428,1.20904256940198,0.416760057604841,0.271066444310967,0.763725106322879,0
"1078","DTXSID80176595",0.549890110559849,0.20701657399221,0.0308184674239455,-0.594483465066507,-1.36724910973408,-0.671011962534888,-1.96698180268098,-2.05487715353131,-2.07793353439885,-1.04192989787783,0.396749451483898,-0.0296022302885106,0.154166248717484,-0.503166304246007,0.89190387386532,-0.490563539433066,-1.43379202943623,0.337248926117003,-0.593899024179223,0.416920418425755,1.37708410113323,-0.712382893105428,-0.308413168239334,0.461539664518378,-1.46342764737006,-2.76031231116941,0.0705438048362601,0.745247852987097,-0.128471662411889,0.450575986456411,0.0700044597403209,0.0296022302885106,2.76031231116941,0.809606773874014,0.701489269733074,1.70751303913235,0
"1079","DTXSID80176833",-0.127784072101,1.1155702854166,-0.23525186245171,-1.09802838183792,-1.36724910973408,-1.03093634824716,-1.59189004301725,-0.784090237052984,-0.826248457282976,-2.59576767593872,0.0977176745061356,-0.463851331147472,0.412228503751311,-0.387995422632508,0.544957224407378,-0.490563539433066,-1.20699219932541,-0.219177616681138,-0.593899024179223,-1.20904256940198,1.28995546413496,-0.712382893105428,0.0498357961703646,-0.660490254630073,-1.06921694542214,-1.76358082577124,-1.42742688560263,-1.26454874550038,-1.02734518544979,-0.542731282188941,0.319379926810436,0.0498357961703646,2.59576767593872,0.873558528550731,0.568814913558325,1.60164161790539,0
"1080","DTXSID80186250",0.313241983281457,0.562014381767302,-0.37407116499553,0.1944035712087,-1.36724910973408,-0.796137150716395,-0.998395944846231,-1.23055951996329,-1.62728122370765,-1.50254428029581,-0.0577425698950392,-0.665561991000668,-0.212362255176521,-0.335787699304081,0.176991649758147,-0.490563539433066,-1.43379202943623,-0.236145212693704,-0.593899024179223,-1.20904256940198,2.05100890377279,-0.712382893105428,-1.44111586771546,-0.0876494675034819,-1.12086140209603,-2.39940638779458,-1.30646961312152,-1.3422255210134,-1.46662249762983,-0.313986140292189,0.229930316546272,0.0577425698950392,2.39940638779458,0.88731718549466,0.623227851799197,1.68504883579763,0
"1081","DTXSID80188254",-0.730161123355088,1.90980266891341,-0.721119421355081,-1.33301600966457,-1.36724910973408,-0.673969540930578,-1.60640227594928,-2.1479629474857,-1.53654285023703,-0.998344035230005,0.413467634951802,0.192963590247329,0.686871217329197,-0.48852275324627,1.7524811136759,-0.490563539433066,-1.43379202943623,-0.619215271589366,0.692130966968191,-1.20904256940198,1.12431769498158,1.50888402122538,0.121434068860245,-0.518267593159485,-1.46342764737006,-2.08493876612827,-1.28990699177007,-1.22833253361929,-1.00638020532062,-0.747315949132374,0.616185706284155,0.121434068860245,2.1479629474857,1.06989420469005,0.547091023332702,1.77017071455591,0
"1082","DTXSID8020040",2.0881029378694,-2.30203572841819,2.85347761914829,2.76248264674289,-1.36724910973408,0.138410039797496,2.78623277744723,1.92505912092217,1.75506282665364,0.0169713287861736,-1.1447264881417,-1.79282237576823,-1.64409317836654,0.459763843312578,-1.2346299745671,-0.490563539433066,-0.526592708992943,1.03978082081205,-0.593899024179223,-1.20904256940198,2.80611641256843,-0.712382893105428,-2.68269861616919,0.239975976587406,0.0423067125389496,-2.20553972877432,0.884145869968197,1.27369254353975,-1.30479691787578,0.412386848626971,0.013578305893887,0.0169713287861736,2.85347761914829,1.35650137260831,0.906380780494439,2.51666877164119,0
"1083","DTXSID8020173",-0.848485186994284,1.5668386851307,-0.223683587239725,-1.28266151798743,-1.36724910973408,-1.04840132406419,-0.643762471545436,0.850061740260988,-1.21093763954051,-3.25203461431036,0.525191025222459,0.850485570298608,2.67395864741446,1.020243622141,4.05033169732404,-0.490563539433066,-1.43379202943623,-0.737063545215276,-0.593899024179223,-1.20904256940198,1.69568536517966,-0.712382893105428,-1.62216136594079,-1.14105916951883,-1.46342764737006,-2.39553313172582,-1.04775441119019,-0.606462587095603,-1.00638020532062,-0.882146986775093,0.537296004005864,0.223683587239725,4.05033169732404,1.2817226970032,0.83945630417729,2.35622676635014,0
"1084","DTXSID8020256",-0.138540805159109,0.754555565645318,-0.293093238511635,-1.28266151798743,-1.36724910973408,-0.694050543094325,-0.741356159223567,-0.656887488950808,-1.29970183838155,-1.02722976045108,-0.261340092290039,-0.890063252866911,-0.385458319400845,-0.286622692756286,-0.256654196418052,-0.490563539433066,-0.980192369214586,-0.175178194483901,-0.593899024179223,-1.20904256940198,0.873483223551385,-0.712382893105428,0.177400916614039,-0.447874562138015,-0.723536461554721,-1.40536579608628,-1.3396288662373,-1.31400755672048,-1.11120510596644,-0.522857343114436,0.242735957290627,0.138540805159109,1.40536579608628,0.74706943342241,0.410512436305636,1.27252535189362,0
"1085","DTXSID80208123",0.237944851874696,0.0686275980798858,1.16450943819848,0.546885012948687,-1.36724910973408,-1.04840132406419,-2.08874491236675,-1.09763969596562,-2.50501285678593,-3.25203461431036,0.194649503212969,-0.371174987675843,0.373926666797171,-0.398240434722285,0.755950834379301,-0.490563539433066,-1.43379202943623,-0.193952679759957,-0.593899024179223,-1.20904256940198,-0.549463598442481,-0.712382893105428,-3.0624183260662,-0.249231106055515,-1.16264410322415,-2.51454402082785,-1.5456155570165,-1.26914595570205,-1.56932874582594,0.0507590944869603,0.256889839394814,0.0507590944869603,3.25203461431036,1.06925916946933,0.878630011414219,2.19390558407953,0
"1086","DTXSID8021145",-0.143919171688163,0.910995277546206,-0.30466151372362,-0.946964906806494,-0.352984729893449,-0.378787794510112,-0.199827217232322,-1.09410899495266,-0.584717219707786,-0.23280099287088,-0.454358684779048,-0.694549941331194,-0.182320814649522,-0.293901826931472,-0.122185606352943,-0.490563539433066,-0.072993048771299,-0.465605846603452,-0.593899024179223,-1.20904256940198,0.916717008526251,-0.712382893105428,-1.49887842566544,-0.478348783826528,0.166097696626608,-0.984240933621446,-0.911339384492237,-0.856307066536426,-1.11120510596644,-0.349837167642276,0.257932460588875,0.072993048771299,1.49887842566544,0.590484772912466,0.377032342474596,1.07308617127995,0
"1087","DTXSID8021802",1.81918461141668,-2.35017102438769,1.70821837316177,1.10078442139724,-1.36724910973408,-0.809413798764793,-1.3148023374385,-2.03679215752079,-1.68617244838749,-1.35051190237417,0.0597920351641736,-0.743056860920779,-0.409914863507825,-0.349759253436624,0.201443572789717,-0.490563539433066,-1.43379202943623,0.574671314828937,-0.593899024179223,-1.20904256940198,2.6999123186249,-0.712382893105428,-3.0624183260662,0.765331921857383,-1.46342764737006,-3.35862844600061,-0.133290086922103,0.186986902466817,-0.928580474372553,1.27359087518885,0.0365866746847731,0.0597920351641736,3.35862844600061,1.20645950465522,0.859288804581055,2.30634917451897,0
"1088","DTXSID8022036",-0.122405705571946,0.646251149713934,-0.0154546334239946,-1.36658567078267,-1.36724910973408,-1.04840132406419,-0.847022111171066,-0.714102455610021,-1.92253286718952,-3.25203461431036,-0.0577425698950392,-0.853062175258695,-0.489098972927598,-0.335787699304081,-0.0758380333102922,-0.490563539433066,-1.20699219932541,-0.145896099876095,-0.593899024179223,-1.20904256940198,1.27260245411064,-0.712382893105428,0.285473015240835,-0.267197726432584,-1.46342764737006,-2.45685289096167,-1.25200394708367,-1.14771554341281,-1.5732903822827,-0.37828417847441,0.24476231470151,0.0154546334239946,3.25203461431036,0.918973106765268,0.743143995972195,1.87019742160968,0
"1089","DTXSID80226943",0.673592540728099,0.08667833406845,1.06039496129061,-0.325926176121756,-1.36724910973408,-1.03093634824716,-0.414214613885629,-1.41286615940351,-1.52762570007742,-2.59576767593871,-0.460372484452605,-1.17579213160578,-0.772412135252847,-0.219527916972844,-0.72711865313961,-0.490563539433066,-0.980192369214586,-0.129834332254197,-0.593899024179223,-1.20904256940198,2.14768995962255,-0.712382893105428,-3.0624183260662,-0.466769202804524,-0.751564608895323,-2.44417307372607,-1.31072075006996,-1.03713868959012,-1.44676884116992,-0.075888556478022,0.106888900584228,0.075888556478022,3.0624183260662,1.02365072256434,0.751461658205076,1.98552164506684,0
"1090","DTXSID8024739",1.94288704158493,0.580065117755866,2.03213007909735,2.96390061345145,-1.36724910973408,-0.762768832431872,-1.0052253074672,-0.8651275827755,-1.09317786597258,-1.17750432866574,-0.158054643991571,-0.891809610218742,-0.398931914187677,-0.284245112749564,-0.13849348757607,-0.490563539433066,-1.20699219932541,0.779951098225694,-0.593899024179223,-1.20904256940198,2.05628259988047,-0.712382893105428,-3.0624183260662,0.851873400376245,-1.09205469510708,-2.45933992906898,-0.944958135242088,-1.07390197886943,-0.978172115737111,1.14811227946354,0.0475248610200559,0.13849348757607,3.0624183260662,1.1440505143714,0.746333765120159,2.09935773372521,0
"1091","DTXSID8024862",-0.0632436737523479,0.640234237717746,-0.466617366691411,-0.0909385482950982,-0.352984729893449,-0.425253912075534,-0.383156556452472,-0.699435687466786,-0.583411819066288,-0.498901284468329,-0.373232661280047,-0.676570331794271,-0.0606804575915347,-0.296875940272005,-0.0407109770904575,-0.490563539433066,-0.299792878882121,-0.426164171466628,-0.593899024179223,-1.20904256940198,0.918501889557324,-0.712382893105428,-1.46104415109816,-0.309040440415301,-0.0936817060395266,-0.995330677313037,-1.02261081162293,-1.12731962731126,-1.05716043400718,-0.306192438694343,0.196320311800037,0.0407109770904575,1.46104415109816,0.555832514547843,0.372687440505763,1.03287243839522,0
"1092","DTXSID8025751",-1.63372670023622,2.6197982844636,-1.12600905377456,-1.26587668742839,-1.36724910973408,-1.04840132406419,-2.18199486072629,-2.64421374271629,-1.81034996937473,-3.25203461431036,1.53710867720694,3.28877942564002,1.78065952227203,-1.06795032316163,2.04643840367417,-0.490563539433066,-1.43379202943623,-1.82462971615838,-0.593899024179223,2.10668492133354,-1.33778605383281,-0.712382893105428,-0.38805073170642,-1.70937173654352,-1.46342764737006,-0.946486879730224,-1.68709968745699,-1.52349910497433,-1.21603000661226,-1.41250838050845,0.718059141788848,0.38805073170642,3.28877942564002,1.58389343503881,0.715798654084857,2.50011571226743,0
"1093","DTXSID8026193",0.786538237838241,-0.400691537622778,1.80076457485765,2.02395010214482,-0.352984729893449,-1.04840132406419,3.12465337642958,2.39581683846054,1.37708857408712,-3.25203461431036,-1.44738923382372,-1.76360227586482,-1.61137883076022,0.210831679298463,-1.28469150022203,-0.490563539433066,-0.072993048771299,0.336200072190964,-0.593899024179223,-1.20904256940198,-0.549463598442481,-0.712382893105428,-2.74821850246997,-0.471484424276999,2.61466779068753,-0.659458219477305,-0.0172477595552588,0.689555345853244,-1.3412375268281,-0.00535555701752418,0.00832848224832711,0.00535555701752418,3.25203461431036,1.17975291004561,0.935206548795022,2.37681729250324,0
"1094","DTXSID8026224",-1.66599689941055,1.84361663695535,-1.14914560419853,1.26863272698771,-1.36724910973408,-0.382029480017966,-2.39863414790285,-1.8524485182032,-1.44153771379623,-0.532028405012666,0.66158421412185,0.664185183196958,1.8015103626889,-0.667397343885438,3.18792355278747,-0.490563539433066,-1.43379202943623,-1.25348107825296,-0.593899024179223,-1.20904256940198,0.774481012891378,-0.712382893105428,-1.5687312106475,-0.692373104193278,-1.46342764737006,-1.7004263662923,-0.292953430734459,0.212725824289167,0.828055555981207,-1.42147113734597,0.610621104830958,0.212725824289167,3.18792355278747,1.18439087741513,0.667343680306532,2.03859078820749,0
"1095","DTXSID8026519",1.75464421306803,-1.62814158484513,1.28019219031833,0.110479418413465,-0.352984729893449,-0.267317415904156,-0.994601854501234,-1.29347867640176,-0.702242266279454,0.145944817343639,-0.0554038700219938,-0.539868869212838,-0.00274184537354654,-0.36021574452833,0.432194835196568,-0.490563539433066,-0.526592708992943,0.974232217952603,-0.593899024179223,-1.20904256940198,0.240222536637407,-0.712382893105428,0.514287492184624,0.772045689333878,-0.854594002360313,-0.588964959025984,0.296278944378612,0.242203951247771,1.41419003313574,1.53545924887644,0.0175185888164867,0.00274184537354654,1.75464421306803,0.696180404718265,0.495258725677248,1.33011157358514,0
"1096","DTXSID8026694",0.829565170070676,-0.803824641367374,0.643937053659152,-0.409850328916991,-1.36724910973408,-0.602624948929155,-1.90473100092874,-2.0242064160577,-1.38575108321559,-0.853173568155665,0.341882119050586,-0.148619281403429,0.475160986806756,-0.489495536180289,1.34263106390909,-0.490563539433066,-1.43379202943623,0.0277369000614285,-0.593899024179223,-1.20904256940198,0.742096147652997,-0.712382893105428,-0.0204200442103699,-0.0986551009855976,-1.46342764737006,-2.22384596008874,-1.06806065345339,-0.976426842524521,-0.0527647897232421,0.193773518807417,0.0942069730767928,0.0204200442103699,2.22384596008874,0.830986332293965,0.605024739081805,1.60541799831868,0
"1097","DTXSID8026698",-0.020216741519913,0.0325261261027581,-0.975621476018752,-0.342711006680803,-1.36724910973408,-0.0833104586679545,-1.00749668116601,-1.10240602394923,-0.679764582627834,0.708842384311991,0.252958559458233,0.468773252723218,1.16245712126679,1.04699716556576,1.80535994210151,-0.490563539433066,-1.43379202943623,-1.52952036151443,3.04177450806537,-1.20904256940198,1.5777840570716,2.42743553417626,-1.5078246945571,-0.546248963043071,-1.46342764737006,-2.4927722446098,-0.161500518714428,0.659447018857231,-0.540491758005871,-1.24611285139446,0.241907361871106,0.020216741519913,3.04177450806537,1.04614763091819,0.748906818530236,2.0047483586369,0
"1098","DTXSID8026727",0.506863178327414,0.29727025393503,-0.455049091479426,-1.26587668742839,-1.36724910973408,-0.631246337688685,-1.66197396202475,-1.39621063669558,-1.54606215210074,-1.02047315197499,0.117772535617893,-0.254746675190123,0.22878239034184,-0.389579390585021,0.329817360604378,-0.490563539433066,-0.980192369214586,-0.199201716907985,-0.593899024179223,1.43627428009366,-0.191096115914089,-0.712382893105428,-0.588082233647907,-0.310754013059194,-0.902864700558016,-2.12012423967917,-1.10422093671886,-1.01363730165909,-0.300328188573991,-0.223579201757186,0.160622945128723,0.117772535617893,2.12012423967917,0.754539122274326,0.532327957320328,1.43591890764435,0
"1099","DTXSID8026729",-0.644107258890219,0.736504829656754,-0.848370448686916,-1.41694016245981,-1.36724910973408,-0.376640664450807,-1.53104993046804,-2.03172970604502,-0.9262482860614,-0.175255179454159,0.293929969074829,-0.10358118743844,0.492411085866887,-0.50112806482624,1.28129992298301,-0.490563539433066,-1.43379202943623,-0.501219204910242,-0.593899024179223,-1.20904256940198,0.154829814937394,-0.712382893105428,0.0286229103642167,-0.834900430428544,-1.46342764737006,-1.40520271162022,-1.06950691927806,-0.653505996709688,-0.300328188573991,-0.297229681856822,0.46703204772395,0.0286229103642167,2.03172970604502,0.795829978923393,0.516817831639372,1.45735680342179,0
"1100","DTXSID8027329",1.65783361554505,-1.27916068906623,1.82390112528162,1.55397484649151,-1.36724910973408,-0.746313022266366,-1.97665667737715,-2.50313626334299,-1.78224487812329,-1.16942198953014,0.194649503212969,-0.425033741732011,0.0864370306211775,-0.398240434722284,0.755950834379302,-0.490563539433066,-1.20699219932541,0.432689865868493,-0.593899024179223,-1.20904256940198,2.02188063694626,-0.712382893105428,-3.0624183260662,0.460335769392614,-1.24724758501152,-2.79419310899188,-0.906598685009382,-0.874022110015905,0.303931052752113,1.00003194910449,0.0482280450736437,0.0864370306211775,3.0624183260662,1.16788110253434,0.770879146020983,2.1546064094412,0
"1101","DTXSID8027371",1.356645089918,-0.66543566545505,1.77762802443368,2.76248264674289,-0.352984729893449,-0.981203654428629,-0.695648277495901,0.0552866517099545,-0.93687683271096,-2.13503239878576,-0.344780368982211,-1.04056235951672,-0.572260339746795,-0.240676595543883,-0.442611445329858,-0.490563539433066,-0.526592708992943,0.452861233873316,-0.593899024179223,-1.20904256940198,-0.549463598442481,-0.712382893105428,-3.0624183260662,0.896588262561227,-0.822154017012394,-1.56453623495381,-0.464180995808738,-0.254920208923376,-1.26970035574292,1.78290927460802,0.0197536230652498,0.0552866517099545,3.0624183260662,0.967077610793296,0.731909729861348,1.90392206501582,0
"1102","DTXSID8027373",1.76540094612613,-1.11670406516915,1.88174250134155,1.20149340475152,-0.352984729893449,-0.608243632713613,-0.678406230403768,0.120490013691332,-0.780750923977771,-0.885486455744678,-0.262462668229105,-0.91210644803777,-0.374123512157849,-0.273902638492018,-0.20852380945868,-0.490563539433066,-0.980192369214586,0.593121608891491,-0.593899024179223,-1.20904256940198,1.14158975802036,-0.712382893105428,-1.40918591287201,1.30306150540128,-0.895857663722866,-1.49208596090985,-0.183634288127773,-0.17797123979884,-0.94177383798381,1.39322419471577,0.0190868596662761,0.120490013691332,1.88174250134155,0.831346944865557,0.488518069981647,1.45665007444206,0
"1103","DTXSID8027456",2.64207469036199,-3.12033575989975,0.447276375055406,1.016860268602,-0.352984729893449,-0.526698423148995,-1.40295051942241,-1.47464715478926,-1.21023862323591,-0.448083793918403,0.0819150022686645,-0.514281063830587,-0.0786623220024791,-0.374785233421632,0.467856321297746,-0.490563539433066,-0.753392539103765,3.99869309651837,-0.593899024179223,-0.281762750336273,0.276677288590346,-0.712382893105428,0.506084319609933,3.89607021589649,-1.20624344353175,-1.57998848811231,2.47059955849681,3.58247557377282,3.17919381588498,4.58279657363386,0.0445285302131748,0.0786623220024791,4.58279657363386,1.40901578004514,1.34531774900355,3.13102249876968,1
"1104","DTXSID8027589",-0.778566422116578,1.78946442898965,-0.663278045295156,-1.43372499301886,-1.36724910973408,-0.68552360111064,-2.30522428384298,-2.51595362793571,-1.98030836034882,-1.10538354406352,0.566513408031478,0.375703347673862,0.818996628966379,-0.597818544356378,1.72585613511094,-0.490563539433066,-1.43379202943623,-0.837991898007076,-0.593899024179223,1.29072396119934,0.461968985831905,-0.712382893105428,-0.537945795425316,-0.701720851006309,-1.46342764737006,-2.43540728367573,-1.37435274188752,-1.37394087186321,-0.449497920639709,-0.770307368846016,0.626888213992419,0.375703347673862,2.51595362793571,1.1212495764167,0.625558386012926,1.92196431051325,0
"1105","DTXSID8027959",-0.289135067972631,1.62700780509258,-0.744255971779051,-0.594483465066507,-1.36724910973408,-0.597605816725162,-2.17219325213861,-2.22822633390084,-1.62253940927626,-0.927417333735828,0.527572916751957,0.311729251777498,0.838530842709697,-0.582017290545746,1.84340293130303,-0.490563539433066,-1.43379202943623,-0.644859750080962,-0.593899024179223,1.13856759945614,0.279878067310088,-0.712382893105428,-0.474770365708534,-0.383778706803675,-1.46342764737006,-2.2002394836276,-0.823446532807568,-0.880504035515012,0.196935222211263,-0.665092397275108,0.454306980417108,0.196935222211263,2.22822633390084,0.955183469760981,0.608048710213715,1.73348581883454,0
"1106","DTXSID8029153",0.727376206018643,-0.496962129561786,0.331593622935556,-0.409850328916991,0.661279649947178,-0.0372126727859073,0.573900783424597,-0.205990667397944,-0.465543711459506,0.858361775356312,-0.947128625446619,-1.31816320124091,-1.08964055715681,-0.245693242560799,-0.936789838110804,-0.490563539433066,0.834206271671988,-0.128303959025753,-0.593899024179223,-1.20904256940198,0.123197756664499,-0.712382893105428,0.292024214280771,0.110830471963519,0.742491356288432,0.132479947675069,-0.0432834160179573,0.138903680031528,-0.307547534348496,1.0900492025596,0.0228383539200208,0.0372126727859073,1.31816320124091,0.541823094965589,0.372836684037946,1.01905405053416,0
"1107","DTXSID8029317",0.458457879565925,0.483794525816858,0.505117751115331,-0.493774481712225,-1.36724910973408,-0.59204947125319,-1.90712927969413,-1.87933377213401,-2.03303111131514,-0.948762911541298,0.270640530742061,-0.158381638180597,0.106731179783356,-0.445036719084981,0.675771260757944,-0.490563539433066,-1.20699219932541,-0.126683002958241,-0.593899024179223,0.549523888904805,1.33566825054187,-0.712382893105428,-0.349707125944221,0.0537435769888632,-1.20131256575887,-2.36854265259409,-1.11729009293056,-1.14014742146643,-0.798591201081868,0.185200447049787,0.210532255460179,0.0537435769888632,2.36854265259409,0.818516983489795,0.61837420922238,1.61003597129444,0
"1108","DTXSID8029606",-1.12278187997606,1.92183649290579,-0.605436669235231,-0.846255923452212,-1.36724910973408,-1.04840132406419,-1.4979565807521,-1.32886165813806,-2.34059159095997,-3.25203461431036,0.0354043560517425,-0.407865425271781,0.461436237340988,-0.384857162734664,0.41836571266991,-0.490563539433066,-1.20699219932541,-0.777120230154185,-0.593899024179223,-1.20904256940198,-0.549463598442481,-0.712382893105428,-0.30299392541374,-1.00849452280072,-0.729764938741521,-1.52706757887818,-1.69467450689491,-1.52796640448466,-1.21603000661226,-0.864611158179942,0.677353996464244,0.0354043560517425,3.25203461431036,1.04834672778816,0.672961793849415,1.90973782391541,0
"1109","DTXSID80334916",1.356645089918,-0.767723169390246,1.24548736468237,1.18470857419247,-1.36724910973408,-0.682556403220035,-1.72757171073357,-1.51056475943813,-1.73900162590678,-1.05732417986356,0.0308940062965761,-0.544719861856811,0.154476263483848,-0.340158866453714,0.41842467515086,-0.490563539433066,-1.20699219932541,0.290708416908048,-0.593899024179223,-1.20904256940198,1.96037661141722,-0.712382893105428,-3.0624183260662,0.0758405219893927,-0.99992513671899,-2.29295300257861,-1.21885067593025,-1.14860650860926,-0.545150642479019,0.444730710258028,0.0378541695727061,0.0308940062965761,3.0624183260662,1.01266488129071,0.691437079535634,1.89770434309632,0
"1110","DTXSID80337881",0.727376206018643,0.399557757870226,-0.177410486391785,0.664378826862016,-1.36724910973408,-0.840294355276137,-2.26896476999125,-1.66800412799228,-2.5529641554426,-0.829615780185729,0.426012028781663,-0.0629644204061662,0.680724481719387,-0.51119746291607,1.5906217414556,-0.490563539433066,-1.43379202943623,-0.0448199540310803,-0.593899024179223,-1.20904256940198,1.22798042833383,-0.712382893105428,-1.44424975098935,0.0875088798447598,-1.46342764737006,-2.81025692889808,-0.950517813602168,-0.797619325344765,-1.28448708458504,-0.11875391526617,0.174816737190097,0.0448199540310803,2.81025692889808,0.981221249828829,0.716661010837053,1.89854734370026,0
"1111","DTXSID80339805",-0.428972597728044,1.59090633311545,-0.512890467539351,0.446176029594405,-1.36724910973408,-1.03093634824716,-2.19851252661185,-1.19963545841581,-2.04091002930894,-2.59576767593871,0.318634863918328,0.038614044723718,0.897944473489463,-0.474925450326467,1.45463255979136,-0.490563539433066,-1.20699219932541,-0.676044084309171,-0.593899024179223,-1.20904256940198,-0.549463598442481,-0.712382893105428,-1.6250507090985,-0.475259730006711,-0.999406096953423,-1.85922986511121,-1.62076366337779,-1.44740812154717,-1.44042080955721,-0.711854606862178,0.589908862338086,0.038614044723718,2.59576767593871,1.07381631597314,0.625538867008706,1.87450606574428,0
"1112","DTXSID8035423",0.942510867180817,-0.496962129561786,1.23391908947039,1.65468382984579,-1.36724910973408,-0.930008234321322,-0.122357481252753,-0.136954150904879,-0.798014164663897,-1.66074608406948,-0.687110864798385,-1.31603041377222,-0.962315498306398,-0.190976212953703,-0.921262487712646,-0.490563539433066,-0.072993048771299,0.00674551898715851,-0.593899024179223,-1.20904256940198,-0.549463598442481,-0.712382893105428,-3.0624183260662,0.0237388907471395,-0.336073276559177,-1.24256672784907,-0.836730275278161,-0.674905216243567,-1.16491169086522,0.212868087722137,0.0280255935505072,0.00674551898715851,3.0624183260662,0.820346776739995,0.639200728940872,1.63852370978431,0
"1113","DTXSID80362810",-0.326783633676012,-0.54509742553129,-0.3972077154195,-0.460204820594132,0.661279649947178,0.141099995197443,0.726259187170194,0.47234789427517,0.3304090278084,0.861861567616427,-0.695493019374471,-0.919753821753561,-0.650472513160884,0.369500779438702,-0.555696666335085,-0.490563539433066,0.380606611450345,-0.286342408090249,-0.593899024179223,-1.20904256940198,0.948844867085555,-0.712382893105428,0.383722961742023,-0.220580038842893,0.797769091321286,-0.0273020579401572,-0.456442215151617,-0.514228655905022,-0.271218803815919,0.291584473860373,0.112179492971183,0.0273020579401572,1.20904256940198,0.523266597620786,0.260723054389782,0.856992107239707,0
"1114","DTXSID8037708",0.264836684519968,1.10353646142422,-0.663278045295156,0.681163657421062,-1.36724910973408,3.48865613566286,1.52587390122815,0.985596931049213,1.37558185618291,1.43339846781315,8.47484169247063,5.09947090033757,6.20083235270812,-0.171314272589182,0.462016998275419,-0.490563539433066,-1.43379202943623,0.828298496698136,-0.593899024179223,2.57352421731057,-0.549463598442481,-0.712382893105428,0.647737868305525,1.9018772762912,-1.46342764737006,2.23732960878547,2.10201779057008,3.43204195701092,-0.41159595424879,1.09394605335852,0.00631834185770542,0.171314272589182,8.47484169247063,1.79231818070858,1.88590190755276,4.20627262237611,1
"1115","DTXSID8040145",-0.913025585342937,-0.196116529752386,0.239047421239676,0.966505776924861,0.492235586640407,0.161973548151697,1.67519434488757,1.50236243701585,1.55814863856899,0.404748774529421,-0.975365256892963,-0.933130933551819,-1.28604276822239,-0.512752856542815,-0.620629005530409,-0.490563539433066,0.380606611450345,-0.424748218666478,-0.593899024179223,-1.20904256940198,-0.549463598442481,-0.712382893105428,-0.096952032941934,-0.241820885581647,1.75591649855742,0.705640303617618,-0.176658227542451,0.0394509788922503,-0.462763468500363,1.265797173591,0.136626108514511,0.0394509788922503,1.75591649855742,0.718099516256596,0.495809973091181,1.35273628181331,0
"1116","DTXSID8040567",1.49110425314436,-0.90611214530257,1.23391908947039,0.865796793570579,-1.36724910973408,-0.568758359397307,-1.43863314942703,-1.10557192152829,-1.50542609184202,-0.583676474830003,-0.158054643991571,-0.683555761201583,0.0223813269988012,-0.284245112749564,0.0808985159224199,-0.490563539433066,-0.753392539103765,0.148726967947603,-0.593899024179223,-1.20904256940198,1.65228631344266,-0.712382893105428,-3.0624183260662,0.0191463446735622,-0.714712785540087,-1.58700112015258,-1.26089222244738,-1.27335816892615,-0.545150642479019,0.473957091249947,0.0257896994916012,0.0191463446735622,3.0624183260662,0.893077109908641,0.645529544824695,1.71935492728425,0
"1117","DTXSID8040694",0.652079074611882,-0.0878121138210021,0.748051530567017,-1.26587668742839,-0.352984729893449,-0.332839301545815,-0.593298297131035,-1.29930988562427,-0.851700317468599,0.209646037225614,-0.310134643003044,-0.732696507191703,-0.237012984648409,-0.301177922279247,-0.0650680635151576,-0.490563539433066,-0.299792878882121,-0.157195117170217,-0.593899024179223,-1.20904256940198,0.560196129105403,-0.712382893105428,0.205673922675542,-0.206536108186086,-0.28676449883034,-0.760733672896091,-0.827691519788649,-0.826321223826236,-0.363454148026266,0.482919848087468,0.0568305834787098,0.0650680635151576,1.29930988562427,0.534095172984958,0.339189658370045,0.968257935698616,0
"1118","DTXSID8042503",0.404674214275381,1.50666956516882,0.447276375055406,0.1944035712087,-1.36724910973408,-0.570034966931401,-2.09963087120895,-2.06956003095014,-1.15837664139834,-0.827997558082289,0.505939310485556,0.276834290379478,0.849152143111045,-0.573525200921408,1.90830247020341,-0.490563539433066,-1.43379202943623,-0.120289761527263,-0.593899024179223,1.03516872457994,0.289099952637296,-0.712382893105428,-0.382966671590266,-0.102714941190675,-1.46342764737006,-2.04253680495455,-0.321416647099969,-0.403026731235952,0.857173583938379,-0.17408919661087,0.283899499286304,0.102714941190675,2.09963087120895,0.839405815600119,0.624193249855035,1.63837317541456,0
"1119","DTXSID8044202",0.888727201890273,-1.26110995307766,0.215910870815706,1.03364509916105,-1.36724910973408,-0.63700847107601,-1.90473100092873,-2.33718774949021,-1.50341100389203,-1.03583920301763,0.341882119050586,-0.148619281403429,0.463496976509727,-0.489495536180289,1.34263106390909,-0.490563539433066,-1.43379202943623,0.09643683221683,-0.593899024179223,-1.20904256940198,0.732799892282827,-0.712382893105428,-0.0664129461533879,-0.0634238358213073,-1.46342764737006,-2.29217835136486,-0.820711966054305,-0.699779138220468,0.327754893807981,0.29976786053811,0.0801400124921964,0.0634238358213073,2.33718774949021,0.875777268650752,0.62999572289529,1.68217179395672,0
"1120","DTXSID8044624",1.04469983123285,-0.773740081386434,0.759619805779002,0.765087810216297,-1.36724910973408,-0.607854606140168,-1.67346152208939,-2.21520118817992,-1.43864540453988,-0.910612762124984,0.198476466641597,-0.269462970905701,0.271650278724846,-0.433006880938502,0.989538921989271,-0.490563539433066,-1.20699219932541,0.140436254414068,-0.593899024179223,-1.20904256940198,0.604288458045611,-0.712382893105428,0.00590743709026995,0.131306087674302,-1.16082746404467,-1.80056022844871,-0.738703982063608,-0.679446694660664,0.587831825334539,0.413555903866647,0.0590574183007582,0.00590743709026995,2.21520118817992,0.806468406723704,0.527637408762462,1.48184428993966,0
"1121","DTXSID8044755",0.894105568419328,-0.448826833592282,1.10666806213855,-0.661622787302695,-1.36724910973408,-0.458522600597238,-1.25173482538236,-1.90504306765196,-1.4951517280137,-0.651925515137547,0.0635064408448995,-0.48982499293926,-0.102182990340236,-0.385938411637351,0.548170244393926,-0.490563539433066,-1.20699219932541,0.140436254414068,-0.593899024179223,-1.20904256940198,0.201673835467172,-0.712382893105428,0.170185345799463,0.101350867658752,-1.16082746404467,-1.90562739570323,-0.701175416532555,-0.754350253576344,-0.138298996847435,0.399137555910634,0.039423769991879,0.0635064408448995,1.90562739570323,0.723880559650828,0.522605337627358,1.39281539181385,0
"1122","DTXSID8044757",0.915619034535546,-0.147981233782882,0.111796393907841,-1.23230702631029,-1.36724910973408,-0.382701884593061,-1.90473100092873,-1.98614895703411,-1.96184709720348,-0.0172120519655677,0.341882119050586,-0.148619281403429,0.486824997103789,-0.489495536180289,1.34263106390909,-0.490563539433066,-1.43379202943623,-0.0409630320939727,-0.593899024179223,-1.20904256940198,0.6066617224778,-0.712382893105428,0.123363705692067,-0.190582770880051,-1.46342764737006,-2.15029486589893,-1.06806065345339,-0.733486192842392,-0.348898579968148,0.129085795545303,0.134081005581611,0.0172120519655677,2.15029486589893,0.804385060314027,0.655440478995036,1.64334887342767,0
"1123","DTXSID8044830",-0.536539928309131,0.89896145355383,-0.767392522203021,-1.04767389016078,-0.352984729893449,-0.707562754489623,-0.322755469722702,-0.556818658044422,-1.01345240015195,-1.08067250400462,-0.373232661280047,-0.710771238198667,-0.61618479608639,-0.296875940272005,-0.702002795584887,-0.490563539433066,-0.072993048771299,-0.635520182621391,-0.593899024179223,0.778944952886704,-0.549463598442481,-0.712382893105428,0.240078582091876,-0.550983599352778,-0.0936817060395266,-0.442922819675706,-0.892863278219572,-0.695773224092303,-1.05716043400718,-0.221241091277832,0.32634470579456,0.072993048771299,1.08067250400462,0.600411790538396,0.277921509221983,0.956151322342535,0
"1124","DTXSID8047187",1.57715811760923,-0.232218001729514,0.933143933958777,-0.124508209413192,-1.36724910973408,-0.519934917712701,-1.68200523608584,-1.72274218600476,-1.4865695872002,-0.646189101793114,0.197887703037192,-0.312924585266405,0.336319652414311,-0.427589746047225,0.953648347071171,-0.490563539433066,-1.20699219932541,0.443698064574031,-0.593899024179223,-1.20904256940198,0.475032937319639,-0.712382893105428,0.0806024772977186,0.195889581880495,-1.21895991778814,-2.0139562522788,-1.03781126082227,-1.00179869243601,0.367399254315011,0.460318113453718,0.0330555911286366,0.0806024772977186,2.0139562522788,0.800947840422955,0.542820567628683,1.49575816698767,0
"1125","DTXSID8047399",0.851078636186893,-0.0817952018248142,1.10666806213855,2.52749501891623,-1.36724910973408,-0.964350268786137,-1.11118699103981,-0.561940557391472,-1.20805180747724,-2.07789957886733,0.0199165295228104,-0.760559481238126,-0.36291986506677,-0.35203840339086,0.159231281689787,-0.490563539433066,-1.20699219932541,0.460627520443832,-0.593899024179223,-1.20904256940198,1.22138628452459,-0.712382893105428,0.445033208938047,0.463175726314484,-1.46342764737006,-2.56669027884823,-0.69704377453473,-0.482353523209176,-1.20409520996808,0.618919940969865,0.0338439031940496,0.0199165295228104,2.56669027884823,0.911600471127904,0.638350383864527,1.7286889624745,0
"1126","DTXSID8047551",0.200296286171316,0.562014381767302,0.192774320391736,-1.50086431525504,-1.36724910973408,-0.654778241523411,-1.42907204175766,-1.84673622450797,-1.43134803538604,-0.974725155703889,0.19885916298446,-0.366809094296274,0.0797057698779836,-0.436541366535142,0.835532158205227,-0.490563539433066,-1.43379202943623,-0.0216069096407509,-0.593899024179223,-1.20904256940198,0.794774928083954,-0.712382893105428,0.129629149022702,-0.323251033386713,-1.46342764737006,-2.2397874666454,-0.809658218541222,-0.950485827754581,-0.583871677207372,-0.080564777436729,0.212294582905305,0.0216069096407509,2.2397874666454,0.797134778491432,0.582451597462537,1.54267282324348,0
"1127","DTXSID8047557",0.0174318241834674,0.50786217380161,-0.570731843599276,-0.980534567924588,-1.36724910973408,-0.655881713964631,-1.94724923057557,-2.1582011548745,-1.86338245089528,-0.68369023210033,0.375858876551573,-0.0535551420946215,0.630321383451896,-0.510899140718663,1.48703241810931,-0.490563539433066,-1.43379202943623,-0.344224842253936,-0.593899024179223,-1.20904256940198,0.624988120003188,-0.712382893105428,0.0402064710681075,-0.547769476310392,-1.46342764737006,-2.0460838920912,-1.35801834077975,-1.21545443688678,-0.545150642479019,-0.372828587355919,0.282430395292833,0.0174318241834674,2.1582011548745,0.893590459157789,0.610477286161933,1.67500138544506,0
"1128","DTXSID8047769",0.544511744030795,0.062610686083698,1.16450943819848,0.0936945878544185,-0.352984729893449,-1.03093634824716,-0.695648277495906,-0.0331247008920816,-1.14121907465791,-2.59576767593871,-0.460372484452605,-1.04056235951672,-0.33474679714918,-0.219527916972844,-0.556650895953529,-0.490563539433066,-0.753392539103765,-0.558253020897408,-0.593899024179223,-1.20904256940198,-0.549463598442481,-0.712382893105428,-3.0624183260662,-0.045421183543155,-0.474656893965486,-1.26095450139653,-1.01924456016657,-0.900988915888865,-1.3412375268281,0.753361293532692,0.0664537414514308,0.0331247008920816,3.0624183260662,0.801738270109614,0.66994840982838,1.65927223468994,0
"1129","DTXSID8051540",1.06621329734907,-0.551114337527478,0.620800503235182,0.00977043505918363,-1.36724910973408,-0.468630927201014,-1.47882198658698,-1.33270915474274,-1.25526838336616,-0.53042892279672,0.0741396621179868,-0.396460888889695,0.328157361124639,-0.386490642603854,0.699486870518434,-0.490563539433066,-0.980192369214586,0.370416547768988,-0.593899024179223,-1.20904256940198,0.328800064414401,-0.712382893105428,0.072138313925498,0.0138375895954889,-0.94802116016232,-1.6584321162837,-0.829330804628692,-0.788905348389115,0.367399254315011,0.163378082575821,0.0736146721869121,0.00977043505918363,1.6584321162837,0.669749405341551,0.457967655305833,1.25594800413302,0
"1130","DTXSID8051590",-1.24648431014431,2.67395049242929,-0.894643549534856,-1.24909185686934,-1.36724910973408,-1.04840132406419,-1.96774474863932,-2.32621096402607,-2.89183230828797,-3.25203461431036,0.622962567467851,0.792205576732397,1.04870017411773,-0.670450671539997,1.11064817131716,-0.490563539433066,-1.20699219932541,-1.49701065732514,-0.593899024179223,2.0752469949656,-1.26341601087146,-0.712382893105428,-0.296163666996284,-1.4863285698272,-1.46342764737006,-1.60489964030187,-1.82326749345254,-1.69894727034729,-1.46498914564608,-1.53915603147343,0.528221796581884,0.296163666996284,3.25203461431036,1.41264337412783,0.710219603836405,2.32172446703843,0
"1131","DTXSID8052227",-0.0524869406942392,0.555997469771114,0.273752246875631,-1.21552219575125,-1.36724910973408,-0.940027510582883,-0.501461986871501,-0.763935234555071,-1.61667608026999,-2.21942111976461,-0.261340092290039,-1.01027687181342,-0.572316839618929,-0.286622692756286,-0.412434479403793,-0.490563539433066,-1.20699219932541,-0.28787754883654,-0.593899024179223,-1.20904256940198,1.85496947052667,-0.712382893105428,0.00814443449675234,-0.321828965269832,-1.06610270682874,-1.99100211368186,-1.42131873617424,-1.27144853509134,-1.46662249762983,-0.114857064467247,0.204235522395968,0.00814443449675234,2.21942111976461,0.8688857723067,0.603444880638383,1.64129521952383,0
"1132","DTXSID8052304",0.684349273786208,-0.406708449618966,1.80076457485765,0.227973232326794,-0.352984729893449,-0.580904291979013,-0.816747344436032,-0.681520190453307,-1.27119146068024,-0.592038239633838,-0.262061748250865,-0.890562212110302,-0.391367480333738,-0.278435127248026,-0.208429210851273,-0.490563539433066,-0.526592708992943,0.311737938125083,-0.593899024179223,-1.20904256940198,1.25118388173777,-0.712382893105428,0.00137078741481819,0.527949105627766,-0.729245898975954,-1.00120171809094,-0.618096094028715,-0.698037978410745,-0.648644433275367,1.27203213486928,0.019470700970761,0.00137078741481819,1.80076457485765,0.667933942404293,0.392339096349244,1.17012798573132,0
"1133","DTXSID8052306",-0.154675904746272,0.886927629561454,-0.3972077154195,-0.9133952456884,-1.36724910973408,-0.814478049614808,-1.97720525600857,-2.07844619493089,-1.16384069156572,-1.75409055873801,0.399494881769653,0.0134218651456825,0.725758030049057,-0.525864850476217,1.58969112167009,-0.490563539433066,-1.43379202943623,-0.462268584111517,-0.593899024179223,-1.20904256940198,1.50225714677529,-0.712382893105428,-0.0808621142685435,-0.654225359514891,-1.46342764737006,-2.01391548116228,-1.4465469444497,-1.36998052023899,-0.786377327421989,-0.407900244546221,0.335320012133651,0.0134218651456825,2.07844619493089,0.97963961768446,0.59220117018641,1.73765711552307,0
"1134","DTXSID8052435",-0.0793787733395109,0.369473197889286,0.713346704931062,-1.13159804295601,-1.36724910973408,-1.04840132406419,0.177250309857711,-1.55572775637521,0.0603822311805185,-3.25203461431036,8.2687017940509,5.25888022162577,7.78666212507154,-0.306378572950803,0.663344548730633,-0.490563539433066,-1.43379202943623,-0.210014447381855,-0.593899024179223,-1.20904256940198,-6.35032694942793,-0.712382893105428,0.0709627229420071,-0.171884094813726,-1.46342764737006,-0.597649206843296,-0.655274971228727,-0.0599389263831816,-1.44676884116992,0.124799259666488,0.234323966313591,0.0599389263831816,8.2687017940509,1.58765121499502,2.27103336647372,4.49457392408139,1
"1135","DTXSID8052518",1.4158071217376,-1.22500848110053,1.80076457485765,1.53719001593246,-1.36724910973408,-0.659266316613639,-1.64689612452387,-2.3287355842561,-1.56646610133475,-0.944822530457899,0.135980238469358,-0.496635870624237,-0.00960402297534997,-0.391259528762897,0.626107481358347,-0.490563539433066,-0.980192369214586,0.710726739107274,-0.593899024179223,-1.20904256940198,1.72774711703411,-0.712382893105428,-0.183019718029782,0.637748256057463,-1.24594998559761,-2.30979147369857,-0.376010844711202,-0.198168070576149,1.3521800592103,1.06588872760628,0.0368056377252398,0.00960402297534997,2.3287355842561,0.998170149656726,0.624312981723339,1.7972907662626,0
"1136","DTXSID8057938",-0.493512996076697,0.910995277546206,-0.0038863582120096,-1.23230702631029,-0.352984729893449,-0.275438945273931,-0.601707223273135,-0.126243985971152,-0.622743515111773,-0.10447790180239,-0.0631455660959145,0.0687094114835597,0.39812338621748,-0.39150332996054,0.291870482049776,-0.490563539433066,-0.299792878882121,-0.383118252838514,-0.593899024179223,1.74743407880533,-0.549463598442481,-0.712382893105428,-0.479127130291459,-0.459818055303325,0.108484282648704,-0.355468774754895,-1.11304990206552,-1.22165387549798,-0.773435981663246,0.0908966577158622,0.316872060628199,0.0038863582120096,1.74743407880533,0.510541302030182,0.40536058751907,1.02940285405459,0
"1137","DTXSID8059348",3.09385747880256,-2.30203572841819,-0.28152496329965,2.9471157828924,-1.36724910973408,-0.228450863564932,2.65778151001453,1.3810227613668,1.66006926195543,-0.215938463765094,-0.283834547374211,-2.90046870283835,-1.16146779158378,14.1192184440338,1.81716650970077,-0.490563539433066,-1.43379202943623,2.53718666335397,-0.593899024179223,-1.20904256940198,-0.549463598442481,-0.712382893105428,-1.0969353912044,2.2495757412693,-1.46342764737006,-1.0310461753786,3.6478468871355,5.93211485038481,-0.062475852150025,1.90254259413495,0.0318817514653144,0.062475852150025,14.1192184440338,2.04431657919082,2.60898598040309,5.38381863410678,1
"1138","DTXSID8060030",-0.601080326657784,0.525912909790174,-0.246820137663695,-0.779116601216024,-0.352984729893449,0.277910109635895,0.879590243546089,-0.124340648786855,-0.607655516673175,-0.0248044344747023,0.120421544860424,-0.749998626304698,-0.769413801056608,-0.243563236109973,-1.56836110337615,-0.490563539433066,-0.299792878882121,-0.468943109095387,-0.593899024179223,-1.20904256940198,0.194831791514728,-0.712382893105428,0.479559358945278,-0.482785103445407,0.975799730910665,-0.322036459214072,-1.18168046597105,-1.03316968160642,-1.00638020532062,-0.390754101030962,0.203600914252731,0.0248044344747023,1.56836110337615,0.590453162736737,0.369263933506019,1.06311099762444,0
"1139","DTXSID8060242",2.4645885949032,-1.62814158484513,-0.18897876160377,3.06460959680573,-1.36724910973408,-0.440995433695775,2.23668284992539,0.692897031118693,0.589937416785415,-0.698379698922726,-0.211382334200605,-2.67749629823251,-1.21647876121957,12.9136436740225,1.60856508296518,-0.490563539433066,-1.43379202943623,3.12645186907275,-0.593899024179223,-1.20904256940198,-0.549463598442481,-0.712382893105428,-1.08272276864706,2.90091744646672,-1.46342764737006,-1.15976059021077,3.21165863468416,4.00897077186828,0.267078548618818,2.28131649179022,0.0304239260186688,0.18897876160377,12.9136436740225,1.88304915505692,2.33144630132421,4.8673004207519,1
"1140","DTXSID8060244",0.50148481179836,0.555997469771114,-0.362502889783545,-0.9133952456884,-1.36724910973408,-0.354500657605821,-1.62571723799159,-1.28353398765974,-1.60889537891425,-0.970412908361716,0.332870460354353,-0.026589243595901,0.633891519002211,-0.512952662309932,1.51640959589262,-0.490563539433066,-1.43379202943623,-0.308849859839427,-0.593899024179223,-1.20904256940198,-1.27501773757343,-0.712382893105428,0.186758971949217,-0.406730552574115,-1.46342764737006,-1.19274442346995,-0.360998815330696,0.359920244702119,-0.648644433275367,-0.0603011532823318,0.215277964177425,0.026589243595901,1.62571723799159,0.775649235779542,0.496792588121221,1.4115437485747,0
"1141","DTXSID8060870",-0.122405705571946,0.784640125626258,-0.28152496329965,0.580454674066781,-1.36724910973408,-0.601395918215803,-1.97720525600857,-2.41043836757352,-1.74921202005599,-1.18146587911319,0.399494881769653,0.0134218651456825,0.644732814193111,-0.525864850476217,1.58969112167009,-0.490563539433066,-1.43379202943623,-0.461505781256217,-0.593899024179223,-1.20904256940198,0.707390127604366,-0.712382893105428,-0.280881658474706,-0.593801080185879,-1.46342764737006,-2.16880495279593,-1.25557344179672,-1.25955622077139,0.0418688011375664,-0.235659439233846,0.356400367998198,0.0134218651456825,2.41043836757352,0.904578225290104,0.646292939909353,1.73183318837408,0
"1142","DTXSID8060872",0.0712154894740111,0.682352621691062,-0.0385911838479647,-0.594483465066507,-1.36724910973408,-0.254003859196808,-1.29404801505832,-2.08626653514919,-1.27728097946811,-0.797428515106172,0.336310155502749,0.0133623110053554,0.834980951589599,0.319982977225519,1.88679077718038,-0.490563539433066,-1.43379202943623,-0.324577901212132,-0.593899024179223,-1.20904256940198,1.62223347089685,-0.712382893105428,-1.50990505199951,-0.3868337910128,-1.46342764737006,-2.61451479851821,-0.889861479260906,-0.392042691422329,0.0418688011375664,-0.324117952369387,0.217655344911204,0.0133623110053554,2.61451479851821,0.86211368623505,0.670666895151763,1.72056731202931,0
"1143","DTXSID8061470",1.06621329734907,-0.12391358579813,1.6850818227378,0.983290607483908,-0.352984729893449,-0.74263376349182,-0.824638706650613,-1.15723590628889,-1.30701057692428,-1.00083967769535,-0.378494735994409,-0.978582047309228,-0.413801448877286,-0.234048309039984,-0.425390722920247,-0.490563539433066,-0.526592708992943,-0.130864116108852,-0.593899024179223,-1.20904256940198,2.03920885695626,-0.712382893105428,-3.0624183260662,0.153811596759944,-0.598447878053145,-1.40202256453219,-1.13879905586657,-0.982276664337565,-1.00638020532062,1.07095463364488,0.0669686910520541,0.12391358579813,3.0624183260662,0.893060819040444,0.618889911906775,1.68523990628112,0
"1144","DTXSID8061769",0.598295409321338,0.363456285893098,0.192774320391736,-1.50086431525504,-1.36724910973408,-0.534982883666594,-1.42907204175766,-2.14187969765541,-1.46922601307261,-0.44532459160811,0.19885916298446,-0.366809094296274,0.0797057698779801,-0.436541366535142,0.835532158205227,-0.490563539433066,-1.43379202943623,-0.0216069096407509,-0.593899024179223,-1.20904256940198,0.692516119012095,-0.712382893105428,0.145439188359579,-0.327963768667797,-1.46342764737006,-2.21508017003841,-0.809658218541222,-0.800544345372311,-0.583871677207372,-0.080564777436729,0.154391512175751,0.0216069096407509,2.21508017003841,0.784697503248567,0.599943213374903,1.55262481636844,0
"1145","DTXSID8061973",2.49685879407753,-2.73525339214372,1.82390112528162,2.91354612177431,-1.36724910973408,-0.707299611385699,-1.72757171073357,-2.32611514799577,-1.77540821836499,-1.02160521520821,0.194649503212969,-0.544719861856806,-0.112573527445178,-0.398240434722288,0.650473909620417,-0.490563539433066,-1.43379202943623,1.50457567061735,-0.593899024179223,-1.20904256940198,2.3991598648892,-0.712382893105428,-3.0624183260662,1.66255678228216,-1.46342764737006,-3.35862844600061,0.697330166440813,1.10472182907073,0.611332794265371,2.31677783406041,0.0245605101840489,0.112573527445178,3.35862844600061,1.4472025033392,0.914247809483493,2.61743969947807,0
"1146","DTXSID8062153",1.07697003040718,-0.442809921596094,-0.246820137663695,-1.18195253463315,-0.352984729893449,-0.261989337819953,-0.568210313193731,-1.05227513232407,-0.677942201206509,0.276556180423701,-0.207973714445261,-0.436009868905908,-0.235751662656128,-0.345515054083877,-0.160531618916395,-0.490563539433066,-0.299792878882121,-0.297550842545305,-0.593899024179223,1.23097026240953,0.321022070941695,-0.712382893105428,0.223271882598166,-0.489795008576746,-0.171278150991749,-0.481655380363245,-0.956111955681358,-1.04396836469583,-0.357118709971086,0.326266445970783,0.0630936554839738,0.160531618916395,1.23097026240953,0.517331328283815,0.325108971239985,0.933470811470996,0
"1147","DTXSID8062288",1.50186098620247,-1.38746510499761,1.87017422612956,0.983290607483908,-1.36724910973408,-0.707299611385698,-1.72757171073357,-2.38434358155175,-1.6586227871562,-1.02160521520822,0.0467413124497748,-0.544719861856817,0.0168719040734414,-0.345389136549138,0.449108871444352,-0.490563539433066,-1.43379202943623,0.428256074272065,-0.593899024179223,0.978304909092646,1.51967626350446,-0.712382893105428,-3.0624183260662,0.364031234267616,-1.04248639749546,-2.65357352813786,-0.731415880405124,-0.581624045732183,0.56599330436666,0.922094933126038,0.0423183503802716,0.0168719040734414,3.0624183260662,1.06976088031923,0.744104943064751,2.02221520744211,0
"1148","DTXSID8064565",0.517619911385523,-0.701537137432178,1.28019219031833,1.23506306586961,-1.36724910973408,-0.911785102640269,-2.04163536432765,-1.82620709619045,-2.47025787268943,-1.4919227410931,0.194649503212969,-0.393811275612495,0.193632948791012,-0.398240434722285,0.755950834379297,-0.490563539433066,-1.20699219932541,-0.00797180860227415,-0.593899024179223,-1.20904256940198,1.897310814986,-0.712382893105428,-3.0624183260662,0.0605901790232166,-1.19716024763434,-2.65357352813786,-1.46432320415432,-1.23411263066236,-1.239324428978,0.54721788626969,0.0674869772237526,0.00797180860227415,3.0624183260662,1.11188792894527,0.772518792687621,2.10071198358542,0
"1149","DTXSID8064804",1.79229277877141,-1.20094083311578,1.11823633735054,0.110479418413465,-1.36724910973408,-0.494404932484959,-1.8552911990138,-2.2207806259801,-1.68396207168047,-0.580871245470652,0.30172776927669,-0.259158978274137,0.301078590570733,-0.464367036567264,1.17656499622726,-0.490563539433066,-1.43379202943623,0.771660384692159,-0.593899024179223,-1.20904256940198,0.713413486455781,-0.712382893105428,0.203912627980452,0.553013385065738,-1.46342764737006,-2.37176357079863,-0.358948934980667,-0.338130109115866,0.954991959107003,1.0397798272535,0.0333871286021599,0.110479418413465,2.37176357079863,0.937870930376904,0.619018148411012,1.730214160343,0
"1150","DTXSID8065248",-2.56418410976263,0.844809245588138,-0.767392522203021,-0.426635159476038,-1.36724910973408,0.0298711284559944,-1.23284955139529,-0.995366720842212,-0.73514371122488,-0.127758212313034,0.760974682024297,1.4854989216607,1.42137606348215,-0.699301412928968,2.56716057636445,3.25321084045086,-1.43379202943623,-2.57079870169439,1.71617770647016,1.40469803643886,-1.71523557148788,0.527671221527988,0.109500810829969,-1.73935182924924,-1.46342764737006,0.63938723928367,1.41051587790069,2.55669269180198,1.85584974941163,-2.5012884937274,0.624061432854161,0.0298711284559944,3.25321084045086,1.36410565248456,0.835854700431372,2.43399966903672,0
"1151","DTXSID80702555",0.388539114688218,0.0144753901141939,1.09509978692657,-0.0741537177360512,-0.352984729893449,0.391830428736874,2.24431260509923,0.846968388692187,0.362934380793881,1.25000553813029,-1.35592253380812,-2.23427350127138,-1.64379721376194,14.8721156821668,-0.536931428330601,-0.490563539433066,-0.072993048771299,-0.0917895398461402,-0.593899024179223,-1.20904256940198,-0.549463598442481,-0.712382893105428,-1.32415376861758,-0.128859914713178,-0.406143644910682,-0.873832750103704,-0.250503249679122,0.347918821066427,-0.648644433275367,0.0180255477760112,0.0454203332007674,0.0144753901141939,14.8721156821668,1.17941869278238,2.65572970214987,4.57875271153422,1
"1152","DTXSID8073211",0.797294970896349,-0.653401841462674,1.31489701595428,1.06721476027914,-1.36724910973408,-1.03093634824716,-2.38425025915754,-2.32938867975888,-1.85342141898026,-2.59576767593872,0.394004021198146,-0.229183726982331,0.426349217292616,-0.481008992092063,1.2381310618485,-0.490563539433066,-1.43379202943623,-0.0519712307995121,-0.593899024179223,-1.20904256940198,2.35096807705024,-0.712382893105428,-3.0624183260662,-0.10697976949715,-1.46342764737006,-3.35862844600061,-1.4084617705357,-0.93493213948326,-0.962703163384863,0.45369346709555,0.0773591861123382,0.0519712307995121,3.35862844600061,1.22521210642206,0.875266241052844,2.3455528949697,0
"1153","DTXSID8073261",-0.42359423119899,0.856843069580514,-0.501322192327366,-1.06445872071982,-0.52202879320022,-1.03093634824716,-0.157039291899289,-1.29100663829955,-0.745365835292001,-2.59576767593871,-0.682253565062049,-0.804995216935879,-0.669535868816394,-0.256233031727076,-0.442594518005412,-0.490563539433066,-0.526592708992943,-0.608159397705371,-0.593899024179223,-1.20904256940198,-0.549463598442481,-0.712382893105428,-1.65518420211669,-0.666815572069909,0.785052617064901,-0.738839583328503,-1.61679212653488,-1.59322042508312,-1.44042080955721,-0.476095133527366,0.313043967171173,0.157039291899289,2.59576767593871,0.856883306593117,0.516158173492741,1.51756576866383,0
"1154","DTXSID80858788",-0.923782318401045,1.81954898897059,-0.732687696567066,-0.846255923452212,-1.36724910973408,-0.901066580155338,-1.4979565807521,-2.32669111137787,-1.53289993190432,-2.05812973854713,0.0354043560517425,-0.407865425271781,0.241862287175369,-0.384857162734664,0.41836571266991,-0.490563539433066,-0.980192369214586,-0.777120230154185,-0.593899024179223,-1.20904256940198,1.47072424855968,-0.712382893105428,-0.320913309261891,-0.914655477086335,-0.729764938741521,-1.58300555073428,-1.77594494148315,-1.7033019657621,-0.744317953706074,-0.707957756063256,0.521626953056054,0.0354043560517425,2.32669111137787,1.0069469896884,0.582837048456033,1.75297841171212,0
"1155","DTXSID80862204",-0.54729666136724,1.56082177313451,-0.697982870931111,-1.4505098235779,-1.36724910973408,-1.03093634824716,-2.35808126580758,-2.1732976539044,-2.16224229132915,-2.59576767593871,0.525167396882533,0.208332347838489,0.499450092161296,-0.563621222317118,1.20639476626395,-0.490563539433066,-1.43379202943623,-0.728625038628527,-0.593899024179223,1.04558535348111,1.73617572190307,-0.712382893105428,-0.510700744622238,-0.6976394705307,-1.46342764737006,-2.84882640511957,-1.54486006298704,-1.55832098938173,-1.2523978292853,-0.580530734938489,0.539521439639235,0.208332347838489,2.84882640511957,1.20482929279457,0.701474285877077,2.10271637871723,0
"1156","DTXSID80862244",0.990916165942306,-0.659418753458862,1.23391908947039,1.3022023881058,-1.36724910973408,-0.804433063843608,-1.1719206312979,-1.14621363389316,-1.56105154389916,-1.43452740595294,-0.158054643991571,-0.811711975981378,-0.213089652965486,-0.284245112749564,-0.0878645636918005,-0.490563539433066,-0.980192369214586,0.104727545750365,-0.593899024179223,-1.20904256940198,2.18735398253527,-0.712382893105428,-3.0624183260662,-0.100480662583383,-0.931152367781402,-2.15029486589893,-1.48959044753346,-1.35089293401295,-1.16144662639432,0.344191959645826,0.0332054848428375,0.0878645636918005,3.0624183260662,1.00318159495048,0.686557896246786,1.88197570214637,0
"1157","DTXSID80862406",0.808051703954458,-0.882044497317818,1.47685286892207,1.18470857419247,-0.352984729893449,-0.986079408724563,-0.157253442763207,-0.935935269124929,-1.10496789696636,-2.18020252399684,-0.639014844725035,-1.29926279307841,-0.927556314253919,-0.195601117075811,-0.917004911361667,-0.490563539433066,-0.526592708992943,-0.0978824276528442,-0.593899024179223,-1.20904256940198,2.21144987645475,-0.712382893105428,-3.0624183260662,0.0501617935455879,-0.452338184046118,-1.47891689027609,-1.14400908779544,-1.23171848974327,-1.38374984764557,0.914690916608085,0.0331721019811924,0.0501617935455879,3.0624183260662,0.986911249043254,0.661598614099747,1.83375747509093,0
"1158","DTXSID80862946",0.641322341553773,0.44769305383973,0.0770915682718856,-1.24909185686934,-1.36724910973408,-0.54695498927851,-1.92371235344964,-1.89639493692201,-1.84738831629915,-0.587927727518319,0.357113079309647,-0.106179933497711,0.556799481423413,-0.49907426893545,1.40691010386092,-0.490563539433066,-1.43379202943623,-0.226943903251655,-0.593899024179223,-1.20904256940198,0.656421858161519,-0.712382893105428,0.102603983889766,-0.365334389630568,-1.46342764737006,-2.06055763845338,-1.17570523924757,-1.12290869494902,-0.580529046446983,-0.258650858947488,0.216279733912265,0.0770915682718856,2.06055763845338,0.865455547888917,0.595623256095078,1.62785331569062,0
"1159","DTXSID80864768",2.20104863497954,-2.33813720039531,1.98585697824941,1.63789899928674,-1.36724910973408,-0.75224665156087,-2.11802922601269,-2.19350127000162,-1.81385283001779,-1.2692247822591,0.315311448309257,-0.357103781661176,0.208257829354575,-0.446755190233212,1.03722263373632,-0.490563539433066,-1.43379202943623,0.809233192833499,-0.593899024179223,-1.20904256940198,2.34068106430502,-0.712382893105428,-3.0624183260662,0.912425484071641,-1.46342764737006,-3.35862844600061,-0.548311553974138,-0.387294433556363,-0.0527647897232421,1.53857672951558,0.046669358990224,0.0527647897232421,3.35862844600061,1.29850460962547,0.865816552806547,2.40674979721785,0
"1160","DTXSID80870985",-0.29989180103074,1.13362102140516,-0.431912541055455,-0.644837956743648,-1.36724910973408,-0.950808407981447,-1.92940348896712,-1.95416516771529,-1.71652665687044,-2.01982021765257,0.30172776927669,-0.294719616179444,0.377535550047319,-0.464367036567264,0.996991274064298,-0.490563539433066,-1.20699219932541,-0.331876971033778,-0.593899024179223,-1.20904256940198,1.67172168466989,-0.712382893105428,-0.0152257634218002,-0.595658040856141,-1.46342764737006,-2.32247129093417,-1.53374173563489,-1.46398315744152,-1.02275909604653,-0.478822929086611,0.437110418918714,0.0152257634218002,2.32247129093417,0.999871538574382,0.62812768132269,1.80387497066743,0
"1161","DTXSID80873239",1.68472544819032,-1.3934820169938,1.93958387740147,1.26863272698771,-1.36724910973408,-0.770877021709749,-2.19360164832478,-2.478378181366,-2.05602406362426,-1.2624918103995,0.337935563014814,-0.320790991945888,0.262558292004945,-0.4563918125681,1.09347699360774,-0.490563539433066,-1.43379202943623,0.505971382673535,-0.593899024179223,-1.20904256940198,2.3694088121927,-0.712382893105428,-3.0624183260662,0.507856884980392,-1.46342764737006,-3.35862844600061,-0.812053547245835,-0.620294029239762,-0.191075422519809,1.11888589847163,0.0495030638236673,0.191075422519809,3.35862844600061,1.24453000033965,0.840655021735087,2.32056842816056,0
"1162","DTXSID80873279",1.14151042875583,-2.81347324809417,1.81233285006964,2.76248264674289,-1.36724910973408,-0.683730187171708,-1.72757171073357,-2.11594437316002,-1.44170569689622,-0.898191488850983,0.194649503212969,-0.544719861856806,-0.106355580779484,-0.398240434722288,0.656678434606223,-0.490563539433066,-1.43379202943623,1.62185660961963,-0.593899024179223,-1.20904256940198,2.40208205106705,-0.712382893105428,-3.0624183260662,1.86236154629689,-1.46342764737006,-3.35862844600061,0.664991406697745,0.864930627707102,0.558733962216673,2.51473785464568,0.0251590280053072,0.106355580779484,3.35862844600061,1.38262280295435,0.900551172479997,2.53532830372874,0
"1163","DTXSID80873299",2.41080492961266,-2.90372692803699,1.9164473269775,2.30929222164862,-1.36724910973408,-0.735681204571742,-2.06354678202025,-2.26598031436674,-1.8736235184381,-1.03424540469878,0.29885754670522,-0.383282769595443,0.161418063208728,-0.439853866024687,0.997040948113897,-0.490563539433066,-1.43379202943623,1.18119493514886,-0.593899024179223,-1.20904256940198,2.37201053443944,-0.712382893105428,-3.0624183260662,1.32283848090661,-1.46342764737006,-3.35862844600061,-0.146837676033846,0.0331550448032183,0.448332701600946,1.98203835043297,0.0367737700807466,0.0331550448032183,3.35862844600061,1.36572043773707,0.937152842070588,2.56527607558742,0
"1164","DTXSID80874983",2.66896652300727,-2.29000190442581,1.7660597492217,1.45326586313722,-0.352984729893449,-0.649939207896393,-1.24600744188932,-1.75165841869514,-1.04407835417559,-0.760780972077391,-0.1110274243643,-0.776113027431432,-0.313550757417637,-0.297049435783268,0.0610440359677991,-0.490563539433066,-0.299792878882121,1.42510114813084,-0.593899024179223,-1.20904256940198,2.23520781670961,-0.712382893105428,-3.0624183260662,1.57517542659934,-1.00200129578126,-1.92564601391121,0.203232463848435,0.098271971782072,0.558733962216673,2.69516204663579,0.0291247234055725,0.0610440359677991,3.0624183260662,1.1209719740689,0.859453134572788,2.22107198632207,0
"1165","DTXSID80880645",3.19604644285459,-2.32008646440675,0.111796393907841,3.14853374960097,-1.36724910973408,-0.453430699696708,2.38188928443889,1.06672206545183,1.13397433550982,-0.717455965044368,-0.331871935577412,-2.75438333430346,-1.19781024428046,14.3518314208302,1.38654028684071,-0.490563539433066,-1.43379202943623,2.00699577126029,-0.593899024179223,-1.20904256940198,-0.549463598442481,-0.712382893105428,-1.12372020163941,1.75320248207464,-1.46342764737006,-1.55177487548517,1.30548238271301,2.44211076294092,0.0209038210084026,1.42556805634683,0.0224038478918172,0.0209038210084026,14.3518314208302,1.80006504624384,2.51593224068658,5.02045831432266,1
"1166","DTXSID80880721",1.356645089918,-1.75449673676508,2.07840317994529,1.55397484649151,-1.36724910973408,-0.808694535593862,-1.93395639738111,-1.89265091353425,-1.76618453694575,-1.56393415370851,0.194649503212969,-0.445551362324836,0.0797225915338144,-0.398240434722284,0.755950834379298,-0.490563539433066,-1.20699219932541,0.598551811717653,-0.593899024179223,-1.20904256940198,1.95454438110934,-0.712382893105428,-3.0624183260662,0.86168468226537,-1.28124468965614,-2.8004310898184,-0.901789769687007,-0.683397482808514,-0.348898579968148,1.37218120040159,0.0454555081012676,0.0797225915338144,3.0624183260662,1.20094421550447,0.739451711984384,2.14744240684448,0
"1167","DTXSID80880741",1.45345568744098,-1.02043347323014,0.921575658746792,1.20149340475152,-1.36724910973408,-0.768207124264888,-2.00539725045141,-2.2230862613305,-1.86627730045344,-1.27914088848464,0.194649503212969,-0.411223804794528,0.126288238599355,-0.398240434722284,0.755950834379297,-0.490563539433066,-1.20699219932541,0.178009062555409,-0.593899024179223,-1.20904256940198,1.98833974757069,-0.712382893105428,-3.0624183260662,0.254804195884922,-1.22466935520937,-2.73564578567893,-1.33823904676743,-1.43264839162991,-0.449497920639709,0.754530348772369,0.0608707170239181,0.126288238599355,3.0624183260662,1.1208117126939,0.749755402313869,2.08049862765565,0
"1168","DTXSID80880746",1.88372500976533,-2.32008646440675,1.87017422612956,2.00716527158577,-1.36724910973408,-0.685330490134284,-1.9533049617543,-2.07165181579782,-1.74515009095918,-1.00795598663893,0.265190332653875,-0.436254315493721,0.0784768261111008,-0.426013840439273,0.916677576869021,-0.490563539433066,-1.43379202943623,2.34566116894184,-0.593899024179223,-1.20904256940198,2.34760619947401,-0.712382893105428,-3.0624183260662,2.74764627570108,-1.46342764737006,-3.35862844600061,1.00379319304555,1.54784188432669,1.52209943974677,3.48661244389696,0.0296741850502824,0.0784768261111008,3.48661244389696,1.54532737995329,0.918602912667406,2.72113910816757,0
"1169","DTXSID80880928",1.43732058785382,-1.42356657697474,1.65037699710185,1.25184789642866,-1.36724910973408,-0.747762260457768,-1.95330496175431,-2.24642093854647,-1.73147151933323,-1.12520658439068,0.194649503212969,-0.43625431549371,0.077106484146229,-0.398240434722283,0.755950834379295,-0.490563539433066,-1.20699219932541,0.549970804870774,-0.593899024179223,-1.20904256940198,1.99461162119376,-0.712382893105428,-3.0624183260662,0.660721174454947,-1.26567349668914,-2.80336661020735,-0.95792441761459,-1.14249769619832,0.068075026299021,1.19799196968975,0.0449971053998906,0.068075026299021,3.0624183260662,1.1570953457753,0.742194682928909,2.1071045399243,0
"1170","DTXSID80883318",1.11999696263961,0.164898190018894,1.03725841086664,0.849011963011532,-1.36724910973408,-0.579440626200895,0.0982155149690036,-0.888722085373516,-0.697588334985877,-1.01374459249127,0.0703044266305627,-1.06318030514358,-0.290924189973178,4.88700803676747,1.04197138693015,-0.490563539433066,-1.43379202943623,0.47997887537921,-0.593899024179223,-1.20904256940198,1.11273962466137,-0.712382893105428,-1.08947677214347,1.04899044121617,-1.46342764737006,-1.83497105078585,0.50946478501713,0.899967572178312,0.280107211696245,-0.142524705139597,0.0389322028229172,0.0703044266305627,4.88700803676747,0.949028095895987,0.867365954817406,2.05925651806227,0
"1171","DTXSID80883414",-0.186946103920598,0.892944541557642,-0.0964325599078899,-1.1987373651922,-1.36724910973408,-0.944356502852611,-0.741356159223566,-1.29904302633276,-1.67614388827762,-2.23734238434433,-0.0892915790335393,-0.890063252866916,-0.375890464013558,-0.329938815388839,-0.166650826580009,-0.490563539433066,-1.20699219932541,-0.331876971033778,-0.593899024179223,-1.20904256940198,1.30096223049324,-0.712382893105428,0.155952565916869,-0.461414753443343,-1.46342764737006,-2.50577823077751,-1.40997190546544,-1.26619161407595,-1.58874076446406,-0.456610879532753,0.298269760404591,0.0892915790335393,2.50577823077751,0.921539812241475,0.629636235957523,1.72747419426711,0
"1172","DTXSID80883575",0.0443236568287394,0.646251149713934,0.134932944331811,-0.342711006680803,-1.36724910973408,-1.04840132406419,1.35374161392089,1.11935708451521,-2.47364408933721,-3.25203461431036,4.27778654129702,2.58579681329858,5.39563032363988,2.97213224741805,-0.936184221247682,-0.490563539433066,-1.20699219932541,-0.266085224764205,-0.593899024179223,-1.20904256940198,-0.549463598442481,-0.712382893105428,0.159354302462034,-0.457473544505566,1.79224928214709,-1.40972830555319,-0.655735841525163,-0.0605806836215891,-1.56932874582594,-0.320610786650357,0.143676089167892,0.0443236568287394,5.39563032363988,1.3134555760427,1.2889887450107,2.9633611696564,0
"1173","DTXSID80883999",0.388539114688218,0.32735481391597,-0.269956688087665,-1.53443397637314,-1.36724910973408,-0.894856276370156,-1.66832213125463,-1.70010468987263,-1.79703262242603,-1.88322804829132,0.270640530742061,-0.282808596480448,-0.0867611663379236,-0.445036719084981,0.515038589312613,-0.490563539433066,-1.43379202943623,-0.23938235731088,-0.593899024179223,0.314444906623166,1.62819041952318,-0.712382893105428,-0.253561604200344,-0.080633597579474,-1.46342764737006,-2.95140653426678,-0.98164130067468,-0.784302782934184,-1.11120510596644,0.0441344481287918,0.22671868857749,0.0441344481287918,2.95140653426678,0.88381104212346,0.711919830706669,1.795068425428,0
"1174","DTXSID80885074",0.867213735774056,-0.930179793287322,1.67351354752582,1.50362035481436,-1.36724910973408,-0.349408486619369,-1.7003929735755,-2.008690955297,-1.48587476554446,-1.19087325426701,0.164598603737445,-0.426002743814061,0.181164894801411,0.730941401930431,0.806690322609222,-0.490563539433066,-1.43379202943623,0.312791559568964,-0.593899024179223,-1.20904256940198,2.41404489126561,-0.712382893105428,-3.0624183260662,0.264667569060254,-1.46342764737006,-3.99009149855703,-0.954712847046566,-0.743879609325643,-0.449497920639709,0.611515924451912,0.0436497498520822,0.164598603737445,3.99009149855703,1.13643809307465,0.870982660182328,2.25129589810803,0
"1175","DTXSID80885615",-1.19270064485376,2.43929092457796,-0.744255971779051,-1.55121880693218,-1.36724910973408,-0.833642834266154,-2.50788551716264,-2.45047668853032,-1.83516147359067,-1.81327890294925,0.83120433455162,1.12385306239854,1.11856641143268,-0.665951017709589,2.05494917514262,0.757361253861575,-1.43379202943623,-1.22754578117278,-0.593899024179223,-0.0739386793028947,-0.0345254209780805,-0.712382893105428,-0.647449679114931,-0.743997725593712,-1.46342764737006,-2.46504788538083,-1.58197734031908,-1.53416131196336,-0.70688048918971,-1.06841645496359,0.685159414018455,0.0345254209780805,2.50788551716264,1.25248294971809,0.678455518732133,2.12090601369522,0
"1176","DTXSID80905206",0.883348835361219,-0.232218001729514,0.829029457050912,0.53010018238964,-1.36724910973408,-0.561568439340045,-1.83036679024895,-2.39616070000183,-1.7734595892716,-1.21609980449156,0.30778658491607,-0.293030643910181,0.343111050764003,-0.0498992434819023,1.1830046891203,-0.490563539433066,-1.43379202943623,0.120326864141237,-0.593899024179223,-1.20904256940198,2.38930262067644,-0.712382893105428,-2.70791588813496,-0.0229183940791319,-1.46342764737006,-3.25254200083326,-1.18075438053388,-1.03655795192531,-0.70688048918971,0.258071556989639,0.0629846278036422,0.0229183940791319,3.25254200083326,1.04582703237471,0.830898481569042,2.10937708878309,0
"1177","DTXSID901015798",0.549890110559849,0.586082029752054,-0.0385911838479647,0.110479418413465,-1.36724910973408,-0.747113284556207,-1.11233705847081,-0.910915740089262,-1.15352641482614,-1.50220482686529,0.134559724152613,-0.394035392567709,0.0266274788022999,-0.425147499916571,0.751929528126045,-0.490563539433066,-1.43379202943623,-0.201199306885301,-0.593899024179223,-1.20904256940198,1.47994613388689,-0.712382893105428,0.123752366255077,-0.187411870840974,-1.46342764737006,-1.96140228309328,-0.878086840526825,-0.666577086562083,-1.13741133112789,-0.308920234253589,0.249466130879586,0.0266274788022999,1.96140228309328,0.755283465234609,0.526564366509212,1.4292858543664,0
"1178","DTXSID901015893",1.65245524901599,-2.65703353619328,1.0719632365026,1.70503832152293,-1.36724910973408,-0.681869850429423,-1.9104442178896,-2.32938867975889,-1.54530253710305,-0.911337348995984,0.251963927133703,-0.456849039486727,0.0273713223610489,-0.420680025232198,0.885768587928688,-0.490563539433066,-1.43379202943623,3.48166532119645,-0.593899024179223,-1.20904256940198,2.39126753379942,-0.712382893105428,-3.0624183260662,3.78337354645197,-1.46342764737006,-3.35862844600061,2.68244479491668,3.53417400711002,3.98328506542035,4.6665788658107,0.057397597133212,0.0273713223610489,4.6665788658107,1.82405528663289,1.27030850220091,3.45005016945006,1
"1179","DTXSID901346589",-0.305270167559794,0.610149677736806,-0.154273935967815,1.13435408251533,-1.36724910973408,-0.840294355276137,-2.22821396699362,-1.79261247281893,-2.47405395297925,-0.829615780185729,0.744641314193544,0.613743703676564,1.00170147517423,-0.58264566863092,1.41177283235314,-0.490563539433066,-1.43379202943623,0.044809381466598,-0.593899024179223,-1.20904256940198,-0.549463598442481,-0.712382893105428,-3.0624183260662,-0.114729549085841,-1.46342764737006,-2.36475093875836,-0.788306524505856,-0.245184022264931,-1.28448708458504,-0.118364230186277,0.331639524624552,0.044809381466598,3.0624183260662,1.01887379513611,0.762395425460878,1.99473993972604,0
"1180","DTXSID901350994",0.566025210147012,0.291253341938842,0.655505328871137,-0.829471092893165,-1.36724910973408,-0.702854691380733,-2.12164018265483,-2.16835958385288,-1.63733283255738,-1.2659428073138,0.404979071911784,-0.0740622307972533,0.255881321343888,-0.50038686085277,1.02026012637548,-0.490563539433066,-1.43379202943623,0.0152984460022033,-0.593899024179223,0.659495594944004,1.38447321179626,-0.712382893105428,-0.372722418278337,0.0420684394352681,-1.46342764737006,-2.97407527504811,-0.882095305039045,-0.797749039601308,-0.300328188573991,0.306392506896278,0.112212665967843,0.0152984460022033,2.97407527504811,0.876332245058795,0.697161859490712,1.76869942520691,0
"1181","DTXSID901351728",-1.13353861303417,2.00005634885623,-0.709551146143096,-0.9133952456884,-1.36724910973408,-1.04840132406419,-1.42907204175766,-2.37071192382444,-2.12249676502556,-3.25203461431036,-0.00802613862859036,-0.366809094296274,0.124152725095342,-0.384265575651201,0.333973371027185,-0.490563539433066,-1.20699219932541,-0.963101101311867,-0.593899024179223,-1.20904256940198,0.461968985831904,-0.712382893105428,-0.362376995654922,-1.05943621622443,-0.459345220881269,-1.45355725580488,-1.85268412473854,-1.77532100163387,-1.00638020532062,-0.825642650190716,0.513394473858671,0.00802613862859036,3.25203461431036,1.0665476006725,0.734256603001981,2.00639605251503,0
"1182","DTXSID90147918",0.813430070483513,-1.0926364171844,2.28663213376102,2.07430459382196,-1.36724910973408,-0.840294355276137,-2.19360164832478,-1.64795512173836,-2.58438351396249,-0.829615780185729,0.337935563014814,-0.320790991945888,0.318934341773926,-0.4563918125681,1.09347699360774,-0.490563539433066,-1.43379202943623,0.437271450518134,-0.593899024179223,-1.20904256940198,2.2989090469773,-0.712382893105428,-3.0624183260662,0.515231375752288,-1.46342764737006,-3.35862844600061,-0.852327150458278,-0.195934406258569,-1.28448708458504,1.12395180451022,0.042368502066429,0.195934406258569,3.35862844600061,1.24299664138118,0.852328309336055,2.33397687733134,0
"1183","DTXSID90147933",1.61480668331261,-1.3934820169938,1.61567217146589,0.932936115806767,-1.36724910973408,-0.770877021709749,-2.19360164832478,-2.31229356944047,-2.20396470971896,-1.2624918103995,0.337935563014814,-0.320790991945888,0.273833501958745,-0.4563918125681,1.09347699360774,-0.490563539433066,-1.43379202943623,0.437271450518134,-0.593899024179223,-1.20904256940198,2.46936518544471,-0.712382893105428,-3.0624183260662,0.506094253696123,-1.46342764737006,-3.35862844600061,-0.927167288758729,-0.463242726744685,-0.545150642479019,1.0951151085982,0.0472346101136862,0.273833501958745,3.35862844600061,1.23057882837448,0.82847347864726,2.29102488104297,0
"1184","DTXSID90159258",1.08772676346528,-0.322471681672334,1.14137288777451,0.177618740649653,-1.36724910973408,-0.855577430185787,-1.09944440354543,-1.79083254206246,-1.61780109754474,-1.52988076780714,-0.204059532757382,-0.846537034345456,-0.446016334459567,-0.27243222752022,-0.18162183014415,-0.490563539433066,-0.980192369214586,-0.0125533932519158,-0.593899024179223,-1.20904256940198,1.83037777632078,-0.712382893105428,-3.0624183260662,-0.106779718250368,-0.861601039195464,-2.27020271956425,-1.36566220000494,-1.39056361001564,-1.02734518544979,0.279893921463605,0.0343589709213879,0.0125533932519158,3.0624183260662,0.971137355619514,0.706129995106864,1.8749837493563,0
"1185","DTXSID90187879",-0.869998653110502,2.08429311680287,-0.767392522203021,-0.258786853885568,-1.36724910973408,-1.04840132406419,-1.30114361219655,-2.14877009636545,-2.86551455026115,-3.25203461431036,0.0354043560517425,-0.290561622484608,0.38121967220204,-0.384857162734664,0.575660400878277,-0.490563539433066,-1.43379202943623,-0.812824171300042,-0.593899024179223,-1.20904256940198,1.36680450852835,-0.712382893105428,-1.64647897080032,-0.99124772522281,-0.729764938741521,-2.13488338385694,-1.7937291252578,-1.68262785534493,-1.62677247444894,-0.970215814830742,0.480963599215797,0.0354043560517425,3.25203461431036,1.19421055637245,0.772733211060609,2.18330906653003,0
"1186","DTXSID90189671",-0.687134191122654,0.453709965835918,-0.547595293175306,-0.661622787302695,-0.352984729893449,-0.42813480611665,0.0478127627312643,0.520489176915708,0.00285002210875823,-0.695620890008331,-0.494855018877881,-0.838944176294018,-0.218227464161435,-0.317077073895454,-0.304933770786949,-0.490563539433066,-0.299792878882121,-0.618547819090979,-0.593899024179223,-1.20904256940198,-0.549463598442481,-0.712382893105428,0.116042701816886,-0.654649429779637,0.287553001769217,0.00511097968783593,-0.868535018245513,-0.661713478022671,-0.737970425120255,-0.483888835125211,0.286768029990302,0.00285002210875823,1.20904256940198,0.495371610710966,0.271738006532848,0.843196259073012,0
"1187","DTXSID90190949",0.877970468832165,-2.15161292851349,1.51155769455803,-0.661622787302695,-1.36724910973408,14.7010793115857,3.08569245014458,1.9754652188128,2.56562430810746,3.29354009796344,7.95122339814111,4.46130820635194,5.62338495756009,13.5718871271739,-0.360318242139723,-0.490563539433066,-1.43379202943623,1.25938222781705,-0.593899024179223,-1.20904256940198,-0.549463598442481,-0.712382893105428,0.632866154691685,-1.2060579092902,-1.46342764737006,-0.0447113246912931,3.03611772814816,5.38947980172012,-0.809833516609711,1.8846170804599,0.0182045151680427,0.0447113246912931,14.7010793115857,2.82917244505726,3.56656908434237,7.39438087301549,1
"1188","DTXSID90193177",0.280971784107131,0.730487917660566,0.192774320391736,-1.28266151798743,-1.36724910973408,-0.91350787272782,-1.18478287642776,-1.39372899260278,-1.86397238735316,-1.72971818179314,0.117772535617893,-0.505471386542527,-0.259412226229243,-0.389579390585021,0.0207000996275984,-0.490563539433066,-1.43379202943623,-0.425363228468563,-0.593899024179223,0.41237543831799,1.70890670615057,-0.712382893105428,-0.283293317311625,-0.145961261613829,-1.46342764737006,-2.96844886096929,-1.07653970037752,-1.06128435836579,-1.52395315225935,-0.0977109209519881,0.237180951326924,0.0207000996275984,2.96844886096929,0.88768975592328,0.688838823467604,1.76940344996181,0
"1189","DTXSID90194402",-0.477377896489534,0.89896145355383,-0.28152496329965,-0.309141345562709,-0.352984729893449,-0.410002259203004,-0.894378198050958,-1.09304360116259,-0.877266018480823,-0.385731310604985,-0.198568672185871,-0.386218417561057,0.333166927218113,-0.333351449900305,0.416133490298825,-0.490563539433066,-0.072993048771299,-0.347562104745871,-0.593899024179223,-1.20904256940198,0.760539918307412,-0.712382893105428,-1.52303879073425,-0.364726575938658,-0.0783700329553088,-0.828862208589646,-0.903278438838503,-0.873695335210456,-0.580529046446983,-0.282421648820916,0.369078185607973,0.072993048771299,1.52303879073425,0.575658530298157,0.345814294322315,1.01830082703072,0
"1190","DTXSID90196224",1.82994134447479,-1.81466585672696,1.74292319879773,0.949720946365814,-1.36724910973408,-0.734677443582658,-1.72757171073357,-2.50220487301882,-1.92553408417632,-1.12533628490781,0.194649503212969,-0.544719861856817,-0.109370342799195,-0.398240434722283,0.602529852911822,-0.490563539433066,-1.43379202943623,0.574671314828937,-0.593899024179223,-1.20904256940198,2.40550610855523,-0.712382893105428,-3.0624183260662,0.637777374499654,-1.46342764737006,-3.35862844600061,-0.418641050478531,-0.334999895298103,-0.580529046446983,1.20812378176695,0.0444882759410585,0.109370342799195,3.35862844600061,1.20179126316296,0.846405153335474,2.28518985943237,0
"1191","DTXSID90196628",0.851078636186893,-0.430776097603718,0.829029457050912,-0.275571684444615,-1.36724910973408,-0.582092101391024,-0.897480055729449,-0.266954594484312,-0.814378026167015,-0.757741756011121,-0.12985459078304,-0.790562113839349,-0.224585139962557,-0.323058073379293,0.0175773178805466,-0.490563539433066,-0.526592708992943,0.480593885181294,-0.593899024179223,-1.20904256940198,1.26133497100311,-0.712382893105428,0.473038361728277,0.264596842252236,-0.994215699297756,-0.992680554739679,-0.218361360927474,0.211974623292947,-0.599916304857242,0.364065898720331,0.0186444802997362,0.0175773178805466,1.36724910973408,0.598374933058697,0.35063656503395,1.04718973630215,0
"1192","DTXSID90197034",-0.0309734745780217,0.92904601353477,-0.269956688087665,-1.51764914581409,-1.36724910973408,-1.03093634824716,-1.00124151260497,-0.854957459730035,-1.92349833043685,-2.59576767593872,-0.0892915790335393,-0.759831832341529,-0.210589859123057,-0.329938815388839,0.00586128706446083,-0.490563539433066,-0.980192369214586,-0.219177616681138,-0.593899024179223,-1.20904256940198,0.885729490625687,-0.712382893105428,0.133640388419845,-0.540659275929116,-1.06688126647709,-1.95239186634387,-1.48032022731838,-1.28155382914044,-1.38374984764557,-0.594949082894503,0.273600995150764,0.00586128706446083,2.59576767593872,0.881397413948923,0.629589462994794,1.68727192658226,0
"1193","DTXSID9020087",0.399295847746327,0.11676289404939,0.0308184674239455,0.462960860153452,-0.352984729893449,-0.67234977713451,-0.525815820407082,-0.311643322825061,-0.428545415014348,-1.1099311197523,-0.500345879449389,-0.842740605319731,-0.239773134899586,-0.247043701364871,-0.304146449556334,-0.490563539433066,0.153806781339523,0.0499487657041778,-0.593899024179223,-1.20904256940198,-0.549463598442481,-0.712382893105428,-1.60929458206546,-0.0445407936165953,0.0410091131250329,-0.606578081359686,-1.15260943870216,-1.13678788359961,-0.798591201081868,0.343412589486042,0.0589014401795907,0.0308184674239455,1.60929458206546,0.53456962932107,0.397468814152913,1.0433297114368,0
"1194","DTXSID9020293",-0.418215864669936,0.772606301633882,-0.35093461457156,-0.225217192767474,-0.352984729893449,-0.183068059889417,0.864445297290119,0.0821155671030678,0.0383955901458179,-0.828130560375036,-0.862285487123618,-1.33937365193238,-0.990372458140176,0.0864786833562235,-0.960418346916557,-0.490563539433066,-0.072993048771299,-0.412448022624776,-0.593899024179223,-1.20904256940198,1.0588464239635,-0.712382893105428,0.135392595236087,-0.602272712897903,0.707975211878246,-0.617015487187065,-0.92349492306368,-0.6952970579238,-1.00638020532062,0.0273779896934251,0.213034422394731,0.0273779896934251,1.33937365193238,0.587347470349627,0.376738974456618,1.0695733576541,0
"1195","DTXSID90204994",1.26521285892408,-1.77254747275364,1.48842114413406,0.681163657421062,-1.36724910973408,-0.502040452203176,-1.65689717862689,-2.04472535709407,-1.08836176182976,-0.707289199685322,0.291404173211935,-0.185200657349234,0.373721442528036,-0.478517007475448,1.28164537522992,-0.490563539433066,-1.43379202943623,0.787536219118078,-0.593899024179223,-1.20904256940198,0.719065609720844,-0.712382893105428,0.0856797509245156,0.524894284914732,-1.46342764737006,-1.76064530538229,0.436178379223126,0.991647350358963,1.6035458923916,1.26657654375079,0.00881337665437326,0.0856797509245156,2.04472535709407,0.975442462897054,0.537219203919152,1.66308304391357,0
"1196","DTXSID90211168",1.9106168424106,-2.51262764828477,2.04369835430934,1.82253213543626,-1.36724910973408,-0.790528221264457,-2.08874491236676,-1.58200792609399,-2.10597223896671,-1.33694766709498,0.306482525497334,-0.371174987675843,0.226402608944497,-0.443040824359177,1.01558634147811,-0.490563539433066,-1.43379202943623,0.92651413183578,-0.593899024179223,-1.20904256940198,2.29474432457146,-0.712382893105428,-3.0624183260662,1.12664599920926,-1.46342764737006,-3.35862844600061,-0.470876733458316,0.0284052228356114,-0.880202084172876,1.76537344601287,0.0340129597388561,0.0284052228356114,3.35862844600061,1.32468429203353,0.847670245510396,2.40970220628684,0
"1197","DTXSID9021390",-0.186946103920598,0.832775421595762,-0.18897876160377,-0.426635159476038,-1.36724910973408,-1.04840132406419,0.483366377530373,-0.464224486322248,-1.21093763954051,-3.25203461431036,0.070663213230769,-0.271930016856762,0.626530019669775,1.20176187648654,1.55763256568533,-0.490563539433066,-1.43379202943623,-0.414874689208197,-0.593899024179223,-1.20904256940198,2.89258398251816,-0.712382893105428,-2.6821658857741,-0.682187709643525,-1.46342764737006,-2.89991261411061,-0.539926123806476,-0.353321024420805,-1.21603000661226,-0.280083538341562,0.302095020562666,0.070663213230769,3.25203461431036,1.03514199891296,0.869877545426551,2.14858525705894,0
"1198","DTXSID9021639",0.463836246094979,0.08667833406845,0.690210154507092,0.932936115806767,-1.36724910973408,-0.691836953286169,-1.884551982693,-2.52502058554952,-1.75208688077153,-1.14337794018811,0.27878242654875,-0.350275226329974,0.170256081097392,-0.450088961013985,0.943426537809321,-0.490563539433066,-1.43379202943623,0.108784703436989,-0.593899024179223,-1.20904256940198,1.06994408704096,-0.712382893105428,-0.200347108245348,-0.115328117830072,-1.46342764737006,-2.58063400069575,-0.925209218662695,-0.741659531213649,0.303931052752113,0.351985661243671,0.116155001523685,0.08667833406845,2.58063400069575,0.867718157318212,0.674866225464469,1.73154692591273,0
"1199","DTXSID9021928",-1.27875450931863,2.15047914876093,-0.883075274322871,-0.879825584570306,-1.36724910973408,-0.589637440221619,-2.06484214319334,-2.0511778193131,-0.761549229595612,-1.19185649759184,0.531181196556093,0.420691679587441,1.39154718598094,-0.61039047540935,2.39771481719941,-0.490563539433066,-1.43379202943623,-1.01153431510553,-0.593899024179223,-1.20904256940198,0.230727732250741,-0.712382893105428,-0.132250994300722,-0.991307036099573,-1.46342764737006,-1.60273877112667,-1.36628212086771,-1.21964617523082,-0.449497920639709,-1.0224336155363,0.847218403937645,0.132250994300722,2.39771481719941,1.08331661651464,0.581884910851876,1.82812930240505,0
"1200","DTXSID9021974",-0.0901355063976196,0.501845261805422,0.401003274207466,0.731518149098203,-0.352984729893449,-0.607662886277084,-0.341534631585144,-0.554934746275254,-1.05233777281547,-1.01162797038232,-0.500345879449389,-1.07100169919907,-0.610635801146618,-0.247043701364871,-0.594177871259644,-0.490563539433066,-0.526592708992943,-0.167206904646022,-0.593899024179223,-1.20904256940198,-0.549463598442481,-0.712382893105428,-0.0863949242383139,-0.18933853496142,-0.257179232193038,-0.794818326301125,-1.07800930699416,-0.972544144848189,-0.971616845412569,0.538644814512061,0.144296797483693,0.0863949242383139,1.20904256940198,0.593549574960635,0.31478446245204,0.996473686899246,0
"1201","DTXSID90235602",0.399295847746327,0.742521741652942,-0.466617366691411,-1.21552219575125,-1.36724910973408,-1.03093634824716,-1.884551982693,-0.558526278011471,-1.86637399384969,-2.59576767593872,0.27878242654875,-0.350275226329974,0.32688241243116,-0.450088961013985,0.943426537809321,-0.490563539433066,-1.20699219932541,-0.028615160873814,-0.593899024179223,-1.20904256940198,-0.549463598442481,-0.712382893105428,0.152122264137668,-0.171322359675796,-1.46342764737006,-2.31660025015627,-1.09917070334794,-0.913556001033565,-1.38374984764557,-0.188117859486991,0.200215420881755,0.028615160873814,2.59576767593872,0.898528134068816,0.655960173447049,1.73815715608104,0
"1202","DTXSID9023881",0.259458317990914,-1.83873350471171,1.92801560218949,1.40291137146008,2.01363215640135,0.714860807297146,1.79536666539611,1.38310360018993,1.36725583157799,1.92758175781574,-0.648320271941059,-0.288576330533924,-0.902602120319273,-0.250126716397364,-1.39091188903257,-0.490563539433066,0.834206271671988,0.892941271166914,-0.593899024179223,-1.20904256940198,-0.549463598442481,-0.712382893105428,-2.8417872638021,0.235568996604689,2.51579071534707,0.700380829587415,0.798365360679133,1.52094936092481,-0.262123410735308,0.890920126734657,0.0438957273183483,0.235568996604689,2.8417872638021,1.10532807250236,0.699890733075328,2.00118821083878,0
"1203","DTXSID9023960",-0.531161561780077,0.874893805569078,-0.32779806414759,-1.18195253463315,-1.36724910973408,-1.04840132406419,-0.455634900103813,-2.88395339523178,-4.30119597170827,-3.25203461431036,4.02947783334097,2.67936081681294,4.61911965144987,0.753173500584791,-0.277189867309963,-0.490563539433066,-1.43379202943623,-0.526196230903451,-0.593899024179223,-1.20904256940198,-0.549463598442481,-0.712382893105428,0.146736677299067,-0.814617484714228,-1.46342764737006,-1.9453792343036,-1.37046708353605,-1.05583672772847,-1.79256696016426,-0.351785593041737,0.386784536837592,0.146736677299067,4.61911965144987,1.43462514146134,1.24445506575426,3.02752762562679,1
"1204","DTXSID9024437",-0.886133752697665,1.65709236507352,-0.744255971779051,-1.33301600966457,-1.36724910973408,-0.883667444524919,-1.60389127954688,-1.70379961285103,-0.981811496648254,-1.49763655310559,0.203068822755949,0.0844387460314397,0.911911608092146,-0.476114799798423,1.26891356131107,-0.490563539433066,-1.20699219932541,-0.975448972532026,-0.593899024179223,-1.20904256940198,0.124824791073776,-0.712382893105428,-0.189089321804979,-0.96715737820888,-0.581319565789444,-1.23318937105104,-1.68391655493576,-1.55883613856311,-0.962703163384863,-0.873573915017464,0.750054116783827,0.0844387460314397,1.70379961285103,0.965531351047367,0.481221930559995,1.58149542216416,0
"1205","DTXSID9024699",0.20567465270037,0.652268061710122,-0.0732960094839198,-0.695192448420789,-0.352984729893449,-0.168589401092662,-0.635402918011452,-0.945050339806051,-1.53668705218738,0.598916803942043,-0.207973714445261,-0.435683384166353,-0.152279444080376,-0.345515054083877,-0.164640283420191,-0.490563539433066,-0.299792878882121,-0.190567742089565,-0.593899024179223,-1.20904256940198,-0.549463598442481,-0.712382893105428,0.219226204923288,-0.19393356378194,-0.171278150991749,-0.644046737435316,-0.667236117495112,-0.383809519405849,-0.695680361301158,0.375756451117099,0.168828059208304,0.0732960094839198,1.53668705218738,0.485561121647656,0.331885540134335,0.910374613019605,0
"1206","DTXSID9024724",0.0765938560030653,0.65828497370631,0.782756356202972,0.345467046240123,-1.36724910973408,-0.445433913900781,-1.39644800352172,-2.31518760469034,-1.52994638429305,-0.869873816127174,0.209558335969534,-0.384495987406315,0.165750071814269,-0.0772608560501123,0.920698779695078,-0.490563539433066,-1.43379202943623,0.192883718233746,-0.593899024179223,-1.20904256940198,1.28003571086115,-0.712382893105428,-0.0107466741503149,-0.329633534653859,-1.46342764737006,-2.49171219558046,-0.963072367406461,-0.7677564827697,-0.191075422519809,0.226507065518366,0.17423776577472,0.0107466741503149,2.49171219558046,0.796717865665825,0.644194596164814,1.62128694875679,0
"1207","DTXSID9025114",1.07697003040718,-1.18890700912341,1.75449147400971,0.244758062885841,0.661279649947178,-0.510524277898019,-0.645920888924878,-1.04897101267725,-0.977200804154146,-0.446771162244292,-0.184812012426967,-0.19965451940196,-0.317218133601733,-0.307255903112128,-0.1126931076147,-0.490563539433066,1.28780593189363,1.39935178424664,-0.593899024179223,-0.360735551841972,1.98765294231684,-0.712382893105428,-2.03937266322195,1.30005916184136,-0.351125429760611,-0.430202231323588,0.278633266147736,0.309767272042126,0.158340912966254,1.27787741106767,0.0167763214473288,0.1126931076147,2.03937266322195,0.755173268793916,0.558391839644749,1.46991482353919,0
"1208","DTXSID9025245",1.6632119820741,-1.20695774511197,2.19408593206514,2.56106468003432,-1.36724910973408,-0.680307395676197,-1.75315274447123,-2.39991308722372,-1.64617294864863,-0.991478692228472,0.242725459404845,-0.401268579513334,0.120869081560217,-0.427771104123251,0.911853885896468,-0.490563539433066,-1.43379202943623,1.20846513722582,-0.593899024179223,-1.20904256940198,1.6774543754815,-0.712382893105428,-1.55572247798773,1.43660697937335,-1.46342764737006,-3.10861995954167,0.583029468978108,1.23945546615331,0.857173583938379,1.6983476122714,0.0194127857374685,0.120869081560217,3.10861995954167,1.26120217305477,0.711036024184955,2.17132828401152,0
"1209","DTXSID9025297",1.08772676346528,0.0204923021103821,0.771188080990987,-0.628053126184601,-1.36724910973408,-0.550367923127583,-1.6734615220894,-1.91045620562721,-1.33298381919932,-0.708069881834849,0.198476466641597,-0.269462970905701,0.283314289021875,-0.433006880938502,0.989538921989271,-0.490563539433066,-1.20699219932541,0.0717363222586664,-0.593899024179223,-1.20904256940198,0.61358471341578,-0.712382893105428,0.051900339033288,0.0954502263155405,-1.16082746404467,-1.7100075786729,-0.98598354814179,-0.958483050519842,0.196935222211263,0.307561562135955,0.0531216056264335,0.0204923021103821,1.91045620562721,0.752973283868514,0.529548503144133,1.430795367893,0
"1210","DTXSID9025299",1.87296827670722,-2.07339307256304,1.69665009794979,0.496530521271546,0.661279649947178,-0.104854888834366,-0.119792786699737,-0.553199659780411,0.0708156866416472,0.479999324692701,-0.509523904004026,-1.04086937247493,-0.665420144904666,-0.263445121693029,-0.551204876309449,-0.490563539433066,0.834206271671988,1.29369882126983,-0.593899024179223,-1.20904256940198,0.218402204586436,-0.712382893105428,0.627066041552019,1.35709459803098,-0.203458616456884,0.507044195081826,0.710269216885921,0.716736302306023,1.42170677902641,2.86506474146881,0.003981646197263,0.0708156866416472,2.86506474146881,0.830686106631019,0.647419621199731,1.65938322176667,0
"1211","DTXSID9025405",-0.0901355063976196,0.670318797698686,-0.293093238511635,1.016860268602,-1.36724910973408,-0.629885960503969,-1.81401796267464,-2.38523916005559,-1.64141657482859,-1.06496453823674,0.357113079309647,-0.059953459454732,0.666720568762721,-0.49907426893545,1.47636982216462,-0.490563539433066,-1.43379202943623,-0.457448623569594,-0.593899024179223,-1.20904256940198,1.18893615577912,-0.712382893105428,-1.50633513275408,-0.223299016272702,-1.46342764737006,-2.58732046380391,-0.907965949689732,-0.997400048043021,-0.580529046446983,-0.37126984703635,0.338981085092895,0.059953459454732,2.58732046380391,0.958534143406406,0.637417032076824,1.77442794446474,0
"1212","DTXSID9025453",-0.197702836978707,0.874893805569078,-0.767392522203021,-0.896610415129353,-1.36724910973408,-0.380368398954201,-1.97720525600857,-2.05543713920889,-1.90604892955462,-0.368243226434734,0.399494881769653,0.0134218651456825,0.742812671019623,-0.525864850476217,1.58969112167009,-0.490563539433066,-1.43379202943623,-0.530205713411619,-0.593899024179223,-1.20904256940198,0.655331097531419,-0.712382893105428,-0.110873980036003,-0.632735808333396,-1.46342764737006,-2.03291482145743,-1.52225755516273,-1.30698725455847,-0.786377327421989,-0.389195360711393,0.36710877837909,0.0134218651456825,2.05543713920889,0.931080788380232,0.599809061600964,1.69883638722946,0
"1213","DTXSID9025580",-0.353675466321283,0.62820041372537,-0.385639440207515,-0.35949583723985,-1.36724910973408,-0.35130673282725,-1.71163653128463,-1.80469777223301,-1.61938444250719,-0.124658653997294,0.274714395037051,-0.016808750347959,0.681139359038578,-0.481204410508416,1.43003873480898,-0.490563539433066,-1.20699219932541,-0.47829221159065,-0.593899024179223,-1.20904256940198,-0.459029626201477,-0.712382893105428,0.0767545032939526,-0.321345399518253,-1.08297149920966,-1.44210057206467,-1.20807595893924,-1.11770738536298,0.196935222211263,-0.351395907961845,0.42754962048119,0.016808750347959,1.80469777223301,0.751244618720585,0.531485157552329,1.43154562038757,0
"1214","DTXSID9025669",2.74964202094308,0.483794525816858,2.13624455600522,2.32607705220767,-1.36724910973408,-0.464176029648413,1.96205328899769,0.169861613135867,-0.26580132054144,0.0884604832969203,-0.165136240685538,-2.53207951261997,-1.24461346255647,12.1314292849159,1.40220269673014,-0.490563539433066,-1.43379202943623,1.43804972659955,-0.593899024179223,-1.20904256940198,-0.549463598442481,-0.712382893105428,-1.17426258198874,1.24121479720351,-1.46342764737006,-1.65753515172041,0.804033811180053,1.72114636888637,-0.760494635904503,0.948593518558711,0.0303156461122308,0.0884604832969203,12.1314292849159,1.52289076970819,2.12735905516046,4.24591036031357,1
"1215","DTXSID9026766",0.431566046920653,-0.448826833592282,1.41901149286215,1.36934171034199,-1.36724910973408,-1.03093634824716,-2.04163536432765,-1.40794873678697,-2.30043895091645,-2.59576767593872,0.194649503212969,-0.393811275612495,0.397099456165493,-0.398240434722285,0.755950834379297,-0.490563539433066,-1.20699219932541,-0.00797180860227415,-0.593899024179223,-1.20904256940198,-0.549463598442481,-0.712382893105428,-3.0624183260662,-0.129419976073075,-1.19716024763434,-2.73234332524136,-1.43632329146589,-1.0339322854048,-1.39423233771015,0.254954076350501,0.0851213033494922,0.00797180860227415,3.0624183260662,1.08545244240656,0.806870062104565,2.1182461219004,0
"1216","DTXSID9026841",1.92675194199777,-1.06255185720346,1.31489701595428,0.345467046240123,-1.36724910973408,-0.454011921555502,-1.66460712758398,-2.1674529395032,-1.27809485177381,-0.623046953897023,0.281037601426328,-0.224420934204606,0.316796910923798,-0.469911038395161,1.2238821176009,-0.490563539433066,-1.43379202943623,0.994541843974949,-0.593899024179223,-1.20904256940198,0.308039523578119,-0.712382893105428,0.251138342419491,0.584754207530147,-1.46342764737006,-1.7924875473791,0.570747762760488,0.532275835716916,2.49355862615961,0.984444545908798,0.0126802570118227,0.224420934204606,2.49355862615961,0.97117584354492,0.620530536891971,1.76545493076664,0
"1217","DTXSID9027021",-0.611837059715893,1.54277103714595,-1.01032630165471,0.00977043505918363,-1.36724910973408,-0.461692454867469,-1.96996199262269,-2.10393099818471,-1.17632638146457,-0.736177500298376,0.47179325067201,0.253381461286068,1.07972821275201,-0.572030667574835,2.15813330383921,-0.490563539433066,-1.43379202943623,-0.631658493166437,-0.593899024179223,-1.20904256940198,0.143863522071882,-0.712382893105428,-0.0688239454189929,-0.492528449588685,-1.46342764737006,-1.67217198254865,-0.705733156924561,-0.645751097104191,0.848214190720788,-0.735235711655714,0.572784412120442,0.00977043505918363,2.15813330383921,0.912406613966588,0.585806851677612,1.66223938411393,0
"1218","DTXSID9027073",-1.34329490766729,0.513879085797798,-0.802097347838976,-0.393065498357944,-1.36724910973408,0.14611658766804,-1.17398848290153,-0.981389561481108,-0.715167554623357,-0.212267026617361,0.763818497482241,1.53869113423139,1.39195333692571,-0.714160891678581,2.4186259512856,2.00528604715622,-1.43379202943623,-2.27835915704399,0.800124706243689,1.67319318195173,-1.67928722008742,0.491515465212669,-0.00905385615414928,-1.72288490283715,-1.46342764737006,0.314074500624856,0.455419117393983,1.40074595764802,0.746161102351661,-2.20317940760983,0.555610992659995,0.00905385615414928,2.4186259512856,1.10507564244709,0.665029809824982,1.95631379902307,0
"1219","DTXSID9027104",2.53450735978091,-1.92297027265834,1.7660597492217,0.379036707358217,-1.36724910973408,-0.658376002792133,-1.82226029687236,-2.28299016360545,-1.48298636862516,-0.948463197360276,0.274504481294385,-0.333010930924829,0.1823003819463,-0.447433467692837,1.06666627633781,-0.490563539433066,-1.43379202943623,1.76950186978067,-0.593899024179223,-1.20904256940198,0.721074215509254,-0.712382893105428,0.215892377156514,1.59354314442598,-1.46342764737006,-2.57981857836548,0.866120788168455,1.60431860318004,2.23582307089019,2.21195254756939,0.0151530146131393,0.1823003819463,2.57981857836548,1.23899892213922,0.735565075324986,2.18052221855521,0
"1220","DTXSID9027150",0.0927289555902285,0.128796718041766,0.111796393907841,1.90645628823149,-1.36724910973408,-1.04840132406419,2.88014877700128,1.5914850866924,-4.30119597170827,-3.25203461431036,7.29116192426159,4.9117565001629,7.70802442393076,1.76871958840544,0.183417549305986,-0.490563539433066,-1.43379202943623,-0.13921680737438,-0.593899024179223,-1.20904256940198,-0.549463598442481,-0.712382893105428,0.38472926907072,-0.44990593957824,-1.46342764737006,-1.06264379067633,-0.333513432902758,0.364269665355575,-1.59602027145335,0.092065712955539,0.14418540185227,0.092065712955539,7.70802442393076,1.64727698053613,2.00311752106058,4.21126740749368,1
"1221","DTXSID9027312",-0.541918294838186,1.30811146929461,-0.663278045295156,-1.28266151798743,-0.352984729893449,-0.44032200261225,-0.760021345138236,-1.44266886603797,-1.18589340025775,-0.312376297846194,-0.198568672185871,-0.338821183133357,-0.187289825964011,-0.333351449900305,-0.176705573439552,-0.490563539433066,-0.072993048771299,-0.474187378725569,-0.593899024179223,1.24991342205338,0.202764596097273,-0.712382893105428,-0.491086778853791,-0.558354237551682,-0.0783700329553088,-0.877624463939432,-1.00344276721208,-0.933699374764593,-0.798591201081868,-0.305413068534559,0.364582920922409,0.072993048771299,1.44266886603797,0.61227528336943,0.395229709202358,1.11816931114845,0
"1222","DTXSID9027653",1.32975325727273,-0.779756993382622,1.03725841086664,-0.946964906806494,-1.36724910973408,-0.203800050143518,-0.942305501316431,-0.647317418537483,-1.54497813110242,0.503267160019632,-0.0433509713705415,-0.674857539396348,-0.283748937283775,-0.349820319279264,0.222687367468049,-0.490563539433066,-1.43379202943623,0.25695439056105,-0.593899024179223,-1.20904256940198,1.65724431630675,-0.712382893105428,0.295157960894831,0.366334008242581,-1.19248888974424,-1.76317311460611,-0.852803222424158,-0.767099741992225,-1.07189576822426,0.33094266692949,0.0419749641050577,0.0433509713705415,1.76317311460611,0.795696340315388,0.479943738220158,1.41002432523719,0
"1223","DTXSID9027786",2.01818417299169,-1.68831070480701,0.481981200691361,-0.258786853885568,-1.36724910973408,-0.571724515145114,-1.69187014296833,-2.2444488009078,-1.41169869443843,-0.76690533937205,0.244014130763462,-0.363107067827252,0.121801882489898,-0.43918504964988,1.02047638664593,-0.490563539433066,-1.43379202943623,3.59827404018249,-0.593899024179223,-1.20904256940198,0.321547992658105,-0.712382893105428,0.359391178357309,3.29166481553891,-1.46342764737006,-2.21552865232005,3.52808129541198,4.35050006506535,6.12672781007657,4.08867589233049,0.0678217361299159,0.121801882489898,6.12672781007657,1.6157747832395,1.48939555775775,3.52220109716943,1
"1224","DTXSID9029142",-0.54729666136724,1.75937986900871,-0.917780099958826,-1.1651677040741,-1.36724910973408,-0.817261840871931,-2.00440140908852,-1.79092710818265,-2.16225728279353,-1.05990778717567,0.531181196556093,0.475655577814674,0.957119453360115,-0.61039047540935,1.59960065047285,-0.490563539433066,-1.43379202943623,-0.680859277333248,-0.593899024179223,-1.20904256940198,-0.549463598442481,-0.712382893105428,-0.128179487917543,-0.802481976511796,-1.46342764737006,-1.79831781704049,-1.36628212086771,-1.01942595502686,-1.20563414869697,-0.694318778267027,0.718933919704581,0.128179487917543,2.16225728279353,1.06378823629662,0.519410817492283,1.72863408268674,0
"1225","DTXSID9029227",1.02856473164569,-0.587215809504606,0.192774320391736,-0.930180076247447,-0.352984729893449,-0.351981815293222,-0.680406577471779,-1.22130486654338,-0.803849346739871,-0.097998475867632,-0.169010177252534,-0.446530190804385,-0.222604742393127,-0.346848825431685,-0.0841814346571463,-0.490563539433066,-0.299792878882121,-0.111569971387622,-0.593899024179223,1.19090777217074,0.345117964861173,-0.712382893105428,0.248823854739101,-0.315849508482394,-0.336592316324744,-0.596629928930465,-0.812723749373998,-0.980330218509139,-0.140927707704679,0.547997256429475,0.040616245188625,0.0841814346571463,1.22130486654338,0.508018156821702,0.329032444079552,0.929179685243528,0
"1226","DTXSID9029649",-1.3056463419639,1.47658500518788,-0.975621476018752,-1.08124355127887,-0.352984729893449,-0.800143432460183,-0.918390290561549,-0.971859263134918,-1.07137123050617,-1.64432184265994,0.269390819871105,1.08754358754107,-0.0156632639157049,-0.429424176594801,-0.914062751093217,2.00528604715622,-0.526592708992943,-1.43817471959233,-0.593899024179223,0.694482140416145,0.716612012931573,-0.712382893105428,-1.49086961285439,-0.642417566638185,-0.250172195357887,-0.877502150589892,-0.991986520853724,-0.891190647148546,-1.00638020532062,-0.882536671854985,0.687899550220457,0.0156632639157049,2.00528604715622,0.90115789598912,0.438809049986306,1.46283347997159,0
"1227","DTXSID90305495",1.45345568744098,-2.58483059223902,1.80076457485765,2.29250739108957,-1.36724910973408,-0.672621023936215,-1.97665667737714,-2.32938867975888,-1.54530253710304,-0.89021252692206,0.272363976325833,-0.425033741732006,0.0815262166869558,-0.428931139436625,0.93359618134164,-0.490563539433066,-1.43379202943623,2.17979922309268,-0.593899024179223,-1.20904256940198,2.39063209996296,-0.712382893105428,-3.0624183260662,2.34916848754548,-1.46342764737006,-3.35862844600061,1.12967128214363,1.50530857964908,2.15292582803253,3.11446319259985,0.0298173814080962,0.0815262166869558,3.35862844600061,1.54001877413336,0.901648714336999,2.69412912848472,0
"1228","DTXSID90333738",1.71699564736464,-1.04450112121489,0.0770915682718856,0.261542893444888,-1.36724910973408,-0.648879322029412,-1.86487016063482,-2.22029908148679,-1.63652817247332,-0.987296977652436,0.309562764354522,-0.237741912005441,0.334291679326295,-0.469255980142964,1.20859048821341,-0.490563539433066,-1.43379202943623,0.585679513534477,-0.593899024179223,-1.20904256940198,0.739881573040369,-0.712382893105428,0.147056149565744,0.40798446199497,-1.46342764737006,-2.34118523341373,-0.389133486010815,-0.153173535915506,0.701100954087938,0.734266724617971,0.0486976347011055,0.0770915682718856,2.34118523341373,0.88290887378191,0.631055165060417,1.69065948505924,0
"1229","DTXSID90333935",2.03969763910791,-2.33813720039531,2.07840317994529,1.8728866271134,-1.36724910973408,-0.839273409124039,-2.11802922601269,-2.0716007686867,-1.43081168512688,-1.49264149812555,0.315311448309257,-0.357103781661171,0.208257829354575,-0.446755190233212,1.03722263373632,-0.490563539433066,-1.43379202943623,0.809233192833499,-0.593899024179223,-1.20904256940198,2.35075407345723,-0.712382893105428,-3.0624183260662,0.911449649249279,-1.46342764737006,-3.35862844600061,-0.548311553974138,-0.469421328421121,-0.0527647897232421,1.53857672951558,0.044101999661503,0.0527647897232421,3.35862844600061,1.30060156729444,0.855035974722487,2.39504761493923,0
"1230","DTXSID90333995",2.2171837345667,-2.42839088033813,1.9164473269775,2.09108942438101,-1.36724910973408,-0.738125022451906,-2.08874491236676,-2.20482522081472,-1.84059802008238,-1.13839871590702,0.306482525497334,-0.371174987675843,0.183036416814505,-0.443040824359177,1.01558634147811,-0.490563539433066,-1.43379202943623,0.995214063991182,-0.593899024179223,-1.20904256940198,2.34748921170727,-0.712382893105428,-3.0624183260662,1.11743652744517,-1.46342764737006,-3.35862844600061,-0.349616060314757,0.057452491986583,0.196935222211263,1.76030753997427,0.033830928198031,0.057452491986583,3.35862844600061,1.31663263520228,0.892485203132373,2.45901369521172,0
"1231","DTXSID90334285",1.19529409404637,0.616166589732994,1.02569013565466,-0.00701439549986335,-1.36724910973408,-0.396028963201225,-1.36448667397325,-2.09005557867097,-1.32526208113043,-0.748129831124351,1.65796682663743,0.67548081323507,1.49848724301175,-0.429573860111941,-0.299710873035737,-0.490563539433066,-1.43379202943623,0.355027000163322,-0.593899024179223,-1.20904256940198,-0.837449194803156,-0.712382893105428,0.307814924910268,0.501735956634259,-1.46342764737006,-1.37164808272986,-0.337126451659536,-0.0845180911146279,0.0908354502281737,0.572157731382794,0.0754078026188567,0.00701439549986335,2.09005557867097,0.835267255178404,0.541370570019106,1.52822158480286,0
"1232","DTXSID90334942",1.89986010935249,-2.25991734444487,0.516686026327316,1.20149340475152,-1.36724910973408,-0.687737331285988,-1.8387019266207,-2.39690456123018,-1.60887243347434,-0.947486262841673,0.229650678126349,-0.49132143903193,-0.0333638788483086,-0.411813880071316,0.834445290013816,-0.490563539433066,-1.43379202943623,6.71204006303243,-0.593899024179223,-1.20904256940198,2.39498300043553,-0.712382893105428,-3.0624183260662,7.27195202899087,-1.46342764737006,-3.35862844600061,6.82937789370328,10.0287003112973,8.95198535603216,8.45977343348188,0.129170069414818,0.0333638788483086,10.0287003112973,2.65661567460404,2.90554330234217,6.37571110160201,1
"1233","DTXSID90336461",-0.488134629547642,1.00124895748903,-1.03346285207868,-0.560913803948413,-0.352984729893449,-0.299224705866715,-0.318917438850095,-0.465483360715847,-0.0841626663641517,-0.164116241600572,-0.12014294268457,-0.145064980049482,0.053840095616798,-0.395602062763571,0.219482738211608,-0.490563539433066,-0.072993048771299,-0.642342500658474,-0.593899024179223,0.777515039914339,-0.487777498409171,-0.712382893105428,0.258392950816386,-0.581701292485059,-0.172835270288449,0.123836470974271,-0.597611583280276,-0.741612560202117,0.10131581473633,-0.724324529418731,0.346065653704743,0.053840095616798,1.03346285207868,0.426062874078441,0.277971671051228,0.781866613024013,0
"1234","DTXSID90336921",0.313241983281457,1.54878794914213,-0.408775990631485,-1.33301600966457,-1.36724910973408,-0.878422753870341,-1.4979565807521,-1.05043887046824,-1.80660841037559,-1.18284615933633,0.199326902959069,-0.407865425271781,0.252816607606021,-0.440875575097706,0.755880641046918,-0.490563539433066,-0.980192369214586,-0.420028375999313,-0.593899024179223,-1.20904256940198,-0.549463598442481,-0.712382893105428,0.193873892797317,-0.575269955558718,-1.46342764737006,-1.44638153929856,-0.846721123505378,-0.725125814741141,-1.11120510596644,-0.767189888206878,0.368215084814513,0.193873892797317,1.80660841037559,0.850962543548613,0.457646659111709,1.4367502672116,0
"1235","DTXSID90336926",1.851454810591,-2.33212028839913,1.98585697824941,1.82253213543626,-1.36724910973408,-0.780115621229499,-2.11802922601269,-1.99666360958691,-1.79319511517819,-1.40187907162706,0.315311448309257,-0.357103781661171,0.217653837649404,-0.446755190233212,1.03722263373632,-0.490563539433066,-1.43379202943623,0.740533260678098,-0.593899024179223,-1.20904256940198,2.35683673350161,-0.712382893105428,-3.0624183260662,0.911759847392459,-1.46342764737006,-3.35862844600061,-0.609522852639859,-0.414255936243458,-0.348898579968148,1.51480593964215,0.0440561349920671,0.217653837649404,3.35862844600061,1.30146368275641,0.836898774743586,2.3726941144282,0
"1236","DTXSID90337933",2.18491353539237,-2.39830632035719,2.40231488588087,1.72182315208197,-1.36724910973408,-0.726215204539962,-2.08874491236676,-1.95569830292643,-1.98441065218031,-1.09327395427338,0.306482525497334,-0.371174987675843,0.200382893666503,-0.443040824359177,1.01558634147811,-0.490563539433066,-1.43379202943623,0.995214063991182,-0.593899024179223,-1.20904256940198,2.32251740394847,-0.712382893105428,-3.0624183260662,1.11689966020986,-1.46342764737006,-3.35862844600061,-0.431172828153459,-0.497446435863254,-0.363454148026266,1.77472588793029,0.0445020719242199,0.200382893666503,3.35862844600061,1.33617341685086,0.86470485164942,2.44299562696212,0
"1237","DTXSID90338228",-0.272999968385468,1.01929969347759,-0.200547036815755,-0.896610415129353,-1.36724910973408,-0.670046525694091,-2.05404001793458,-2.24160295681483,-2.04903311558234,-1.1329603204513,0.468078844991284,0.157713272099957,0.249419736833185,-0.542211603014649,0.953477098714461,-0.490563539433066,-1.43379202943623,-0.405911755658428,-0.593899024179223,0.545734752283541,0.116664744693294,-0.712382893105428,-0.348858126736169,-0.283414890144381,-1.46342764737006,-2.67477450872472,-0.654766131086175,-0.567706059836565,-0.348898579968148,-0.334639449526478,0.424219649664287,0.116664744693294,2.67477450872472,0.841690794928494,0.679085621632553,1.71092039061816,0
"1238","DTXSID90339275",0.592917042792284,-0.0697613778324382,1.2223508142584,-1.24909185686934,-0.352984729893449,-0.00190092789126141,0.935104056361526,-0.147818843956133,0.0888885357161171,0.737251530676999,-1.12638267094611,-1.80423023612391,-1.50991899321326,1.36195303427238,-1.49113455740068,-0.490563539433066,-0.072993048771299,0.043994135914996,-0.593899024179223,-1.20904256940198,2.64541729020598,-0.712382893105428,0.439682839844371,-0.24680199107057,-0.172056710640099,-1.49041434513281,-0.426284427438145,-0.140762272233881,-0.695680361301158,0.353544401563241,0.0245991272346513,0.00190092789126141,2.64541729020598,0.747506968614684,0.642896097289299,1.57041397314499,0
"1239","DTXSID90342567",0.964024333297035,-0.93619670528351,1.3033287407423,1.25184789642866,-0.352984729893449,-0.808831146755145,-0.482146877515698,-1.11959767016385,-0.516322609972516,-1.3603401310947,-0.460372484452608,-1.14315046248084,-0.675153171229808,-0.219527916972844,-0.640709134841837,-0.490563539433066,-0.753392539103765,0.0887658960032257,-0.593899024179223,-1.20904256940198,2.16434884924589,-0.712382893105428,-3.0624183260662,0.413701410051353,-0.678380001950417,-1.64200135632888,-0.842170454355754,-0.818948846568447,-1.05716043400718,1.2860607977454,0.0254948215632929,0.0887658960032257,3.0624183260662,0.934925698289034,0.597237511726528,1.69938971329899,0
"1240","DTXSID90345573",-1.12278187997606,0.188965838003646,-0.316229788935605,-1.09802838183792,-0.352984729893449,-0.78535089390801,0.208307010572058,1.19637745261786,0.555805384079605,-1.59534990731626,0.207700646083999,0.993398406234902,0.132705863473382,-0.524475683930981,-0.168584449480774,-0.490563539433066,-1.20699219932541,-1.38729100162601,-0.593899024179223,1.14490694386478,-0.549463598442481,-0.712382893105428,0.231319780121255,-1.03204626109524,0.481933393973947,0.178959020500116,-1.00703097275683,-0.787866030419535,-1.12725579963811,-1.32677766293215,0.48659342616133,0.132705863473382,1.59534990731626,0.723524481258603,0.434003291832161,1.27904869480377,0
"1241","DTXSID9035620",-0.208459570036816,0.742521741652942,-0.0848642846959048,-1.26587668742839,-1.36724910973408,-1.03093634824716,-0.501461986871501,-0.502704577801918,-1.56056071650726,-2.59576767593872,-0.261340092290039,-1.01027687181342,-0.492135874013721,-0.286622692756286,-0.412434479403793,-0.490563539433066,-0.980192369214586,-0.28787754883654,-0.593899024179223,-1.20904256940198,1.81798276916055,-0.712382893105428,0.230080958741619,-0.444443751348646,-1.06610270682874,-1.941995231633,-1.3551872430226,-1.22789417754187,-1.52395315225935,-0.478433244006719,0.275961564836704,0.0848642846959048,2.59576767593872,0.889441462930196,0.605427524366317,1.66438869411908,0
"1242","DTXSID90359554",0.221809752287533,0.285236429942654,-0.466617366691411,0.227973232326794,-0.352984729893449,-0.219001778642888,-1.63408566401227,-0.964842977729896,-1.03873438372075,0.256774100535317,0.891116914906267,1.44502268431833,2.08090002198087,-0.613486410455991,3.43650410017325,-0.490563539433066,-1.43379202943623,-0.349049570313704,3.37198942317396,-1.20904256940198,1.68960692112411,1.44489104308263,-2.41004829121771,0.270282736600679,-0.651130414258165,-0.432607727197866,-0.140117527221485,0.339239397903038,-0.367506550496992,-0.759396186609033,0.20728360467302,0.140117527221485,3.43650410017325,0.98314514916961,0.895423112996915,2.12928673380566,0
"1243","DTXSID9040710",2.14188660315994,-2.12152836853255,-0.131137385543845,0.110479418413465,-1.36724910973408,-0.804232220807662,1.76879544982633,-0.0935323748791301,-0.59485141179566,-1.52207641224444,-0.133055617256168,-2.42974918200376,-1.27796160963598,11.5829992576281,1.25037897936587,-0.490563539433066,-1.43379202943623,0.875249012441816,-0.593899024179223,-1.20904256940198,-0.549463598442481,-0.712382893105428,-1.23598713624296,0.680811183488404,-1.46342764737006,-1.92148736002686,-0.0382268600859747,0.408643622814625,-1.103343238418,0.504352527481543,0.0347371597880172,0.0382268600859747,11.5829992576281,1.35168618810652,2.04320371109204,3.96698693830433,1
"1244","DTXSID9041237",0.877970468832165,-0.629334193477922,1.15294116298649,1.3022023881058,-1.36724910973408,-0.803237687462524,-1.17192063129791,-1.14621363389316,-1.55979855324846,-1.45469112681185,-0.158054643991571,-0.811711975981378,-0.213089652965482,-0.284245112749564,-0.0878645636918005,-0.490563539433066,-0.980192369214586,0.104727545750365,-0.593899024179223,-1.20904256940198,2.16613373027696,-0.712382893105428,-3.0624183260662,-0.115672642081692,-0.931152367781402,-2.17116967755369,-1.27458324551584,-1.09276823074865,-1.16144662639432,0.174678949892697,0.0583750473400296,0.0878645636918005,3.0624183260662,0.975378554754208,0.685242159606151,1.85248851905008,0
"1245","DTXSID9041366",-0.364432199379392,0.128796718041766,-0.339366339359575,-0.225217192767474,-0.352984729893449,0.2948214383753,0.0998703216640275,1.03007825373137,0.379053104116931,-0.783433487138712,0.407280023521481,1.61349602544802,0.228278313168557,-0.644585108863693,-0.59236290291736,-0.490563539433066,-0.072993048771299,-0.309569755034115,-0.593899024179223,-1.20904256940198,-0.549463598442481,-0.712382893105428,-0.0369888417127156,-1.22929284866447,1.60098312853576,0.910392850746902,-0.681854932755822,-0.488762536961086,-0.695680361301158,-0.378673863554302,0.13398342466057,0.0369888417127156,1.61349602544802,0.581486665032897,0.415253059463532,1.11301058114622,0
"1246","DTXSID9041491",-0.359053832850338,0.95913057351571,-0.408775990631485,-1.06445872071982,-0.352984729893449,-0.510054688046188,-0.191042056008481,-0.931614765633913,-0.746078971992118,-0.797226741564679,-0.604595186848742,-0.832936897247307,-0.899577399816981,-0.240019273425789,-1.06755926309178,-0.490563539433066,0.153806781339523,-0.682813959649953,-0.593899024179223,1.61854397459781,-0.322328380702639,-0.712382893105428,-0.620660798832011,-0.408964135463869,0.303902754384568,-0.709117439390381,-1.08068986430964,-1.00483370507949,-0.807126261944272,0.276776440824467,0.258015252355629,0.153806781339523,1.61854397459781,0.658383968150771,0.335271115997155,1.08753099662713,0
"1247","DTXSID9041520",-0.402080765082772,0.95913057351571,-0.443480816267441,-0.946964906806494,-0.352984729893449,-0.221299996327395,0.14765492576136,-0.203210484063976,-1.40409772343115,-0.0358020502368676,-0.745638367447871,-1.25674823002575,-0.853920831035207,-0.237016015721854,-0.931706284422212,-0.490563539433066,-0.526592708992943,-0.689431274419675,-0.593899024179223,-1.20904256940198,-0.549463598442481,-0.712382893105428,-0.135530966935323,-0.559503875863824,0.275615087161183,-0.615955438157722,-1.25911950155749,-1.05998936024655,-1.20563414869697,0.118953983468105,0.282460708030276,0.0358020502368676,1.40409772343115,0.638113822336716,0.39558845759027,1.14446704805226,0
"1248","DTXSID9041655",1.16302389487205,0.074644510076074,-0.0501594590599497,-1.13159804295601,-0.352984729893449,-0.165703198546821,-0.680406577471779,-1.02346878469092,-1.18066268114651,0.489006603431021,-0.169010177252534,-0.446530190804385,-0.209840353766185,-0.346848825431685,-0.0841814346571463,-0.490563539433066,-0.299792878882121,-0.180269903543023,-0.593899024179223,1.1815103979172,0.293753055189199,-0.712382893105428,0.254129672727451,-0.308331504382142,-0.336592316324744,-0.558672019456677,-0.919034899944114,-0.913435802748933,-0.337068859091778,0.524226466556048,0.0803433918597529,0.0501594590599497,1.1815103979172,0.515724423251255,0.357915854825732,0.973856717428192,0
"1249","DTXSID9042045",1.20067246057543,-0.172048881767634,0.377866723783496,-0.896610415129353,-1.36724910973408,-0.642095978627468,-1.88909929885269,-1.88366675123803,-1.9903094179644,-1.01503539214683,0.32926218055022,-0.183569332619909,0.440541237925776,-0.481578551630624,1.28991552628605,-0.490563539433066,-1.43379202943623,0.213717771219111,-0.593899024179223,-1.20904256940198,0.6916732585252,-0.712382893105428,0.199245330281801,0.0299114226343442,-1.46342764737006,-2.1529857595888,-0.798586560206666,-0.641634732833619,-0.363454148026266,0.147400994300239,0.0795733772084169,0.0299114226343442,2.1529857595888,0.843374631312467,0.612089910795638,1.62684971713088,0
"1250","DTXSID9042097",0.512241544856468,1.24794234933273,-0.640141494871186,0.0769097572953715,-1.36724910973408,-0.641085134543477,-0.848007883254776,-1.47795045603358,-1.47044826919525,-1.14056170235505,0.0354043560517425,-0.538898670684053,-0.0831987506990605,-0.384857162734664,0.425426494572872,-0.490563539433066,-1.43379202943623,-0.577017971137773,-0.593899024179223,-1.20904256940198,2.1098108177409,-0.712382893105428,-1.42706395712089,-0.238788217254179,-1.46342764737006,-2.65023029658378,-0.909360572809833,-0.982962640081265,-1.50969825379015,-0.624954834046206,0.357588596842862,0.0354043560517425,2.65023029658378,0.927443946656844,0.611101854952552,1.70965432099611,0
"1251","DTXSID9042334",0.367025648572001,0.393540845874038,-0.293093238511635,-0.309141345562709,-1.36724910973408,-0.51187278617453,-1.83200602593937,-1.96959906664799,-1.4016894386362,-0.720220007030191,0.390959657663126,0.038090630163824,0.410721186376531,-0.520453349722986,1.21984947569745,-0.490563539433066,-1.43379202943623,-0.276955165452221,-0.593899024179223,1.23072611741517,0.402968751749232,-0.712382893105428,0.109488792356942,-0.294767148562987,-1.46342764737006,-1.94350376294399,-0.857185428123595,-0.829795069107225,0.125728721654221,-0.00535555701752436,0.274044843125563,0.00535555701752436,1.96959906664799,0.750535048673792,0.583435840310713,1.49733292427151,0
"1252","DTXSID9042463",3.08847911227351,-3.65584092756049,1.96272042782544,2.6953433245067,-1.36724910973408,0.102584288950326,2.08629047132212,0.284879207294794,-0.185941671248902,2.7726886425326,-0.185960505016885,-2.59786329658753,-1.21673062996842,12.4848791276923,1.49686533400578,-0.490563539433066,-1.43379202943623,1.90545717618425,-0.593899024179223,-1.20904256940198,-0.549463598442481,-0.712382893105428,-1.11253802773451,1.80702996553508,-1.46342764737006,-1.40809746089266,1.66471036544423,3.17061725032291,-0.417873626435358,1.39283450963588,0.0113035773472706,0.102584288950326,12.4848791276923,1.85053485866911,2.22692471912185,4.70099849914507,1
"1253","DTXSID9044326",0.388539114688218,0.32735481391597,-0.269956688087665,-1.53443397637314,-1.36724910973408,-0.894856276370156,-1.66832213125463,-1.70010468987263,-1.79703262242603,-1.88322804829132,0.270640530742061,-0.282808596480448,-0.0867611663379236,-0.445036719084981,0.515038589312613,-0.490563539433066,-1.43379202943623,-0.23938235731088,-0.593899024179223,0.314444906623166,1.62819041952318,-0.712382893105428,-0.253561604200344,-0.080633597579474,-1.46342764737006,-2.95140653426678,-0.98164130067468,-0.784302782934184,-1.11120510596644,0.0441344481287918,0.22671868857749,0.0441344481287918,2.95140653426678,0.88381104212346,0.711919830706669,1.795068425428,0
"1254","DTXSID9044748",0.103485688648337,0.38752393387785,0.296888797299601,-1.03088905960173,-0.352984729893449,-0.488916551154292,-0.222493027933938,-1.01114468771389,-0.862872821142052,-0.257347403914108,-0.39290939554482,-0.88618948683942,-0.845772041249912,-0.279409632571505,-0.743342670212094,-0.490563539433066,-0.072993048771299,-0.194858508150624,-0.593899024179223,0.117913863946646,0.760995245101053,-0.712382893105428,0.429638342171641,-0.295764656671305,-0.440659789320867,-0.814225377761407,-0.393593036399133,-0.305135534823821,-0.773556304092821,0.147011309220347,0.142158560428367,0.072993048771299,1.03088905960173,0.490178680024856,0.285869073559957,0.856091094181601,0
"1255","DTXSID9044871",-0.020216741519913,-0.226201089733326,1.00255358523069,0.0936945878544185,-0.352984729893449,-0.384159973487519,-0.302786988867743,0.225601084172209,-0.418537310541134,-0.155735725864116,-0.387194372614505,-0.751459064066891,-0.364082040583021,-0.292400122898467,-0.176854482768708,-0.490563539433066,-0.526592708992943,-0.159388175379203,-0.593899024179223,-1.20904256940198,-0.549463598442481,-0.712382893105428,-0.0818395053890246,0.300872224318177,-0.158302156852581,-0.0778174713000105,-0.924253126904702,-0.994873610220347,-0.648644433275367,1.15122976010268,0.125141977942362,0.020216741519913,1.20904256940198,0.457787556579778,0.334364369196246,0.885773949150973,0
"1256","DTXSID90455808",0.0174318241834674,0.128796718041766,-0.32779806414759,-0.426635159476038,-0.352984729893449,-0.171867718465594,-0.319508162813185,-0.391207867822085,-1.39870307950082,0.656071949341589,-0.352198910859087,-0.778070180203565,-0.341655054439334,-0.315547224096168,-0.134357803333561,-0.490563539433066,-0.299792878882121,-0.24916053641225,-0.593899024179223,-1.20904256940198,-0.549463598442481,-0.712382893105428,0.270991036154075,-0.324075382671066,-0.190223102434933,-0.180397600447219,-0.702718010519878,-0.723280211738443,-0.648644433275367,-0.0493899710453486,0.181582181540471,0.0174318241834674,1.39870307950082,0.443561974492006,0.314457538670852,0.846067623990697,0
"1257","DTXSID9047045",1.28134795851124,-0.66543566545505,2.13624455600522,3.09817925792383,-1.36724910973408,-0.975943465659362,-0.846661462847753,-0.589351693628566,-1.16773433019634,-2.08630078293305,-0.158054643991571,-0.968000042785999,-0.654571438774473,-0.284245112749564,-0.240162952611954,-0.490563539433066,-1.43379202943623,0.667251743873055,-0.593899024179223,-1.20904256940198,2.46981140570248,-0.712382893105428,-3.0624183260662,1.04004417683664,-1.26878773528254,-2.80842222865499,-0.654691968994567,-0.880969560754863,-1.31736489867534,1.30398631142045,0.0483959006667787,0.158054643991571,3.09817925792383,1.21443036285417,0.807170310636202,2.24760836046851,0
"1258","DTXSID9047049",2.0881029378694,-1.79661512073839,2.10153973036926,1.50362035481436,-1.36724910973408,-0.577881605829479,-1.34738939322495,-1.19649759068556,-1.3422282526675,-0.662301206084952,-0.158054643991571,-0.727398676784144,-0.127983827152819,-0.284245112749564,0.0808985159224161,-0.490563539433066,-0.753392539103765,0.936649874775571,-0.593899024179223,-1.20904256940198,1.65929446735501,-0.712382893105428,-3.0624183260662,0.828178200406853,-0.783745074360458,-1.55112253762096,-0.607278688335154,-0.615182442360764,0.367399254315011,1.12784865530915,0.0273424498468687,0.0808985159224161,3.0624183260662,1.02201347215823,0.676655212799275,1.88813214454131,0
"1259","DTXSID9047128",-0.332162000205066,1.09751954942803,-0.605436669235231,-1.18195253463315,-1.36724910973408,-0.205214760372319,-1.64099540890289,-1.26583640592814,-1.56451486761489,0.15026892837675,0.200663302886528,-0.104308836335032,0.79918242011059,-0.453345592858129,1.12270068156048,-0.490563539433066,-1.20699219932541,-0.603487230216662,-0.593899024179223,-1.20904256940198,0.30827089704511,-0.712382893105428,-0.119338143408224,-0.794340505010164,-0.91168837657265,-1.56200842572999,-1.38756431956735,-1.24788657890626,-0.786377327421989,-0.645218458200603,0.479691891825151,0.104308836335032,1.64099540890289,0.822347051856847,0.474734707811767,1.43000747785591,0
"1260","DTXSID9047176",0.937132500651763,-0.593232721500794,1.47685286892207,1.21827823531057,-0.352984729893449,-0.680630716270799,-0.122357481252753,-1.09200365902374,-0.879210016133426,-0.840265292666622,-0.687110864798385,-1.31603041377223,-1.0724731139461,-0.190976212953703,-0.921262487712646,-0.490563539433066,0.153806781339523,0.235934404379706,-0.593899024179223,-1.20904256940198,2.07688967872334,-0.712382893105428,-3.0624183260662,0.368218148634523,-0.336073276559177,-1.27954613052655,-0.825543035645239,-0.85348826168336,-0.928580474372553,1.25293756595456,0.0218166123788701,0.122357481252753,3.0624183260662,0.892004180827116,0.604602727013353,1.66589567140421,0
"1261","DTXSID9047629",0.974781066355143,-1.09865332918059,1.77762802443368,1.52040518537341,-1.36724910973408,-0.684317676584014,-1.84530691470314,-2.31495326206754,-1.76663339476174,-1.04431321325792,0.258317661413017,-0.398886385211682,0.104440625031908,-0.437404202868578,0.896557480873165,-0.490563539433066,-1.43379202943623,0.598027384754635,-0.593899024179223,-1.20904256940198,1.76509740527693,-0.712382893105428,-0.0799494978379602,0.451923788016101,-1.46342764737006,-2.63836590167843,-0.395380205697133,-0.154807294602101,0.587831825334539,0.909625010569486,0.0348470418122425,0.0799494978379602,2.63836590167843,0.999132118284763,0.669128602771804,1.85561672983267,0
"1262","DTXSID9047677",-1.09589004733078,2.29488503666945,-1.24169180589441,-1.24909185686934,-1.36724910973408,-1.04840132406419,-1.13057237278174,-2.03816993145748,-2.120599752985,-3.25203461431036,0.203068822755949,-0.188898326735737,0.434763012062511,-0.476114799798423,0.897189886953846,-0.490563539433066,-1.20699219932541,-1.11723018574295,-0.593899024179223,-1.20904256940198,0.761928159109357,-0.712382893105428,-0.0396941597525709,-1.24826533648038,-1.46342764737006,-1.82481904277407,-1.69342529230212,-1.55883613856311,-1.56932874582594,-1.28001545334508,0.764269645402436,0.0396941597525709,3.25203461431036,1.1936157029038,0.691761079567484,2.07906988475018,0
"1263","DTXSID9047679",0.899483934948382,0.501845261805422,1.16450943819848,0.446176029594405,-0.52202879320022,-0.58161612769791,-1.17784431855932,-2.13274502413434,-1.34082436266679,-0.7979089653216,-0.0892915790335393,-0.541081617373834,-0.103836414976265,-0.329938815388839,0.297895927861072,-0.490563539433066,-0.753392539103765,-0.00153565951068532,-0.593899024179223,-1.20904256940198,1.80241464016731,-0.712382893105428,-1.56392358607773,-0.118199582335657,-0.727169739913687,-1.72085269566541,-1.26806139827969,-1.38504556631489,-0.807126261944272,0.187928242609033,0.0864832420382348,0.00153565951068532,2.13274502413434,0.808952151626742,0.557588843281815,1.52266587102746,0
"1264","DTXSID9049326",-1.46161897130648,2.03014090883717,-1.24169180589441,-1.1987373651922,-1.36724910973408,-1.03093634824716,-1.3345281502025,-0.5050912115213,-1.11867065117983,-2.59576767593871,0.385573476024239,0.337557486979931,1.50992467441729,-0.596214073680723,1.79387174992902,-0.490563539433066,-1.20699219932541,-1.41086160985476,-0.593899024179223,-1.20904256940198,-0.549463598442481,-0.712382893105428,-0.187013458952615,-1.27214862691199,-1.46342764737006,-0.795715290864415,-1.5212333700826,-1.44615900244976,-1.2523978292853,-1.24806127679392,0.830259793128966,0.187013458952615,2.59576767593871,1.1288978531846,0.536580015731957,1.81572027332151,0
"1265","DTXSID90505110",0.904862301477437,-1.52585408090993,0.0886598434838707,-1.11481321239696,-1.36724910973408,-1.04840132406419,1.82628459621155,1.30631585198154,0.361002570149585,-3.25203461431036,8.64318197042576,5.37930132491752,7.72460979285361,-0.080463146828066,0.502019425154676,-0.490563539433066,-1.43379202943623,-0.253880379079415,-0.593899024179223,-1.20904256940198,-0.549463598442481,-0.712382893105428,0.386862174749374,0.192888646345581,-1.46342764737006,0.615780762822527,-0.337929988526866,0.470972421186681,-1.25610157528019,-0.182662268368499,0.0858210507600958,0.080463146828066,8.64318197042576,1.50915675608756,2.10087484136653,4.19827655303672,1
"1266","DTXSID9051533",1.11999696263961,-0.466877569580846,0.840597732262897,0.714733318539156,-1.36724910973408,-0.6131315598818,-2.20469458011303,-1.73660864049359,-1.9890315691702,-0.17769209394723,0.468078844991284,0.124955853338453,0.619968531015073,-0.542211603014649,1.43092928365814,-0.490563539433066,-1.43379202943623,0.176488224362655,-0.593899024179223,-1.20904256940198,1.48783846497667,-0.712382893105428,-1.51930223759999,0.12749630086469,-1.46342764737006,-2.71664644538378,-0.623557447226947,-0.259121192183774,-0.928580474372553,0.141945403181747,0.0849193123415102,0.124955853338453,2.71664644538378,0.943361371515294,0.672361859979549,1.80398455228912,0
"1267","DTXSID9058650",2.29785923250252,-2.15161292851349,1.89331077655353,2.84640679953812,-1.36724910973408,-0.696508712223612,-2.0224069773729,-2.22973791260355,-1.6696855363198,-1.00391620352316,0.286352581486147,-0.403050576811121,0.126288238599341,-0.434669194340327,0.966904683897062,-0.490563539433066,-1.43379202943623,1.55315667746423,-0.593899024179223,-1.20904256940198,2.37815323016476,-0.712382893105428,-3.0624183260662,1.73203151230625,-1.46342764737006,-3.35862844600061,0.267518209934042,0.340918913627601,0.954991959107003,2.42549997135035,0.0310964774679582,0.126288238599341,3.35862844600061,1.41241281376553,0.906199937876749,2.57234873424776,0
"1268","DTXSID9058739",0.232566485345642,0.182948926007458,1.21078253904642,0.446176029594405,-1.36724910973408,-0.586484861785204,-1.334938606025,-2.10963665088987,-1.3532330296519,-0.752241141212224,-0.0577425698950392,-0.60978870062658,-0.11076339761291,-0.335787699304081,0.249631468284862,-0.490563539433066,-0.526592708992943,0.0108026766737822,-0.593899024179223,-1.20904256940198,1.85383014170524,-0.712382893105428,-0.221861592136562,-0.030154197175833,-0.822673056777961,-1.60632662937983,-1.08832896116233,-1.3422255210134,0.56599330436666,0.227676120758043,0.155840956315583,0.0108026766737822,2.10963665088987,0.741410805042599,0.575645827055127,1.47823746367316,0
"1269","DTXSID9058789",-0.33754036673412,1.1637055813861,-0.131137385543845,-0.628053126184601,-1.36724910973408,-1.04840132406419,5.01515687601089,-5.32773844107777,-4.30119597170827,-3.25203461431036,4.58038411830628,3.46164586083355,6.93880105249338,7.60661007052112,-1.11503014637655,-0.490563539433066,-1.43379202943623,-0.2932553089664,-0.593899024179223,-1.20904256940198,-0.549463598442481,-0.712382893105428,0.185823413921839,-1.10438498333232,-1.46342764737006,-3.80894542788889,0.231060048567136,0.951167550611128,-1.79256696016426,0.0655671275228658,0.2974513102649,0.0655671275228658,7.60661007052112,2.03866753892095,2.11786762473161,4.74953809857741,1
"1270","DTXSID9060360",0.969402699826089,-0.647384929466486,1.61567217146589,1.31898721866485,0.492235586640407,-0.897888852210164,0.294998218412259,0.426924586882532,-0.322937275609345,-1.72632599607789,-0.951638975201789,-1.51657115727023,-1.06659305046385,-0.179317600479219,-1.20170088914566,-0.490563539433066,-0.072993048771299,-0.0218214479438036,-0.593899024179223,-1.20904256940198,-0.549463598442481,-0.712382893105428,-3.0624183260662,0.422510682297093,0.0630683031616176,-0.540651185957844,-0.606370923673286,-0.882447393540926,-1.16491169086522,1.35854222260536,0.0231714007818671,0.0218214479438036,3.0624183260662,0.845988868575383,0.630610435473974,1.65317022598207,0
"1271","DTXSID9061207",0.646700708082827,-0.653401841462674,0.331593622935556,-0.594483465066507,0.661279649947178,-0.0392763085312178,1.42238387270202,0.810169012059324,1.04144897705212,0.641616914694689,-1.37755059857155,-1.86925955066446,-1.79902889561533,-0.276400783414056,-1.57145370300332,-0.490563539433066,1.74140559211528,0.110729850718002,-0.593899024179223,-1.20904256940198,-0.549463598442481,-0.712382893105428,0.474661060576794,0.244376598464021,1.11386430855141,0.794521337616391,0.490589633252592,0.992293312067609,-0.262123410735308,1.31411812349764,0.0136348639369462,0.0392763085312178,1.86925955066446,0.827669425198668,0.513052551937636,1.48437669167884,0
"1272","DTXSID9063039",0.958645966767981,-0.581198897508418,1.65037699710185,0.714733318539156,-0.352984729893449,-0.597413543373906,-1.14550698291081,-0.974642875442324,-1.41076340395153,-0.413710555668271,-0.0637510120491276,-0.409153828046907,-0.0126261195556716,-0.346974988229271,0.106818723685587,-0.490563539433066,-0.299792878882121,0.183877877023368,-0.593899024179223,-1.20904256940198,-0.549463598442481,-0.712382893105428,-1.47716891802878,0.464657743185479,-0.645940016602498,-1.21480159750359,-0.285222876007215,-0.256790251163655,-0.773556304092821,0.831298309511142,0.0265698985676747,0.0126261195556716,1.65037699710185,0.657592011309571,0.433228368408187,1.21212432287205,0
"1273","DTXSID9063320",-0.0417302076361305,-1.91093644866597,1.62724044667788,0.91615128524772,1.67554402978781,0.902873642482155,1.63264151119162,1.23388377210479,1.71545566117691,2.19368282891671,-0.984562955674801,-0.893325130635933,-0.946502225963725,0.925299912590519,-0.248256947053051,-0.490563539433066,2.64860491255856,0.759970430934694,-0.593899024179223,-1.20904256940198,-0.549463598442481,-0.712382893105428,-0.0468854849682902,0.666345090882108,1.73307874887248,1.87079727133181,1.95403664707969,2.88602607929535,1.5560062549105,3.48232590801814,0.0459273309871365,0.0417302076361305,3.48232590801814,1.30025051530732,0.823572352024395,2.35442312589854,0
"1274","DTXSID9063906",0.937132500651763,-0.370606977641838,-0.0501594590599497,-0.611268295625554,-1.36724910973408,-0.513885382317891,-1.88909929885269,-2.34753286831674,-1.47439367189139,-0.670960224411932,0.32926218055022,-0.183569332619909,0.408829709930726,-0.481578551630624,1.28991552628605,-0.490563539433066,-1.43379202943623,0.282417703374512,-0.593899024179223,-1.20904256940198,0.736311810978225,-0.712382893105428,0.136688175999398,-0.0168121950999168,-1.46342764737006,-2.25968377150384,-0.719965896308531,-0.760884712163429,0.587831825334539,0.39835818575085,0.0763765320675481,0.0168121950999168,2.34753286831674,0.824250168965353,0.620367514147953,1.61832058707473,0
"1275","DTXSID9064976",-0.229973036153033,1.18175631737467,-0.42034426584347,-0.678407617861742,-1.36724910973408,-1.03093634824716,-1.26425767904611,-1.60980684035594,-2.1771787140348,-2.59576767593871,-0.335226989604062,-0.878832691517755,-0.176095874763339,1.47182177383395,-0.510119906849563,-0.490563539433066,-1.20699219932541,-0.705602694952022,-0.593899024179223,-1.20904256940198,2.37575809137069,-0.712382893105428,-3.0624183260662,-0.683076979379109,-0.860043919898763,-2.85343354128556,-1.71349480059705,-1.58991223628321,-1.00638020532062,-0.5598774257042,0.359131081193094,0.176095874763339,3.0624183260662,1.1850217762487,0.778568602927318,2.18158958799566,0
"1276","DTXSID9065079",2.23331883415386,-2.10347763254398,2.1478128312172,0.614024335184875,-1.36724910973408,-0.58017678566679,-1.83965207799989,-2.34115405202686,-1.5016663123574,-0.846016564402246,0.288878377349041,-0.294125617080172,0.24017537686783,-0.456364050646812,1.12442919325047,-0.490563539433066,-1.43379202943623,1.21232205916293,-0.593899024179223,-1.20904256940198,0.762754492920038,-0.712382893105428,0.232123896739184,0.93299326075928,-1.46342764737006,-2.45567052858279,0.326095587074338,0.487378392187842,1.89171998900496,1.50701223804431,0.0154690840721709,0.232123896739184,2.45567052858279,1.12298997659611,0.701509276814824,2.02092185091908,0
"1277","DTXSID9065861",-0.558053394425349,1.3141283812908,-0.570731843599276,-1.28266151798743,-0.352984729893449,-0.486459123066171,-0.760021345138237,-0.983998923217303,-0.867827802710093,-0.703948530060335,-0.198568672185871,-0.338821183133357,-0.065797036619988,-0.333351449900305,-0.176705573439552,-0.490563539433066,-0.299792878882121,-0.646046862024522,-0.593899024179223,1.64559233799206,-0.413735234526056,-0.712382893105428,-0.615917563819888,-0.534485956085616,-0.0783700329553088,-0.84778000665177,-1.08074236584822,-1.07254510845961,-0.798591201081868,-0.358799924479797,0.390689951979461,0.065797036619988,1.64559233799206,0.639443481206403,0.37880856187724,1.12431844040927,0
"1278","DTXSID9065867",-0.385945665495609,0.646251149713934,-0.802097347838976,-0.946964906806494,-0.352984729893449,-0.224811732307402,0.314120433750992,0.332369600328052,0.105810563116742,0.143841493114798,-0.598280697191508,-0.883077823459604,-0.386056320175913,-0.324163855352765,-0.416393683257661,-0.490563539433066,-0.072993048771299,-0.793992475809838,-0.593899024179223,-1.20904256940198,-0.549463598442481,-0.712382893105428,0.148941506541303,-0.686361809641546,0.66255923239116,0.0890994797050253,-0.824484009986492,-0.734469957812878,-0.773435981663246,-0.177986047409792,0.229693502404282,0.072993048771299,1.20904256940198,0.512761505869955,0.293022895212388,0.887830811741812,0
"1279","DTXSID9066465",1.82994134447479,-1.9951732166126,2.02056180388537,1.85610179655435,-1.36724910973408,-0.394300698870015,-1.61112061249081,-2.35169500138304,-1.56751364356441,-0.913054635909476,0.0953061991346238,-0.54625571618203,-0.0329904553299542,2.84275553446858,0.391506413610622,-0.490563539433066,-1.43379202943623,1.5164944652314,-0.593899024179223,-1.20904256940198,2.40078204247934,-0.712382893105428,-3.0624183260662,1.67346670847163,-1.46342764737006,-3.87112138057151,0.63648691017651,1.41229472359125,1.61424231082485,2.12583214491321,0.0242620847658841,0.0329904553299542,3.87112138057151,1.46772576324855,0.904550814334556,2.62555080559679,0
"1280","DTXSID9073094",0.506863178327414,-1.03848420921871,0.597663952811212,-0.225217192767474,-1.36724910973408,-0.63259142725932,-1.59031900561762,-1.17077824342353,-1.39775833033613,-1.09610002992063,0.459960763953681,0.337659631123781,0.524400554100481,-0.494240320982793,1.63509718879987,2.00528604715622,-1.43379202943623,0.655189923723634,2.04759027653823,-1.09447394800421,1.22350711784508,1.56884415005531,0.353813918225783,2.17297076927898,-1.46342764737006,-1.5642100660217,1.36542692291296,2.10661225520204,0.869985516239535,0.459149058214041,0.0788032696740973,0.225217192767474,2.17297076927898,1.11528875948669,0.582217847510692,1.86052760430038,0
"1281","DTXSID9073200",0.953267600238926,-1.44763422495949,1.61567217146589,1.55397484649151,-1.36724910973408,-0.935615351761646,-2.30544883334667,-2.09387189401668,-2.49827472750609,-1.71269172806222,0.371001576815237,-0.267048063167267,0.386291023307247,-0.470782912341286,1.17785853341484,-0.490563539433066,-1.43379202943623,0.134009640358171,-0.593899024179223,-1.20904256940198,2.30054518792245,-0.712382893105428,-3.0624183260662,0.100601258617562,-1.46342764737006,-3.35862844600061,-1.21691779381986,-1.09311642562967,-1.239324428978,0.689842625510255,0.065840778074187,0.100601258617562,3.35862844600061,1.27517314774859,0.83584763676045,2.34505812280197,0
"1282","DTXSID9073204",0.248701584932805,-0.99636582524539,1.28019219031833,1.97359561046768,-1.36724910973408,-1.04840132406419,-2.30544883334667,-1.07014395817132,-2.50501285678593,-3.25203461431036,0.371001576815237,-0.267048063167261,0.428573060633982,-0.470782912341286,1.17785853341484,-0.490563539433066,-1.43379202943623,0.0653097082027691,-0.593899024179223,-1.20904256940198,-0.549463598442481,-0.712382893105428,-3.0624183260662,0.117563369798675,-1.46342764737006,-3.35862844600061,-1.01770799284206,-0.564623252661854,-1.59602027145335,0.680490183592841,0.140344742103094,0.0653097082027691,3.35862844600061,1.18925809685787,0.919960009949555,2.3668069095933,0
"1283","DTXSID90735273",-0.106270605984783,0.772606301633882,0.366298448571511,-1.01410422904268,-1.36724910973408,-0.917077650424205,-1.88469973280113,-2.02515372077356,-1.68875931953578,-1.91229639933341,0.460162791272557,0.201747729167722,0.375816966636307,-0.486709891001953,1.13637528704773,0.757361253861575,-1.43379202943623,-0.296973972885984,-0.593899024179223,-0.317652161588875,2.4476491329,-0.712382893105428,-2.0870574240534,0.116414330329301,-1.46342764737006,-2.88943443716671,-0.774750986721108,-0.537144994788696,-0.807126261944272,-0.119922970505847,0.492934493789219,0.106270605984783,2.88943443716671,1.00234392345993,0.754492381798257,1.9680941721617,0
"1284","DTXSID9073888",-0.0417302076361305,0.525912909790174,-0.570731843599276,-0.980534567924588,-1.36724910973408,-0.635320387459337,-1.94724923057557,-2.13263779716103,-1.71702138015299,-0.901312984229676,0.375858876551573,-0.0535551420946215,0.630321383451896,-0.510899140718663,1.48703241810931,-0.490563539433066,-1.43379202943623,-0.344224842253936,-0.593899024179223,-1.20904256940198,0.68616987534606,-0.712382893105428,0.0604974496456809,-0.543648124686967,-1.46342764737006,-2.0266360695144,-1.28634927344054,-1.17355971567236,-0.545150642479019,-0.374387327675488,0.295108727635455,0.0417302076361305,2.13263779716103,0.894036613427645,0.593026867611183,1.65311100396996,0
"1285","DTXSID9073969",-0.0471085741651849,0.947096749523334,-0.651709770083171,-0.0573688871770042,-1.36724910973408,-1.03093634824716,-1.84640711447744,-2.36059179824253,-2.21444573596919,-2.59576767593871,0.0411001370154776,-0.583181038450522,0.282542545960874,1.19785618742996,0.0534794130504074,-0.490563539433066,-1.43379202943623,-0.563621245991578,-0.593899024179223,-1.20904256940198,2.53138429238241,-0.712382893105428,-3.0624183260662,-0.635001430702379,-1.46342764737006,-3.76030548588864,-1.78154301041096,-1.59327186253396,-1.00638020532062,-0.417252686463635,0.29306757003703,0.0411001370154776,3.76030548588864,1.21770424447171,0.957087721302839,2.44277652773935,0
"1286","DTXSID9074690",1.00705126552947,-0.984332001253014,1.60410389625391,1.99038044102673,-1.36724910973408,-1.03093634824716,-2.30544883334667,-1.71075603274122,-1.95612771293933,-2.59576767593872,0.371001576815237,-0.267048063167267,0.386291023307244,-0.470782912341286,1.17785853341484,-0.490563539433066,-1.43379202943623,0.134009640358171,-0.593899024179223,-1.20904256940198,2.27659803408889,-0.712382893105428,-3.0624183260662,0.095075591913907,-1.46342764737006,-3.35862844600061,-1.21691779381986,-0.835567920247465,-1.239324428978,0.689842625510255,0.0572272094066408,0.095075591913907,3.35862844600061,1.26788753119885,0.847243654832821,2.35235940938486,0
"1287","DTXSID9074696",1.43732058785382,-1.07458568119583,1.59253562104192,1.18470857419247,-1.36724910973408,-0.770877021709749,-2.19360164832478,-2.14620895751494,-2.32500705652372,-1.2624918103995,0.337935563014814,-0.320790991945888,0.285108711912541,-0.4563918125681,1.09347699360774,-0.490563539433066,-1.43379202943623,0.505971382673535,-0.593899024179223,-1.20904256940198,2.34489705313503,-0.712382893105428,-3.0624183260662,0.509338265179219,-1.46342764737006,-3.35862844600061,-0.841432721789947,-0.621807478852055,-0.807126261944272,1.13330424642764,0.049139430120181,0.285108711912541,3.35862844600061,1.23121073421781,0.803673701429793,2.25991307204795,0
"1288","DTXSID9075450",0.270215051049022,-0.160015057775258,1.09509978692657,0.563669843507734,-1.36724910973408,-1.03093634824716,-2.08874491236675,-1.56289189270559,-2.34388268103707,-2.59576767593871,0.194649503212969,-0.371174987675843,0.245841862533889,-0.398240434722285,0.755950834379301,-0.490563539433066,-1.20699219932541,-0.193952679759957,-0.593899024179223,-1.20904256940198,1.97168085794735,-0.712382893105428,-3.0624183260662,-0.13515767958297,-1.16264410322415,-2.50590054412705,-1.52284169541894,-1.46411112746059,-1.44042080955721,0.248329429992332,0.258568854446871,0.13515767958297,3.0624183260662,1.0988222486798,0.828389180649466,2.15916039991112,0
"1289","DTXSID90828831",1.43194222132476,-0.611283457489358,0.169637769967766,-0.711977278979836,-1.36724910973408,-0.44875331070763,-1.32385308244522,-2.00614983422598,-1.18686926710198,-0.648460629707806,0.210771784021994,-0.173135500779507,0.0384410237181214,-0.0786074671366478,0.553954932791977,-0.490563539433066,-1.43379202943623,1.24464583015624,-0.593899024179223,0.747167916015286,-1.26003686678847,-0.712382893105428,0.36869717924772,0.972043813415302,-1.46342764737006,-1.84663159010863,1.21036087466004,1.63843769894039,3.37714577385434,1.51987184568075,0.0182970225629276,0.0384410237181214,3.37714577385434,0.994673039750795,0.71180690009201,1.90578587186857,0
"1290","DTXSID90858714",0.689727640315262,-0.737638609409306,1.41901149286215,1.26863272698771,-1.36724910973408,-1.04840132406419,-0.695648277495902,-1.13179989306799,-2.16154030085748,-3.25203461431036,-0.158054643991571,-1.04056235951672,-0.616243006216474,-0.284245112749564,-0.389227205860052,-0.490563539433066,-1.43379202943623,-0.120671162954913,-0.593899024179223,-1.20904256940198,2.7996673362504,-0.712382893105428,-3.0624183260662,0.24523754501577,-1.46342764737006,-3.35862844600061,-1.07130769642685,-0.847824813721006,-1.76928354650475,0.655160653399844,0.0881435774242087,0.120671162954913,3.35862844600061,1.20311078489017,0.903585754268155,2.35970055035341,0
"1291","DTXSID90858734",1.40505038867949,-1.91093644866597,1.89331077655353,2.20858323829434,-1.36724910973408,-0.871561643229813,-1.3148023374385,-1.63131529646492,-1.7213704696043,-1.58785272745721,0.0597920351641736,-0.743056860920779,-0.391122846918161,-0.349759253436624,0.201443572789717,-0.490563539433066,-1.43379202943623,0.437271450518134,-0.593899024179223,-1.20904256940198,2.6978886439865,-0.712382893105428,-3.0624183260662,0.755136428233535,-1.46342764737006,-3.35862844600061,-0.509399891775198,-0.550513400683731,-1.16491169086522,1.22604929544199,0.0452854419054005,0.0597920351641736,3.35862844600061,1.24408440939496,0.828634660475957,2.30473677480418,0
"1292","DTXSID90862472",-1.73591566428825,1.52472030115738,-0.362502889783545,-0.628053126184601,-1.36724910973408,-0.77119681206352,-2.19573505630888,-2.26478430431398,-1.87639246750635,-1.52049180115555,0.970357569496205,1.33367839525763,0.935021483566989,-0.750032424606613,0.881689377253803,-0.490563539433066,-1.43379202943623,-0.940541206866388,-0.593899024179223,-1.20904256940198,1.21786610249109,-0.712382893105428,-0.371537577532452,-1.04706562871874,-1.46342764737006,-1.85368499326541,-1.60132161824117,-1.4988824988914,-0.962703163384863,-0.391533471190747,0.66327344957296,0.362502889783545,2.26478430431398,1.16353549153952,0.529175602959128,1.84088026332721,0
"1293","DTXSID90862730",-1.23034921055714,1.65709236507352,-1.25326008110639,-1.24909185686934,-1.36724910973408,-1.03093634824716,-0.652996897846958,-1.60598796993536,-1.35727791996395,-2.59576767593871,-0.0400275557614674,-0.722802999542491,-0.297586421267919,-0.384668398527107,0.0326080398728681,-0.490563539433066,-0.980192369214586,-0.840571125161557,-0.593899024179223,-1.20904256940198,0.768472722889956,-0.712382893105428,0.0603490370678225,-1.15027786266503,-1.46342764737006,-1.54610769028984,-1.30683439487282,-1.14592419401837,-1.3412375268281,-1.29365443114131,0.588521929276312,0.0326080398728681,2.59576767593871,1.01268799592945,0.559462391696469,1.72879985730093,0
"1294","DTXSID90862876",1.53950955190585,-1.64017540883751,1.71978664837376,1.43648103257818,-1.36724910973408,-0.869133019483283,-2.24353342735241,-2.41319527441289,-1.87109825600588,-1.63477109387694,0.352758258856383,-0.296798613026862,0.305022605968418,-0.46279794113403,1.13097990018867,-0.490563539433066,-1.43379202943623,0.319990511515853,-0.593899024179223,-1.20904256940198,2.34646540097979,-0.712382893105428,-3.0624183260662,0.301722289125523,-1.46342764737006,-3.35862844600061,-1.01716287017584,-0.951263902394372,-0.449497920639709,0.897155088012933,0.0672178322759442,0.296798613026862,3.35862844600061,1.26302341998573,0.8251067133302,2.31916001304839,0
"1295","DTXSID90862952",0.485349712211197,-0.196116529752386,1.26862391510634,0.882581624129626,-1.36724910973408,-1.04840132406419,-1.72757171073357,-2.27348857261024,-2.57861411877059,-3.25203461431036,0.194649503212969,-0.544719861856811,-0.0874056480840101,-0.398240434722285,0.5148607206447,-0.490563539433066,-1.43379202943623,-0.237952101957194,-0.593899024179223,-1.20904256940198,2.60630522455088,-0.712382893105428,-3.0624183260662,-0.185597754880009,-1.46342764737006,-3.35862844600061,-1.42995298388884,-1.19503137913358,-1.56932874582594,0.297429750058756,0.164896608408759,0.0874056480840101,3.35862844600061,1.22218866050771,0.970061042253731,2.46386679459249,0
"1296","DTXSID90863949",0.216431385758479,0.369473197889286,-0.385639440207515,0.630809165743922,-0.352984729893449,-0.3527457342747,-0.678574870943465,-0.778895974131046,-0.567333714673778,-0.454609055110536,-0.207973714445261,-0.474943311471517,0.170407867992872,-0.345515054083877,0.329428351956268,-0.490563539433066,-0.299792878882121,-0.262409468505231,-0.593899024179223,-1.20904256940198,0.0820650518829561,-0.712382893105428,-0.0475389250468313,-0.322845702508213,-0.171278150991749,-0.552026327465026,-0.771878078452294,-0.762731168779214,-0.357118709971086,-0.0704329653595305,0.180878695933371,0.0475389250468313,1.20904256940198,0.434059034084664,0.257773406744893,0.764008994718127,0
"1297","DTXSID90864355",0.689727640315262,-0.075778289828626,0.574527402387242,-0.846255923452212,-1.36724910973408,-0.654814747506113,-1.40855731315786,-2.22448380181909,-1.64437793542894,-0.963025864969844,0.124979751329934,-0.597588293357251,-0.165098782526848,-0.390216898119346,0.449079938420521,-0.490563539433066,-1.20699219932541,0.294765574594671,-0.593899024179223,-1.20904256940198,1.29160813175632,-0.712382893105428,0.188531199430889,-0.00098770711181898,-1.46342764737006,-2.5947000358928,-0.671582722402286,-0.808202511225122,-0.583871677207372,0.152466900338838,0.0980898669549106,0.00098770711181898,2.5947000358928,0.814626200837615,0.62664064437087,1.61672622563233,0
"1298","DTXSID90864653",0.189539553113207,-2.50059382429239,0.678641879295107,-0.107723378854145,0.661279649947178,0.451327716386874,0.236725370622876,0.757395710649399,0.644187111025984,0.889384729020206,0.0319142521387546,0.535302779317692,0.184901734994464,-0.339360615535523,-0.123816751536829,-0.490563539433066,1.51460576200445,0.76016113164852,-0.593899024179223,0.802989744216093,-0.549463598442481,-0.712382893105428,0.583755594923233,-0.304246747401118,0.694220658090729,1.59106664093476,0.0417600979524424,-0.221187080871263,1.12753300116357,0.532020168153893,0.042224239198719,0.0319142521387546,2.50059382429239,0.62839835797503,0.519106674849692,1.29285490178264,0
"1299","DTXSID90864895",1.44269895438287,-0.81585846535975,1.39587494243818,1.57075967705055,-1.36724910973408,-0.897376277701211,-2.0053972504514,-1.92759017356093,-1.87993667451869,-1.89642322658109,0.194649503212969,-0.411223804794528,0.222351841796818,-0.398240434722284,0.755950834379297,-0.490563539433066,-1.43379202943623,0.178009062555409,-0.593899024179223,-1.20904256940198,2.02552476905137,-0.712382893105428,-3.0624183260662,0.122652121113786,-1.22466935520937,-2.69964488979777,-1.47366295054996,-1.4630896314003,-0.786377327421989,0.556960013266997,0.0522550801836159,0.122652121113786,3.0624183260662,1.17380898908912,0.755028567546772,2.14024555554899,0
"1300","DTXSID90866910",2.22256210109575,-2.41635705634576,1.92801560218949,1.95681077990863,-1.36724910973408,-0.726215204539962,-2.08874491236676,-2.20482522081472,-1.74579221027401,-1.09327395427338,0.306482525497334,-0.371174987675843,0.183036416814505,-0.443040824359177,1.01558634147811,-0.490563539433066,-1.43379202943623,0.995214063991182,-0.593899024179223,-1.20904256940198,2.36728816981121,-0.712382893105428,-3.0624183260662,1.11788110324652,-1.46342764737006,-3.35862844600061,-0.349616060314757,-0.256255459045379,0.196935222211263,1.76030753997427,0.0422727427456331,0.183036416814505,3.35862844600061,1.3145606446985,0.879419433824181,2.44021751999345,0
"1301","DTXSID90867326",0.732754572547697,0.122779806045578,1.0719632365026,-0.74554694009793,-0.352984729893449,-0.595228775787021,-0.799529826876952,-0.971385304081922,-0.859297247097956,-0.789921341793242,-0.218355707327405,-0.69851893531263,-0.201256503168696,-0.310541796424581,0.058035598616949,-0.490563539433066,-0.299792878882121,0.120703498051042,-0.593899024179223,-1.20904256940198,0.368942011820892,-0.712382893105428,0.176208924003598,0.140918945798123,-0.551993819034925,-0.832939320240966,-0.585403769633882,-0.562193434578457,-0.504530993478764,0.764272475769675,0.0185948933393482,0.058035598616949,1.20904256940198,0.548062947299558,0.304891025887886,0.938323460436052,0
"1302","DTXSID90870794",-0.751674589471306,1.78946442898965,-0.917780099958826,-1.38337050134172,-1.36724910973408,-1.03093634824716,-2.02683432566782,-1.75289019435503,-2.18954907238154,-2.59576767593871,0.318634863918328,0.0991771776035645,0.260148228995087,-0.474925450326467,0.62664053179926,-0.490563539433066,-1.20699219932541,-0.80190655543357,-0.593899024179223,0.934578870111124,1.01974430804204,-0.712382893105428,-0.454866730225422,-0.675195051433357,-0.999406096953423,-2.03148783237947,-1.63045717629864,-1.58943998617118,-1.44042080955721,-0.774593904724831,0.63276383155862,0.0991771776035645,2.59576767593871,1.09803258587007,0.631292573520653,1.9060870799765,0
"1303","DTXSID90871009",1.52337445231869,-1.28517760106241,1.77762802443368,2.09108942438101,-1.36724910973408,-0.994623587681248,-2.24353342735241,-1.97493030203464,-1.52958979308026,-2.25935779103338,0.352758258856383,-0.296798613026862,0.31755061702819,-0.46279794113403,1.13097990018867,-0.490563539433066,-1.43379202943623,0.251290579360452,-0.593899024179223,-1.20904256940198,2.31983181906376,-0.712382893105428,-3.0624183260662,0.299144039883975,-1.46342764737006,-3.35862844600061,-1.10162880925519,-0.782585559210831,-0.786377327421989,0.873384298139506,0.0635861889583687,0.251290579360452,3.35862844600061,1.27819452502248,0.824103632066234,2.33304717406726,0
"1304","DTXSID90871246",1.53950955190585,-1.41153275298236,1.66194527231383,1.45326586313722,-1.36724910973408,-0.864794436135383,-2.19360164832478,-2.16330406783335,-1.80593911222531,-1.66182584576531,0.337935563014814,-0.320790991945888,0.273833501958745,-0.4563918125681,1.09347699360774,-0.490563539433066,-1.43379202943623,0.437271450518134,-0.593899024179223,-1.20904256940198,2.32346026769041,-0.712382893105428,-3.0624183260662,0.503692127165621,-1.46342764737006,-3.35862844600061,-0.927167288758729,-0.883621451785563,-0.545150642479019,1.0951151085982,0.0509981221022859,0.273833501958745,3.35862844600061,1.25483431118137,0.79275903562457,2.26956587678082,0
"1305","DTXSID90871367",0.0604587564159023,0.856843069580514,-0.269956688087665,-1.50086431525504,-1.36724910973408,-0.792022638130933,-2.21257906079051,-2.2158679336829,-1.92092264712829,-1.45654738400924,0.451718976067074,0.0345510686780375,0.347840959305563,-0.524557571474973,1.08927751390805,-0.490563539433066,-1.43379202943623,-0.356663296313161,-0.593899024179223,0.852540474212556,1.93697483789872,-0.712382893105428,-0.445140103322579,-0.321665564218132,-1.46342764737006,-2.92123590804701,-1.25230192059103,-1.33036298203517,-0.786377327421989,-0.137069114021106,0.311097587565456,0.0345510686780375,2.92123590804701,1.00452181179514,0.728903568167089,1.93751837904901,0
"1306","DTXSID90872970",-1.19807901138282,2.24674974069994,-0.778960797415006,-1.21552219575125,-1.36724910973408,-0.789304517649818,-2.33225700704442,-1.87055293959855,-1.380723785492,-1.82108600501992,0.642815636823147,0.620050932685847,1.23695107412281,-0.650409580254073,2.3013782217494,-0.490563539433066,-1.43379202943623,-1.20280236355401,-0.593899024179223,1.45594766669095,-0.413357313287334,-0.712382893105428,-0.578627787577693,-0.871085780238323,-1.46342764737006,-1.96462320129783,-1.20291034329663,-1.10571108594338,-0.545150642479019,-1.19116725512965,0.884492919710501,0.413357313287334,2.33225700704442,1.1892513042814,0.563646619286142,1.91071897696766,0
"1307","DTXSID90872995",1.0500781977619,-0.659418753458862,1.61567217146589,1.43648103257818,-1.36724910973408,-0.784173488165422,-2.04163536432765,-2.5346235899501,-1.68240401134345,-1.27807593723655,0.194649503212969,-0.393811275612495,0.238990152709273,-0.398240434722285,0.755950834379297,-0.490563539433066,-0.980192369214586,0.0607281235531274,-0.593899024179223,-1.20904256940198,1.98701019333326,-0.712382893105428,-3.0624183260662,-0.0187130735743185,-1.19716024763434,-2.7661425808308,-1.38076650757286,-1.37295446487999,-0.22019345047698,0.498117566203266,0.0549216311522963,0.0187130735743185,3.0624183260662,1.09939129287059,0.798694452812759,2.12172019247093,0
"1308","DTXSID90873240",2.48072369449036,-2.91576075202936,2.02056180388537,2.86319163009717,-1.36724910973408,-0.726215204539962,-2.04163536432764,-2.42516764507773,-1.8736235184381,-1.09327395427338,0.292205969461036,-0.393811275612489,0.135165350114524,-0.437089575067819,0.98096827386493,-0.490563539433066,-1.43379202943623,1.43587573846195,-0.593899024179223,-1.20904256940198,2.38539539279586,-0.712382893105428,-3.0624183260662,1.5316999458532,-1.46342764737006,-3.35862844600061,0.253958303165921,0.854633803165062,1.10883653985394,2.22753995076508,0.0272571800139732,0.135165350114524,3.35862844600061,1.47229124233559,0.927999865151529,2.66013106972955,0
"1309","DTXSID90873265",1.18991572751732,-0.659418753458862,1.54626252019398,1.41969620201913,-1.36724910973408,-1.03093634824716,-1.72757171073357,-2.19093672409157,-2.07465879575503,-2.59576767593872,0.194649503212969,-0.544719861856817,-0.0914325087817947,-0.398240434722285,0.544996984861521,-0.490563539433066,-1.43379202943623,-0.0519712307995121,-0.593899024179223,-1.20904256940198,2.45756513862818,-0.712382893105428,-3.0624183260662,0.0185166240089414,-1.46342764737006,-3.35862844600061,-1.23921925426052,-1.2070104635151,-1.39423233771015,0.519160560517448,0.0693483812664653,0.0185166240089414,3.35862844600061,1.22627609818525,0.878277130214175,2.35047082485939,0
"1310","DTXSID90873301",1.34050999033084,-2.81347324809417,1.80076457485765,3.06460959680573,-1.36724910973408,-0.680564440310008,-1.99024313010316,-2.15353438477892,-1.78722326019204,-0.963802189245089,0.276527251671165,-0.418505407907012,0.105229047210817,-0.430632078564367,0.943465367283981,-0.490563539433066,-1.43379202943623,1.85641848762419,-0.593899024179223,-1.20904256940198,2.36500340355812,-0.712382893105428,-3.0624183260662,2.13736731777775,-1.46342764737006,-3.35862844600061,0.526865243329988,0.847827523437777,1.10463649189573,2.84519080239431,0.0316370402470523,0.105229047210817,3.35862844600061,1.47145989406999,0.930747325009617,2.6628164700823,0
"1311","DTXSID90873321",2.47534532796131,-2.92177766402555,2.00899352867338,2.84640679953812,-1.36724910973408,-0.741017411350505,-2.04163536432764,-2.3772781624183,-1.73147151933322,-1.12036221464811,0.292205969461036,-0.393811275612489,0.135165350114524,-0.437089575067819,0.98096827386493,-0.490563539433066,-1.43379202943623,1.43587573846195,-0.593899024179223,-1.20904256940198,2.3687271152381,-0.712382893105428,-3.0624183260662,1.52967712840179,-1.46342764737006,-3.35862844600061,0.253958303165921,0.515102966608228,1.10883653985394,2.22753995076508,0.0283704285478475,0.135165350114524,3.35862844600061,1.45448832545396,0.932039367694945,2.64749871610349,0
"1312","DTXSID90875204",3.19604644285459,-1.92898718465453,2.02056180388537,1.85610179655435,-0.352984729893449,-0.615831170229125,-1.30266206175335,-1.82868912017032,-1.11090824523259,-0.644787048709099,-0.0750654328846215,-0.748890302069707,-0.289309479448727,-0.307338219811666,0.134192120011119,-0.490563539433066,-0.299792878882121,1.79706289044621,-0.593899024179223,-1.20904256940198,2.27624439694583,-0.712382893105428,-3.0624183260662,1.97978665574917,-1.05624095128298,-2.0164432903861,0.603701570638455,0.593031576642586,1.03663571542952,3.13862366755317,0.0325327531117619,0.0750654328846215,3.19604644285459,1.24260750347682,0.915070622955855,2.41389790086032,0
"1313","DTXSID90879242",-1.07437658121457,1.33819602927555,-1.19541870504647,-0.0741537177360512,-1.36724910973408,-0.377893041880335,-1.64258780996119,-1.60668882930991,-0.470983703339296,-0.802748080117649,0.461073775559272,0.40318605567016,1.31276766266295,-0.601313425692097,2.29904013987987,-0.490563539433066,-1.43379202943623,-1.22931453029351,-0.593899024179223,-1.20904256940198,-0.0535115364355884,-0.712382893105428,-0.0901090322186557,-1.10820534950118,-1.46342764737006,-1.01261763071463,-0.669432118921313,-0.315482513019548,0.196935222211263,-1.17519016685407,0.656784442686473,0.0535115364355884,2.29904013987987,0.892719415672506,0.553297763396607,1.60094055282016,0
"1314","DTXSID90880691",2.80342568623363,-1.49576952092899,1.92801560218949,2.89676129121526,-1.36724910973408,-0.721749022822983,-2.0224069773729,-1.92052854494657,-2.27265922090464,-1.07635216866077,0.286352581486147,-0.403050576811121,0.15447626348384,-0.434669194340327,0.966904683897062,-0.490563539433066,-1.43379202943623,1.55315667746423,-0.593899024179223,-1.20904256940198,2.41469494053001,-0.712382893105428,-3.0624183260662,1.73794529954518,-1.46342764737006,-3.35862844600061,0.190458367980163,1.13715048663419,-0.128471662411889,2.45433666726238,0.0310941823388782,0.128471662411889,3.35862844600061,1.42302463406162,0.935718611098564,2.62074445626778,0
"1315","DTXSID90880838",2.09348130439845,-2.41034014434957,2.02056180388537,1.94002594934959,-1.36724910973408,-0.800658097749603,-2.08874491236676,-2.08026176187058,-1.78558955218746,-1.45562338445395,0.306482525497334,-0.371174987675843,0.191709655240502,-0.443040824359177,1.01558634147811,-0.490563539433066,-1.43379202943623,0.92651413183578,-0.593899024179223,-1.20904256940198,2.34225936188342,-0.712382893105428,-3.0624183260662,1.11520036244027,-1.46342764737006,-3.35862844600061,-0.436932281640194,-0.321546009280139,-0.113229266144512,1.73653675010085,0.0465802081856442,0.113229266144512,3.35862844600061,1.32289676643048,0.868430339960963,2.43448760158051,0
"1316","DTXSID90880853",2.62056122424578,-2.78338868811323,2.02056180388537,2.79605230786098,-1.36724910973408,-0.691044023518754,-1.88126243483279,-2.4154549324197,-1.61389110950363,-0.960014892574071,0.194649503212969,-0.470870979226606,0.0477311199756265,-0.398240434722288,0.755950834379304,-0.490563539433066,-0.980192369214586,1.54857509281459,-0.593899024179223,-1.20904256940198,2.23799936716349,-0.712382893105428,-3.0624183260662,1.60216900434189,-1.32510354984653,-2.96596182286199,0.170286413738713,0.373278260966274,1.87630456243939,2.2719640498728,0.0366664008487395,0.0477311199756265,3.0624183260662,1.41456880812171,0.92852725719414,2.60308369733021,0
"1317","DTXSID90880919",-0.972187617162535,1.96395487687911,-1.01032630165471,-0.963749737365541,-1.36724910973408,-0.597007337027376,-1.99976717194417,-1.9752056544784,-1.52882284221896,-1.01412650790448,0.430221688553155,0.339706771934466,0.845799627905553,-0.545413801257555,1.59463129280489,-0.490563539433066,-1.20699219932541,-0.972822070199089,-0.593899024179223,1.19405768420404,0.221043943187318,-0.712382893105428,-0.490458303061764,-0.567208505195587,-1.07959774073348,-1.67771685439444,-1.10173422931774,-1.06840417141835,-0.0527647897232421,-0.951510930995914,0.762453156395597,0.0527647897232421,1.99976717194417,0.984310907243302,0.519241786891916,1.64894039446495,0
"1318","DTXSID90884553",1.7223740138937,-1.21297465710816,2.17094938164117,1.20149340475152,-1.36724910973408,-0.489115647206542,-0.695648277495901,-1.63661557319685,-1.45323518885215,-0.170081167832122,-0.344780368982211,-1.04056235951672,-0.76324017146036,-0.240676595543883,-0.442611445329858,-0.490563539433066,-0.072993048771299,0.520688710262968,-0.593899024179223,-1.20904256940198,2.15560708072664,-0.712382893105428,-3.0624183260662,0.780833371388911,-0.822154017012394,-2.17047656857297,-0.280871456180724,-0.239916523780805,-0.540491758005871,1.11070251179389,0.0297219839571337,0.072993048771299,3.0624183260662,0.99048829204092,0.722431896613286,1.91520111970593,0
"1319","DTXSID90885207",0.24332321840375,0.694386445683438,-0.3972077154195,-1.1651677040741,-1.36724910973408,-0.593465380368101,-1.66197396202475,-1.54569544483085,-1.69790612850005,-0.824174383330549,0.117772535617893,-0.254746675190123,-0.0122236119101111,-0.389579390585021,0.329817360604378,-0.490563539433066,-1.20699219932541,-0.268664451918686,-0.593899024179223,0.71300877103536,1.15152802416956,-0.712382893105428,-0.361393318182156,-0.0858422979579285,-0.902864700558016,-1.80369960442023,-1.31501129595898,-1.39378599650184,-0.580529046446983,-0.156553368015718,0.213535544462241,0.0122236119101111,1.80369960442023,0.767713586582842,0.536717933129965,1.4547125409892,0
"1320","DTXSID90885944",-0.665620725006436,0.790657037622446,-0.559163568387291,-1.26587668742839,-1.36724910973408,-0.966379887761857,-2.02683432566783,-2.1274733510181,-1.96102479375569,-2.23970370818241,0.318634863918328,0.0991771776035645,0.260514231678627,-0.474925450326467,0.62664053179926,-0.490563539433066,-1.20699219932541,-0.869843684733672,-0.593899024179223,1.53746370585738,0.0310193768851909,-0.712382893105428,-0.655595971717263,-0.687868310571358,-0.999406096953423,-2.14099905133392,-1.71209648447192,-1.66808101507871,-0.962703163384863,-0.600014988933102,0.462935598246865,0.0310193768851909,2.23970370818241,1.02062683186182,0.643134957857805,1.84383957791981,0
"1321","DTXSID90886971",3.05083054657013,-1.40551584098617,1.77762802443368,1.85610179655435,-1.36724910973408,-0.678735183274837,-1.74918327371883,-2.38778468593996,-1.62801627457043,-0.970765158415794,0.235265397237137,-0.423528261256289,0.0822189648273646,-0.423171793584143,0.887879240708513,-0.490563539433066,-1.43379202943623,1.76640775069886,-0.593899024179223,-1.20904256940198,1.67867112912759,-0.712382893105428,-1.55016783736387,2.04873714169732,-1.46342764737006,-3.13728205445045,1.24888918813428,2.1627566766032,1.6035458923916,2.36354004364748,0.0307117145626268,0.0822189648273646,3.13728205445045,1.41289929896174,0.775230001200322,2.40519370049816,0
"1322","DTXSID90904467",0.549890110559849,0.0265092141065699,1.02569013565466,0.91615128524772,-1.36724910973408,-0.651253492220093,-1.62096468609932,-2.32847626692413,-1.57583358058487,-0.9775885325794,0.117772535617893,-0.481180302013765,0.0292253337391025,-0.389579390585021,0.587155179585278,-0.490563539433066,-0.980192369214586,0.152784125634227,-0.593899024179223,-1.20904256940198,1.71660071712578,-0.712382893105428,-0.212058162407977,0.039818009142643,-1.16523930205198,-2.12334515788371,-1.00180814319854,-1.02775688267464,0.56599330436666,0.400696296230203,0.0761789999035584,0.0265092141065699,2.32847626692413,0.834556655043413,0.609456364515707,1.61466080162352,0
"1323","DTXSID90931697",0.275593417578077,0.531929821786362,0.00768191699997543,0.0433400961772776,-1.36724910973408,-0.247075394895645,-1.45761427285303,-1.40303482407546,-1.19823585704356,-0.384354178082193,0.300267020087287,-0.0457249912549062,0.582497057222059,-0.507699675711143,1.48334023940293,-0.490563539433066,-1.43379202943623,-0.360005326322942,-0.593899024179223,-1.20904256940198,-0.815392659000529,-0.712382893105428,0.295314937488846,-0.54529477041737,-1.46342764737006,-0.728850659782769,0.284737157008193,1.03393343389205,0.744319688601411,-0.436347255378356,0.246397525776172,0.00768191699997543,1.48334023940293,0.699431382124081,0.475110060436988,1.30757225948343,0
"1324","DTXSID90932760",1.48572588661531,-0.978315089256827,1.96272042782544,2.99747027456954,-1.36724910973408,-0.872211100942016,-1.0052253074672,-0.486006031859559,-1.08119638405772,-1.50423007304885,-0.158054643991571,-0.891809610218747,-0.377314686541234,-0.284245112749564,-0.13849348757607,-0.490563539433066,-1.20699219932541,0.848651030381095,-0.593899024179223,-1.20904256940198,2.2155154388033,-0.712382893105428,-3.0624183260662,0.596457937906279,-1.09205469510708,-2.59755401404872,-0.818406079558557,-0.826839366883197,-0.978172115737111,0.958725330635909,0.0404739096355755,0.13849348757607,3.0624183260662,1.12659805956754,0.76220378894434,2.1022189094163,0
"1325","DTXSID90933535",2.22794046762481,-2.27195116843725,1.75449147400971,3.04782476624669,-1.36724910973408,-0.696508712223612,-2.0053972504514,-2.14254349134266,-1.80066330036364,-1.00391620352316,0.281161841206535,-0.411223804794522,0.118455493144774,-0.432532370310374,0.954495633925428,-0.490563539433066,-1.43379202943623,1.67043761646651,-0.593899024179223,-1.20904256940198,2.35722567318972,-0.712382893105428,-3.0624183260662,1.93277482703764,-1.46342764737006,-3.35862844600061,0.325563052943842,0.640988361000077,0.857173583938379,2.62345999193561,0.0306983240193934,0.118455493144774,3.35862844600061,1.44160442229477,0.916494190229164,2.6147169857881,0
"1326","DTXSID90947379",-0.219216303094924,0.664301885702498,-0.408775990631485,-0.980534567924588,-1.36724910973408,-0.62674394986464,-0.897480055729453,-1.83242945173363,-1.75581480589222,-1.46000840672483,-0.12985459078304,-0.790562113839349,-0.47825040823407,-0.323058073379294,-0.0878987521664837,-0.490563539433066,-0.980192369214586,-0.405158487838821,-0.593899024179223,-1.20904256940198,1.06615121484993,-0.712382893105428,-0.155432464990893,-0.526471429743121,-0.994215699297756,-2.01819644839617,-1.31381922882269,-1.3423414142607,-1.02734518544979,-0.227086367476216,0.263792034126609,0.0878987521664837,2.01819644839617,0.836149226729831,0.528117275211114,1.51213933900006,0
"1327","DTXSID90950702",2.63669632383294,-2.83152398408273,2.07840317994529,2.91354612177431,-1.36724910973408,-0.745532663240228,-2.0224069773729,-2.37408553024101,-1.71906025385121,-1.19323028460523,0.286352581486147,-0.403050576811121,0.119241232378218,-0.434669194340327,0.966904683897062,-0.490563539433066,-1.43379202943623,1.62185660961963,-0.593899024179223,-1.20904256940198,2.36285716555087,-0.712382893105428,-3.0624183260662,1.73476602823923,-1.46342764737006,-3.35862844600061,0.471662462402293,0.801730996584726,1.3696508759846,2.44927076122378,0.0282246665220228,0.119241232378218,3.35862844600061,1.50759673573969,0.926388847713267,2.69337446081267,0
"1328","DTXSID90957312",0.108864055177391,0.724471005664378,-0.339366339359575,-0.879825584570306,-1.36724910973408,-0.473843898325612,-1.94724923057557,-1.99171372938499,-1.6321589375285,-0.711665078394778,0.375858876551573,-0.0535551420946159,0.630321383451892,-0.510899140718663,1.48703241810931,-0.490563539433066,-1.43379202943623,-0.344224842253936,-0.593899024179223,-1.20904256940198,0.679426991450897,-0.712382893105428,-0.0853220078950678,-0.451813778519029,-1.46342764737006,-2.11629175472692,-1.39963558941183,-1.33425985847065,-0.545150642479019,-0.167464550252701,0.286541899315668,0.0535551420946159,2.11629175472692,0.875359054934242,0.603718607455487,1.64811887247727,0
"1329","DTXSID90958021",-1.56380793535851,1.20582396535942,-0.640141494871186,-0.863040754011259,-1.36724910973408,0.849262414307736,-0.637873577111123,-1.98613481576319,-1.24394841565587,1.33161947314983,-0.13885577605423,-0.130506274867093,0.477899149628588,0.856169983784847,0.171932426461322,-0.490563539433066,-1.43379202943623,-1.23951225096529,-0.593899024179223,-1.20904256940198,1.26268644838246,-0.712382893105428,-1.51742428855363,-0.650915680669975,-1.46342764737006,-1.82057884665669,-1.37040457872575,-1.24610329364745,-1.02734518544979,-0.503762774199715,0.478448012015336,0.130506274867093,1.98613481576319,1.0002035538765,0.491430421030134,1.62923449279507,0
"1330","DTXSID90959553",-0.50964809566386,1.72929530902777,-0.709551146143096,-0.0909385482950982,-1.36724910973408,-0.967389017256816,-1.24997224037211,-1.85329478983126,-1.78819706203105,-2.00705037735439,0.19991157792733,-0.260062633759949,0.211628514765291,-0.446315427839985,0.941633565134647,-0.490563539433066,-1.43379202943623,-0.663691445571166,-0.593899024179223,-1.20904256940198,1.38663651998471,-0.712382893105428,-1.48304829733322,-0.567124796058728,-1.46342764737006,-2.49509619825105,-1.032304988568,-0.840253964010336,-1.28448708458504,-0.7208173636997,0.615103377544973,0.0909385482950982,2.49509619825105,1.02362352587082,0.599001563832347,1.79034552757623,0
"1331","DTXSID90963438",-0.176189370862489,1.12760410940897,-0.177410486391785,-1.21552219575125,-1.36724910973408,-1.03093634824716,-1.28372559236737,-1.30833393385128,-2.07472276255766,-2.59576767593871,0.0977176745061356,-0.61827594046611,0.0177275554171763,-0.387995422632508,0.334005103605001,-0.490563539433066,-1.20699219932541,-0.331876971033778,-0.593899024179223,-1.20904256940198,1.20978455782262,-0.712382893105428,0.0841544965521931,-0.523547548060524,-1.46342764737006,-2.42321671983829,-1.42742688560263,-1.12825925922836,-1.53050470854972,-0.439854421097386,0.358707596047438,0.0177275554171763,2.59576767593871,0.952937224077944,0.677007438782445,1.81950674571947,0
"1332","DTXSID90964304",2.13112987010183,-2.39830632035719,1.93958387740147,2.4100012050029,-1.36724910973408,-0.767406155031431,-2.08874491236676,-1.78808511361842,-1.75071512502118,-1.28413561191019,0.306482525497334,-0.371174987675849,0.200382893666503,-0.443040824359177,1.01558634147811,-0.490563539433066,-1.43379202943623,0.995214063991182,-0.593899024179223,-1.20904256940198,2.25098168595776,-0.712382893105428,-3.0624183260662,1.1189367296309,-1.46342764737006,-3.35862844600061,-0.431172828153459,-0.366609981878227,-0.363454148026266,1.77472588793029,0.0442030764595479,0.200382893666503,3.35862844600061,1.32957582245944,0.858883380894766,2.42894655000474,0
