DTXSID,PREFERRED NAME,CASRN,INCHIKEY,IUPAC NAME,SMILES,INCHI STRING,MOLECULAR FORMULA,AVERAGE MASS,MONOISOTOPIC MASS,QC Level,# ToxCast Active,Total Assays,% ToxCast Active
https://comptox.epa.gov/dashboard/chemical/details/DTXSID00146174,N-Acetyl-S-(N-methylcarbamoyl)cysteine,103974-29-4,MXRPNYMMDLFYDL-YFKPBYRVSA-N,N-Acetyl-S-(methylcarbamoyl)-L-cysteine,CNC(=O)SC[C@H](NC(C)=O)C(O)=O,"InChI=1S/C7H12N2O4S/c1-4(10)9-5(6(11)12)3-14-7(13)8-2/h5H,3H2,1-2H3,(H,8,13)(H,9,10)(H,11,12)/t5-/m0/s1
",C7H12N2O4S,220.24,220.051778,1, 
https://comptox.epa.gov/dashboard/chemical/details/DTXSID00176850,3-Methylbenzotriazin-4-one,22305-44-8,AULPOPGFJIOHMZ-UHFFFAOYSA-N,"3-Methyl-1,2,3-benzotriazin-4(3H)-one",CN1N=NC2=CC=CC=C2C1=O,"InChI=1S/C8H7N3O/c1-11-8(12)6-4-2-3-5-7(6)9-10-11/h2-5H,1H3",C8H7N3O,161.164,161.058912,4, 
https://comptox.epa.gov/dashboard/chemical/details/DTXSID00181580,p-Methylhippuric acid,27115-50-0,NRSCPTLHWVWLLH-UHFFFAOYSA-N,N-(4-Methylbenzoyl)glycine,CC1=CC=C(C=C1)C(=O)NCC(O)=O,"InChI=1S/C10H11NO3/c1-7-2-4-8(5-3-7)10(14)11-6-9(12)13/h2-5H,6H2,1H3,(H,11,14)(H,12,13)
",C10H11NO3,193.202,193.073893,1, 
https://comptox.epa.gov/dashboard/chemical/details/DTXSID0020442,"2,4-Dichlorophenoxyacetic acid",94-75-7,OVSKIKFHRZPJSS-UHFFFAOYSA-N,"(2,4-Dichlorophenoxy)acetic acid",OC(=O)COC1=C(Cl)C=C(Cl)C=C1,"InChI=1S/C8H6Cl2O3/c9-5-1-2-7(6(10)3-5)13-4-8(11)12/h1-3H,4H2,(H,11,12)
",C8H6Cl2O3,221.03,219.969400,1,32/733,733,4
https://comptox.epa.gov/dashboard/chemical/details/DTXSID0020448,"1,2-Dichloropropane",78-87-5,KNKRKFALVUDBJE-UHFFFAOYNA-N,"1,2-Dichloropropane",CC(Cl)CCl,"InChI=1/C3H6Cl2/c1-3(5)2-4/h3H,2H2,1H3
",C3H6Cl2,112.98,111.984656,1,2/244,244,1
https://comptox.epa.gov/dashboard/chemical/details/DTXSID0020600,Ethylene oxide,75-21-8,IAYPIBMASNFSPL-UHFFFAOYSA-N,Oxirane,C1CO1,"InChI=1S/C2H4O/c1-2-3-1/h1-2H2
",C2H4O,44.053,44.026215,1, 
https://comptox.epa.gov/dashboard/chemical/details/DTXSID0020868,Dichloromethane,75-09-2,YMWUJEATGCHHMB-UHFFFAOYSA-N,Dichloromethane,ClCCl,InChI=1S/CH2Cl2/c2-1-3/h1H2,CH2Cl2,84.93,83.953356,1,0/244,244,0
https://comptox.epa.gov/dashboard/chemical/details/DTXSID00212267,4-Chrysenol,63019-40-9,CZCGRCFUEPALNV-UHFFFAOYSA-N,Chrysen-4-ol,OC1=CC=CC2=C1C1=C(C=C2)C2=CC=CC=C2C=C1,"InChI=1S/C18H12O/c19-17-7-3-5-13-9-10-15-14-6-2-1-4-12(14)8-11-16(15)18(13)17/h1-11,19H",C18H12O,244.293,244.088815,2, 
https://comptox.epa.gov/dashboard/chemical/details/DTXSID0021381,"1,1,1-Trichloroethane",71-55-6,UOCLXMDMGBRAIB-UHFFFAOYSA-N,"1,1,1-Trichloroethane",CC(Cl)(Cl)Cl,"InChI=1S/C2H3Cl3/c1-2(3,4)5/h1H3
",C2H3Cl3,133.4,131.930033,1,0/244,244,0
https://comptox.epa.gov/dashboard/chemical/details/DTXSID0021383,Trichloroethylene,79-01-6,XSTXAVWGXDQKEL-UHFFFAOYSA-N,"1,1,2-Trichloroethene",ClC=C(Cl)Cl,InChI=1S/C2HCl3/c3-1-2(4)5/h1H,C2HCl3,131.38,129.914383,1,0/244,244,0
https://comptox.epa.gov/dashboard/chemical/details/DTXSID0021389,Trichlorfon,52-68-6,NFACJZMKEDPNKN-UHFFFAOYNA-N,"Dimethyl (2,2,2-trichloro-1-hydroxyethyl)phosphonate",COP(=O)(OC)C(O)C(Cl)(Cl)Cl,"InChI=1/C4H8Cl3O4P/c1-10-12(9,11-2)3(8)4(5,6)7/h3,8H,1-2H3
",C4H8Cl3O4P,257.43,255.922579,1,92/711,711,13
https://comptox.epa.gov/dashboard/chemical/details/DTXSID0021834,4-Nitrophenol,100-02-7,BTJIUGUIPKRLHP-UHFFFAOYSA-N,4-Nitrophenol,OC1=CC=C(C=C1)[N+]([O-])=O,"InChI=1S/C6H5NO3/c8-6-3-1-5(2-4-6)7(9)10/h1-4,8H
",C6H5NO3,139.11,139.026943,1,42/611,611,7
https://comptox.epa.gov/dashboard/chemical/details/DTXSID0021965,"1,2,4-Trichlorobenzene",120-82-1,PBKONEOXTCPAFI-UHFFFAOYSA-N,"1,2,4-Trichlorobenzene",ClC1=CC(Cl)=C(Cl)C=C1,InChI=1S/C6H3Cl3/c7-4-1-2-5(8)6(9)3-4/h1-3H,C6H3Cl3,181.44,179.930033,1,28/626,626,4
https://comptox.epa.gov/dashboard/chemical/details/DTXSID0022018,Disulfoton,298-04-4,DOFZAZXDOSGAJZ-UHFFFAOYSA-N,"O,O-Diethyl S-[2-(ethylsulfanyl)ethyl] phosphorodithioate",CCOP(=S)(OCC)SCCSCC,"InChI=1S/C8H19O2PS3/c1-4-9-11(12,10-5-2)14-8-7-13-6-3/h4-8H2,1-3H3
",C8H19O2PS3,274.39,274.028480,1,55/742,742,7
https://comptox.epa.gov/dashboard/chemical/details/DTXSID0022309,(-)-(S)-Equol,531-95-3,ADFCQWZHKCXPAJ-GFCCVEGCSA-N,"(3S)-3-(4-Hydroxyphenyl)-3,4-dihydro-2H-1-benzopyran-7-ol",OC1=CC=C(C=C1)[C@H]1COC2=CC(O)=CC=C2C1,"InChI=1S/C15H14O3/c16-13-4-1-10(2-5-13)12-7-11-3-6-14(17)8-15(11)18-9-12/h1-6,8,12,16-17H,7,9H2/t12-/m1/s1
",C15H14O3,242.274,242.094294,1, 
https://comptox.epa.gov/dashboard/chemical/details/DTXSID0022432,Chrysene,218-01-9,WDECIBYCCFPHNR-UHFFFAOYSA-N,Chrysene,C1=CC=C2C(C=CC3=C2C=CC2=CC=CC=C32)=C1,"InChI=1S/C18H12/c1-3-7-15-13(5-1)9-11-18-16-8-4-2-6-14(16)10-12-17(15)18/h1-12H
",C18H12,228.294,228.093900,1,9/267,267,3
https://comptox.epa.gov/dashboard/chemical/details/DTXSID00228005,4-Fluoro-3-phenoxybenzoic acid,77279-89-1,VLXNXMTVRWIUJZ-UHFFFAOYSA-N,4-Fluoro-3-phenoxybenzoic acid,OC(=O)C1=CC(OC2=CC=CC=C2)=C(F)C=C1,"InChI=1S/C13H9FO3/c14-11-7-6-9(13(15)16)8-12(11)17-10-4-2-1-3-5-10/h1-8H,(H,15,16)
",C13H9FO3,232.21,232.053572,1, 
https://comptox.epa.gov/dashboard/chemical/details/DTXSID0023824,"1,2,3,6,7,8-Hexachlorodibenzo-p-dioxin",57653-85-7,YCLUIPQDHHPDJJ-UHFFFAOYSA-N,"1,2,3,6,7,8-Hexachlorooxanthrene",ClC1=CC2=C(OC3=CC(Cl)=C(Cl)C(Cl)=C3O2)C(Cl)=C1Cl,"InChI=1S/C12H2Cl6O2/c13-3-1-5-11(9(17)7(3)15)20-6-2-4(14)8(16)10(18)12(6)19-5/h1-2H
",C12H2Cl6O2,390.85,387.818596,1, 
https://comptox.epa.gov/dashboard/chemical/details/DTXSID0024266,Pirimiphos-methyl,29232-93-7,QHOQHJPRIBSPCY-UHFFFAOYSA-N,"O-[2-(Diethylamino)-6-methylpyrimidin-4-yl] O,O-dimethyl phosphorothioate",CCN(CC)C1=NC(OP(=S)(OC)OC)=CC(C)=N1,"InChI=1S/C11H20N3O3PS/c1-6-14(7-2)11-12-9(3)8-10(13-11)17-18(19,15-4)16-5/h8H,6-7H2,1-5H3
",C11H20N3O3PS,305.33,305.096300,1,143/726,726,20
https://comptox.epa.gov/dashboard/chemical/details/DTXSID0024345,Triasulfuron,82097-50-5,XOPFESVZMSQIKC-UHFFFAOYSA-N,"2-(2-Chloroethoxy)-N-[(4-methoxy-6-methyl-1,3,5-triazin-2-yl)carbamoyl]benzene-1-sulfonamide",COC1=NC(C)=NC(NC(=O)NS(=O)(=O)C2=C(OCCCl)C=CC=C2)=N1,"InChI=1S/C14H16ClN5O5S/c1-9-16-12(19-14(17-9)24-2)18-13(21)20-26(22,23)11-6-4-3-5-10(11)25-8-7-15/h3-6H,7-8H2,1-2H3,(H2,16,17,18,19,20,21)
",C14H16ClN5O5S,401.82,401.056067,1,16/511,511,3
https://comptox.epa.gov/dashboard/chemical/details/DTXSID0025608,N-Methylformamide,123-39-7,ATHHXGZTWNVVOU-UHFFFAOYSA-N,N-Methylformamide,CNC=O,"InChI=1S/C2H5NO/c1-3-2-4/h2H,1H3,(H,3,4)",C2H5NO,59.068,59.037114,1, 
https://comptox.epa.gov/dashboard/chemical/details/DTXSID0034695,Mancozeb,8018-01-7,CHNQZRKUZPNOOH-UHFFFAOYSA-J,,[Mn++].[Zn++].[S-]C(=S)NCCNC([S-])=S.[S-]C(=S)NCCNC([S-])=S,"InChI=1S/2C4H8N2S4.Mn.Zn/c2*7-3(8)5-1-2-6-4(9)10;;/h2*1-2H2,(H2,5,7,8)(H2,6,9,10);;/q;;2*+2/p-4
",C8H12MnN4S8Zn,541.01,538.749952,1,247/908,908,27
https://comptox.epa.gov/dashboard/chemical/details/DTXSID0034936,Sulfometuron-methyl,74222-97-2,ZDXMLEQEMNLCQG-UHFFFAOYSA-N,"Methyl 2-{[(4,6-dimethylpyrimidin-2-yl)carbamoyl]sulfamoyl}benzoate",COC(=O)C1=CC=CC=C1S(=O)(=O)NC(=O)NC1=NC(C)=CC(C)=N1,"InChI=1S/C15H16N4O5S/c1-9-8-10(2)17-14(16-9)18-15(21)19-25(22,23)12-7-5-4-6-11(12)13(20)24-3/h4-8H,1-3H3,(H2,16,17,18,19,21)
",C15H16N4O5S,364.38,364.084141,1,2/331,331,1
https://comptox.epa.gov/dashboard/chemical/details/DTXSID0041775,Chlornitrofen,1836-77-7,XQNAUQUKWRBODG-UHFFFAOYSA-N,"1,3,5-Trichloro-2-(4-nitrophenoxy)benzene",[O-][N+](=O)C1=CC=C(OC2=C(Cl)C=C(Cl)C=C2Cl)C=C1,"InChI=1S/C12H6Cl3NO3/c13-7-5-10(14)12(11(15)6-7)19-9-3-1-8(2-4-9)16(17)18/h1-6H
",C12H6Cl3NO3,318.53,316.941326,1, 
https://comptox.epa.gov/dashboard/chemical/details/DTXSID0047167,N-Methylacetamide,79-16-3,OHLUUHNLEMFGTQ-UHFFFAOYSA-N,N-Methylacetamide,CNC(C)=O,"InChI=1S/C3H7NO/c1-3(5)4-2/h1-2H3,(H,4,5)
",C3H7NO,73.095,73.052764,1,3/583,583,1
https://comptox.epa.gov/dashboard/chemical/details/DTXSID0051996,3-Methyl-4-(methylthio)phenol,3120-74-9,VKALYYFVKBXHTF-UHFFFAOYSA-N,3-Methyl-4-(methylsulfanyl)phenol,CSC1=C(C)C=C(O)C=C1,"InChI=1S/C8H10OS/c1-6-5-7(9)3-4-8(6)10-2/h3-5,9H,1-2H3",C8H10OS,154.23,154.045236,1,40/227,227,18
https://comptox.epa.gov/dashboard/chemical/details/DTXSID0052706,"2,3,3',4,4',5-Hexachlorobiphenyl",38380-08-4,LCXMEXLGMKFLQO-UHFFFAOYSA-N,"2,3,3',4,4',5-Hexachloro-1,1'-biphenyl",ClC1=CC(=C(Cl)C(Cl)=C1Cl)C1=CC(Cl)=C(Cl)C=C1,"InChI=1S/C12H4Cl6/c13-7-2-1-5(3-8(7)14)6-4-9(15)11(17)12(18)10(6)16/h1-4H
",C12H4Cl6,360.86,357.844416,1, 
https://comptox.epa.gov/dashboard/chemical/details/DTXSID0052833,Arsenobetaine,64436-13-1,SPTHHTGLGVZZRH-UHFFFAOYSA-N,(Trimethylarsaniumyl)acetate,C[As+](C)(C)CC([O-])=O,"InChI=1S/C5H11AsO2/c1-6(2,3)4-5(7)8/h4H2,1-3H3
",C5H11AsO2,178.063,177.997500,1,2/207,207,1
https://comptox.epa.gov/dashboard/chemical/details/DTXSID0058067,Ambam,3566-10-7,FROZIYRKKUFAOC-UHFFFAOYSA-N,"Diammonium ethane-1,2-diyldicarbamodithioate",[NH4+].[NH4+].[S-]C(=S)NCCNC([S-])=S,"InChI=1S/C4H8N2S4.2H3N/c7-3(8)5-1-2-6-4(9)10;;/h1-2H2,(H2,5,7,8)(H2,6,9,10);2*1H3
",C4H14N4S4,246.42,246.010131,1, 
https://comptox.epa.gov/dashboard/chemical/details/DTXSID0058069,Phosdiphen,36519-00-3,HEMINMLPKZELPP-UHFFFAOYSA-N,"Bis(2,4-dichlorophenyl) ethyl phosphate",CCOP(=O)(OC1=C(Cl)C=C(Cl)C=C1)OC1=C(Cl)C=C(Cl)C=C1,"InChI=1S/C14H11Cl4O4P/c1-2-20-23(19,21-13-5-3-9(15)7-11(13)17)22-14-6-4-10(16)8-12(14)18/h3-8H,2H2,1H3",C14H11Cl4O4P,416.01,413.914907,1, 
https://comptox.epa.gov/dashboard/chemical/details/DTXSID0060721,N-Phenylpropanamide,620-71-3,ZTHRQJQJODGZHV-UHFFFAOYSA-N,N-Phenylpropanamide,CCC(=O)NC1=CC=CC=C1,"InChI=1S/C9H11NO/c1-2-9(11)10-8-6-4-3-5-7-8/h3-7H,2H2,1H3,(H,10,11)",C9H11NO,149.193,149.084064,2, 
https://comptox.epa.gov/dashboard/chemical/details/DTXSID0073794,"1,2,3,6,7,8-Hexabromodibenzo-p-dioxin",110999-45-6,QHJJFBHAYBGEDA-UHFFFAOYSA-N,"1,2,3,6,7,8-Hexabromooxanthrene",BrC1=CC2=C(OC3=CC(Br)=C(Br)C(Br)=C3O2)C(Br)=C1Br,InChI=1S/C12H2Br6O2/c13-3-1-5-11(9(17)7(3)15)20-6-2-4(14)8(16)10(18)12(6)19-5/h1-2H,C12H2Br6O2,657.57,651.515507,3, 
https://comptox.epa.gov/dashboard/chemical/details/DTXSID00865994,Mono(2-ethyl-5-oxohexyl)phthalate,40321-98-0,HCWNFKHKKHNSSL-UHFFFAOYNA-N,2-{[(2-Ethyl-5-oxohexyl)oxy]carbonyl}benzoic acid,CCC(CCC(C)=O)COC(=O)C1=CC=CC=C1C(O)=O,"InChI=1/C16H20O5/c1-3-12(9-8-11(2)17)10-21-16(20)14-7-5-4-6-13(14)15(18)19/h4-7,12H,3,8-10H2,1-2H3,(H,18,19)
",C16H20O5,292.331,292.131074,1, 
https://comptox.epa.gov/dashboard/chemical/details/DTXSID00873155,Monocarboxyoctyl phthalate,1923895-92-4,JJZDVFQRUJRRSA-UHFFFAOYNA-N,2-{[(6-Carboxy-2-methylheptyl)oxy]carbonyl}benzoic acid,CC(CCCC(C)C(O)=O)COC(=O)C1=C(C=CC=C1)C(O)=O,"InChI=1/C17H22O6/c1-11(6-5-7-12(2)15(18)19)10-23-17(22)14-9-4-3-8-13(14)16(20)21/h3-4,8-9,11-12H,5-7,10H2,1-2H3,(H,18,19)(H,20,21)
",C17H22O6,322.357,322.141638,1, 
https://comptox.epa.gov/dashboard/chemical/details/DTXSID10159614,Triflusulfuron,135990-29-3,AKTQJCBOGPBERP-UHFFFAOYSA-N,"2-({[4-(Dimethylamino)-6-(2,2,2-trifluoroethoxy)-1,3,5-triazin-2-yl]carbamoyl}sulfamoyl)-3-methylbenzoic acid",CN(C)C1=NC(OCC(F)(F)F)=NC(NC(=O)NS(=O)(=O)C2=C(C)C=CC=C2C(O)=O)=N1,"InChI=1S/C16H17F3N6O6S/c1-8-5-4-6-9(11(26)27)10(8)32(29,30)24-14(28)21-12-20-13(25(2)3)23-15(22-12)31-7-16(17,18)19/h4-6H,7H2,1-3H3,(H,26,27)(H2,20,21,22,23,24,28)
",C16H17F3N6O6S,478.4,478.088238,1, 
https://comptox.epa.gov/dashboard/chemical/details/DTXSID10177252,Benzo(c)phenanthren-3-ol,22717-95-9,QFFZIWXRRBPSQE-UHFFFAOYSA-N,Benzo[c]phenanthren-3-ol,OC1=CC2=C(C=C1)C1=C(C=CC3=CC=CC=C13)C=C2,"InChI=1S/C18H12O/c19-15-9-10-17-14(11-15)8-7-13-6-5-12-3-1-2-4-16(12)18(13)17/h1-11,19H",C18H12O,244.293,244.088815,2, 
https://comptox.epa.gov/dashboard/chemical/details/DTXSID1020198,Bromodichloromethane,75-27-4,FMWLUWPQPKEARP-UHFFFAOYSA-N,Bromo(dichloro)methane,ClC(Cl)Br,"InChI=1S/CHBrCl2/c2-1(3)4/h1H
",CHBrCl2,163.82,161.863868,1,0/244,244,0
https://comptox.epa.gov/dashboard/chemical/details/DTXSID1020300,Chlorodibromomethane,124-48-1,GATVIKZLVQHOMN-UHFFFAOYSA-N,Dibromo(chloro)methane,ClC(Br)Br,"InChI=1S/CHBr2Cl/c2-1(3)4/h1H
",CHBr2Cl,208.28,205.813354,1,2/244,244,1
https://comptox.epa.gov/dashboard/chemical/details/DTXSID1020306,Chloroform,67-66-3,HEDRZPFGACZZDS-UHFFFAOYSA-N,Trichloromethane,ClC(Cl)Cl,"InChI=1S/CHCl3/c2-1(3)4/h1H
",CHCl3,119.37,117.914383,1,10/244,244,4
https://comptox.epa.gov/dashboard/chemical/details/DTXSID1020431,"1,4-Dichlorobenzene",106-46-7,OCJBOOLMMGQPQU-UHFFFAOYSA-N,"1,4-Dichlorobenzene",ClC1=CC=C(Cl)C=C1,"InChI=1S/C6H4Cl2/c7-5-1-2-6(8)4-3-5/h1-4H
",C6H4Cl2,147,145.969006,1,3/592,592,1
https://comptox.epa.gov/dashboard/chemical/details/DTXSID1020437,"1,1-Dichloroethane",75-34-3,SCYULBFZEHDVBN-UHFFFAOYSA-N,"1,1-Dichloroethane",CC(Cl)Cl,"InChI=1S/C2H4Cl2/c1-2(3)4/h2H,1H3
",C2H4Cl2,98.95,97.969005,1,1/244,244,0
https://comptox.epa.gov/dashboard/chemical/details/DTXSID1020439,"2,4-Dichlorophenol",120-83-2,HFZWRUODUSTPEG-UHFFFAOYSA-N,"2,4-Dichlorophenol",OC1=C(Cl)C=C(Cl)C=C1,"InChI=1S/C6H4Cl2O/c7-4-1-2-6(9)5(8)3-4/h1-3,9H
",C6H4Cl2O,163,161.963920,1,21/605,605,3
https://comptox.epa.gov/dashboard/chemical/details/DTXSID1020855,Methyl parathion,298-00-0,RLBIQVVOMOPOHC-UHFFFAOYSA-N,"O,O-Dimethyl O-(4-nitrophenyl) phosphorothioate",COP(=S)(OC)OC1=CC=C(C=C1)[N+]([O-])=O,"InChI=1S/C8H10NO5PS/c1-12-15(16,13-2)14-8-5-3-7(4-6-8)9(10)11/h3-6H,1-2H3
",C8H10NO5PS,263.2,263.001731,1,138/818,818,17
https://comptox.epa.gov/dashboard/chemical/details/DTXSID1020930,(-)-Nicotine,54-11-5,SNICXCGAKADSCV-JTQLQIEISA-N,3-[(2S)-1-Methylpyrrolidin-2-yl]pyridine,CN1CCC[C@H]1C1=CN=CC=C1,"InChI=1S/C10H14N2/c1-12-7-3-5-10(12)9-4-2-6-11-8-9/h2,4,6,8,10H,3,5,7H2,1H3/t10-/m0/s1
",C10H14N2,162.236,162.115698,1,16/688,688,2
https://comptox.epa.gov/dashboard/chemical/details/DTXSID1021374,Bromoform,75-25-2,DIKBFYAXUHHXCS-UHFFFAOYSA-N,Tribromomethane,BrC(Br)Br,"InChI=1S/CHBr3/c2-1(3)4/h1H
",CHBr3,252.731,249.762839,1,6/251,251,2
https://comptox.epa.gov/dashboard/chemical/details/DTXSID1021401,Trimethylarsine oxide,4964-14-1,JWOWJQPAYGEFFK-UHFFFAOYSA-N,Trimethyl(oxo)-lambda~5~-arsane,C[As](C)(C)=O,"InChI=1S/C3H9AsO/c1-4(2,3)5/h1-3H3",C3H9AsO,136.026,135.986935,1, 
https://comptox.epa.gov/dashboard/chemical/details/DTXSID1021950,"2,2,2-Trichloroethanol",115-20-8,KPWDGTGXUYRARH-UHFFFAOYSA-N,"2,2,2-Trichloroethan-1-ol",OCC(Cl)(Cl)Cl,"InChI=1S/C2H3Cl3O/c3-2(4,5)1-6/h6H,1H2
",C2H3Cl3O,149.4,147.924948,1, 
https://comptox.epa.gov/dashboard/chemical/details/DTXSID1021956,Di-n-octyl phthalate,117-84-0,MQIUGAXCHLFZKX-UHFFFAOYSA-N,"Dioctyl benzene-1,2-dicarboxylate",CCCCCCCCOC(=O)C1=C(C=CC=C1)C(=O)OCCCCCCCC,"InChI=1S/C24H38O4/c1-3-5-7-9-11-15-19-27-23(25)21-17-13-14-18-22(21)24(26)28-20-16-12-10-8-6-4-2/h13-14,17-18H,3-12,15-16,19-20H2,1-2H3",C24H38O4,390.564,390.277010,1,19/609,609,3
https://comptox.epa.gov/dashboard/chemical/details/DTXSID1022265,Alachlor,15972-60-8,XCSGPAVHZFQHGE-UHFFFAOYSA-N,"2-Chloro-N-(2,6-diethylphenyl)-N-(methoxymethyl)acetamide",CCC1=CC=CC(CC)=C1N(COC)C(=O)CCl,"InChI=1S/C14H20ClNO2/c1-4-11-7-6-8-12(5-2)14(11)16(10-18-3)13(17)9-15/h6-8H,4-5,9-10H2,1-3H3
",C14H20ClNO2,269.77,269.118257,1,127/664,664,19
https://comptox.epa.gov/dashboard/chemical/details/DTXSID1023940,Cadmium,7440-43-9,BDOSMKKIYDKNTQ-UHFFFAOYSA-N,,[Cd],"InChI=1S/Cd
",Cd,112.414,113.903365,1, 
https://comptox.epa.gov/dashboard/chemical/details/DTXSID1023998,Cypermethrin,52315-07-8,KAATUXNTWXVJKI-UHFFFAOYNA-N,"Cyano(3-phenoxyphenyl)methyl 3-(2,2-dichloroethenyl)-2,2-dimethylcyclopropane-1-carboxylate",CC1(C)C(C=C(Cl)Cl)C1C(=O)OC(C#N)C1=CC=CC(OC2=CC=CC=C2)=C1,"InChI=1/C22H19Cl2NO3/c1-22(2)17(12-19(23)24)20(22)21(26)28-18(13-25)14-7-6-10-16(11-14)27-15-8-4-3-5-9-15/h3-12,17-18,20H,1-2H3
",C22H19Cl2NO3,416.3,415.074199,1,136/857,857,16
https://comptox.epa.gov/dashboard/chemical/details/DTXSID1024124,Thifensulfuron methyl,79277-27-3,AHTPATJNIAFOLR-UHFFFAOYSA-N,"Methyl 3-{[(4-methoxy-6-methyl-1,3,5-triazin-2-yl)carbamoyl]sulfamoyl}thiophene-2-carboxylate",COC(=O)C1=C(C=CS1)S(=O)(=O)NC(=O)NC1=NC(C)=NC(OC)=N1,"InChI=1S/C12H13N5O6S2/c1-6-13-10(16-12(14-6)23-3)15-11(19)17-25(20,21)7-4-5-24-8(7)9(18)22-2/h4-5H,1-3H3,(H2,13,14,15,16,17,19)
",C12H13N5O6S2,387.39,387.030726,1,2/469,469,0
https://comptox.epa.gov/dashboard/chemical/details/DTXSID1024126,Heptachlor epoxide B,1024-57-3,ZXFXBSWRVIQKOD-INTQEDSVNA-N,"(1aS,1bR,2R,5R,5aS,6R,6aS)-2,3,4,5,6,7,7-Heptachloro-1b,2,5,5a,6,6a-hexahydro-1aH-2,5-methanoindeno[1,2-b]oxirene",[H][C@]12O[C@@]1([H])[C@@]1([H])[C@@]([H])([C@H]2Cl)[C@@]2(Cl)C(Cl)=C(Cl)[C@]1(Cl)C2(Cl)Cl,"InChI=1/C10H5Cl7O/c11-3-1-2(4-5(3)18-4)9(15)7(13)6(12)8(1,14)10(9,16)17/h1-5H/t1-,2+,3+,4-,5+,8+,9-/s2
",C10H5Cl7O,389.3,385.816009,1,193/642,642,30
https://comptox.epa.gov/dashboard/chemical/details/DTXSID1024172,Mercury,7439-97-6,QSHDDOUJBYECFT-UHFFFAOYSA-N,Mercury,[Hg],"InChI=1S/Hg
",Hg,200.59,201.970643,1, 
https://comptox.epa.gov/dashboard/chemical/details/DTXSID1024207,Molybdenum,7439-98-7,ZOKXTWBITQBERF-UHFFFAOYSA-N,Molybdenum,[Mo],InChI=1S/Mo,Mo,95.95,97.905405,1, 
https://comptox.epa.gov/dashboard/chemical/details/DTXSID1024209,Naled,300-76-5,BUYMVQAILCEWRR-UHFFFAOYNA-N,"1,2-Dibromo-2,2-dichloroethyl dimethyl phosphate",COP(=O)(OC)OC(Br)C(Cl)(Cl)Br,"InChI=1/C4H7Br2Cl2O4P/c1-10-13(9,11-2)12-3(5)4(6,7)8/h3H,1-2H3
",C4H7Br2Cl2O4P,380.78,377.782577,1,244/729,729,33
https://comptox.epa.gov/dashboard/chemical/details/DTXSID1027502,2-Isopropyl-6-methyl-4-pyrimidone,2814-20-2,AJPIUNPJBFBUKK-UHFFFAOYSA-N,6-Methyl-2-(propan-2-yl)pyrimidin-4(1H)-one,CC(C)C1=NC(=O)C=C(C)N1,"InChI=1S/C8H12N2O/c1-5(2)8-9-6(3)4-7(11)10-8/h4-5H,1-3H3,(H,9,10,11)
",C8H12N2O,152.197,152.094963,1,3/333,333,1
https://comptox.epa.gov/dashboard/chemical/details/DTXSID1032484,Temephos,3383-96-8,WWJZWCUNLNYYAU-UHFFFAOYSA-N,"O,O,O',O'-Tetramethyl O,O'-[sulfanediyldi(4,1-phenylene)] bis(phosphorothioate)",COP(=S)(OC)OC1=CC=C(SC2=CC=C(OP(=S)(OC)OC)C=C2)C=C1,"InChI=1S/C16H20O6P2S3/c1-17-23(25,18-2)21-13-5-9-15(10-6-13)27-16-11-7-14(8-12-16)22-24(26,19-3)20-4/h5-12H,1-4H3
",C16H20O6P2S3,466.46,465.989726,1,136/504,504,27
https://comptox.epa.gov/dashboard/chemical/details/DTXSID1032642,Rimsulfuron,122931-48-0,MEFOUWRMVYJCQC-UHFFFAOYSA-N,"N-[(4,6-Dimethoxypyrimidin-2-yl)carbamoyl]-3-(ethanesulfonyl)pyridine-2-sulfonamide",CCS(=O)(=O)C1=CC=CN=C1S(=O)(=O)NC(=O)NC1=NC(OC)=CC(OC)=N1,"InChI=1S/C14H17N5O7S2/c1-4-27(21,22)9-6-5-7-15-12(9)28(23,24)19-14(20)18-13-16-10(25-2)8-11(17-13)26-3/h5-8H,4H2,1-3H3,(H2,16,17,18,19,20)
",C14H17N5O7S2,431.44,431.056940,1,21/397,397,5
https://comptox.epa.gov/dashboard/chemical/details/DTXSID1032648,Z-Tetrachlorvinphos,22248-79-9,UBCKGWBNUIFUST-YHYXMXQVSA-N,"(Z)-2-Chloro-1-(2,4,5-trichlorophenyl)ethenyl dimethyl phosphate",COP(=O)(OC)O\C(=C/Cl)C1=C(Cl)C=C(Cl)C(Cl)=C1,"InChI=1S/C10H9Cl4O4P/c1-16-19(15,17-2)18-10(5-11)6-3-8(13)9(14)4-7(6)12/h3-5H,1-2H3/b10-5-
",C10H9Cl4O4P,365.95,363.899257,1,144/515,515,28
https://comptox.epa.gov/dashboard/chemical/details/DTXSID1037303,Perfluoroheptanoic acid,375-85-9,ZWBAMYVPMDSJGQ-UHFFFAOYSA-N,Tridecafluoroheptanoic acid,OC(=O)C(F)(F)C(F)(F)C(F)(F)C(F)(F)C(F)(F)C(F)(F)F,"InChI=1S/C7HF13O2/c8-2(9,1(21)22)3(10,11)4(12,13)5(14,15)6(16,17)7(18,19)20/h(H,21,22)
",C7HF13O2,364.062,363.976895,1,42/717,717,6
https://comptox.epa.gov/dashboard/chemical/details/DTXSID1038298,1-Hydroxypyrene,5315-79-7,BIJNHUAPTJVVNQ-UHFFFAOYSA-N,Pyren-1-ol,OC1=C2C=CC3=CC=CC4=CC=C(C=C1)C2=C34,"InChI=1S/C16H10O/c17-14-9-7-12-5-4-10-2-1-3-11-6-8-13(14)16(12)15(10)11/h1-9,17H",C16H10O,218.255,218.073165,1,238/690,690,34
https://comptox.epa.gov/dashboard/chemical/details/DTXSID1038321,3-Phenoxybenzoic acid,3739-38-6,NXTDJHZGHOFSQG-UHFFFAOYSA-N,3-Phenoxybenzoic acid,OC(=O)C1=CC(OC2=CC=CC=C2)=CC=C1,"InChI=1S/C13H10O3/c14-13(15)10-5-4-8-12(9-10)16-11-6-2-1-3-7-11/h1-9H,(H,14,15)
",C13H10O3,214.22,214.062994,1,15/645,645,2
https://comptox.epa.gov/dashboard/chemical/details/DTXSID1040320,Bifenox,42576-02-3,SUSRORUBZHMPCO-UHFFFAOYSA-N,"Methyl 5-(2,4-dichlorophenoxy)-2-nitrobenzoate",COC(=O)C1=C(C=CC(OC2=CC=C(Cl)C=C2Cl)=C1)[N+]([O-])=O,"InChI=1S/C14H9Cl2NO5/c1-21-14(18)10-7-9(3-4-12(10)17(19)20)22-13-5-2-8(15)6-11(13)16/h2-7H,1H3
",C14H9Cl2NO5,342.13,340.985778,1,59/332,332,18
https://comptox.epa.gov/dashboard/chemical/details/DTXSID1042522,Uranium,7440-61-1,JFALSRSLKYAFGM-IGMARMGPSA-N,Uranium,[238U],"InChI=1S/U/i1+0
",[238U],238.05079,238.050790,1, 
https://comptox.epa.gov/dashboard/chemical/details/DTXSID1044699,Diethyl hydrogen phosphate,598-02-7,UCQFCFPECQILOL-UHFFFAOYSA-N,Diethyl hydrogen phosphate,CCOP(O)(=O)OCC,"InChI=1S/C4H11O4P/c1-3-7-9(5,6)8-4-2/h3-4H2,1-2H3,(H,5,6)
",C4H11O4P,154.102,154.039496,1,0/3,3,0
https://comptox.epa.gov/dashboard/chemical/details/DTXSID1047576,Cotinine,486-56-6,UIKROCXWUNQSPJ-VIFPVBQESA-N,(5S)-1-Methyl-5-(pyridin-3-yl)pyrrolidin-2-one,CN1[C@@H](CCC1=O)C1=CN=CC=C1,"InChI=1S/C10H12N2O/c1-12-9(4-5-10(12)13)8-3-2-6-11-7-8/h2-3,6-7,9H,4-5H2,1H3/t9-/m0/s1
",C10H12N2O,176.219,176.094963,1,3/641,641,0
https://comptox.epa.gov/dashboard/chemical/details/DTXSID1049801,Tin,7440-31-5,ATJFFYVFTNAWJD-UHFFFAOYSA-N,Tin,[Sn],"InChI=1S/Sn
",Sn,118.71,119.902202,1, 
https://comptox.epa.gov/dashboard/chemical/details/DTXSID1052034,"1,2,3,4,6,7,8-Heptachlorodibenzodioxin",35822-46-9,WCLNVRQZUKYVAI-UHFFFAOYSA-N,"1,2,3,4,6,7,8-Heptachlorooxanthrene",ClC1=C(Cl)C(Cl)=C2OC3=C(OC2=C1)C(Cl)=C(Cl)C(Cl)=C3Cl,InChI=1S/C12HCl7O2/c13-2-1-3-10(7(17)4(2)14)21-12-9(19)6(16)5(15)8(18)11(12)20-3/h1H,C12HCl7O2,425.29,421.779623,1, 
https://comptox.epa.gov/dashboard/chemical/details/DTXSID1052741,Propineb,12071-83-9,KKMLIVYBGSAJPM-UHFFFAOYNA-L,"Zinc propane-1,2-diyldicarbamodithioate",[Zn++].CC(CNC([S-])=S)NC([S-])=S,"InChI=1S/C5H10N2S4.Zn/c1-3(7-5(10)11)2-6-4(8)9;/h3H,2H2,1H3,(H2,6,8,9)(H2,7,10,11);/q;+2/p-2",C5H8N2S4Zn,289.75,287.886175,1,40/59,59,68
https://comptox.epa.gov/dashboard/chemical/details/DTXSID1058688,Ammonium diethyl dithiophosphate,1068-22-0,HFRHTRKMBOQLLL-UHFFFAOYSA-N,"Ammonium O,O-diethyl phosphorodithioate",[NH4+].CCOP([S-])(=S)OCC,"InChI=1S/C4H11O2PS2.H3N/c1-3-5-7(8,9)6-4-2;/h3-4H2,1-2H3,(H,8,9);1H3
",C4H14NO2PS2,203.25,203.020358,1,0/3,3,0
https://comptox.epa.gov/dashboard/chemical/details/DTXSID10624392,2-(N-Methylperfluorooctanesulfonamido)acetic acid,2355-31-9,QNDHIRFIMVNHBN-UHFFFAOYSA-N,"N-(1,1,2,2,3,3,4,4,5,5,6,6,7,7,8,8,8-Heptadecafluorooctane-1-sulfonyl)-N-methylglycine",CN(CC(O)=O)S(=O)(=O)C(F)(F)C(F)(F)C(F)(F)C(F)(F)C(F)(F)C(F)(F)C(F)(F)C(F)(F)F,"InChI=1S/C11H6F17NO4S/c1-29(2-3(30)31)34(32,33)11(27,28)9(22,23)7(18,19)5(14,15)4(12,13)6(16,17)8(20,21)10(24,25)26/h2H2,1H3,(H,30,31)
",C11H6F17NO4S,571.2,570.974608,1, 
https://comptox.epa.gov/dashboard/chemical/details/DTXSID1073496,"2,2',4,4',5-Pentachlorobiphenyl",38380-01-7,LMQJBFRGXHMNOX-UHFFFAOYSA-N,"2,2',4,4',5-Pentachloro-1,1'-biphenyl",ClC1=CC(Cl)=C(C=C1)C1=C(Cl)C=C(Cl)C(Cl)=C1,"InChI=1S/C12H5Cl5/c13-6-1-2-7(9(14)3-6)8-4-11(16)12(17)5-10(8)15/h1-5H
",C12H5Cl5,326.42,323.883389,1, 
https://comptox.epa.gov/dashboard/chemical/details/DTXSID1073498,"2,2',3,4',5',6-Hexachlorobiphenyl",38380-04-0,LKHLFUVHHXCNJH-UHFFFAOYSA-N,"2,2',3,4',5',6-Hexachloro-1,1'-biphenyl",ClC1=CC(Cl)=C(C=C1Cl)C1=C(Cl)C(Cl)=CC=C1Cl,InChI=1S/C12H4Cl6/c13-6-1-2-7(14)12(18)11(6)5-3-9(16)10(17)4-8(5)15/h1-4H,C12H4Cl6,360.86,357.844416,2, 
https://comptox.epa.gov/dashboard/chemical/details/DTXSID1074171,"2,2',3,3',4,4',5,6-Octachlorobiphenyl",52663-78-2,JAHJITLFJSDRCG-UHFFFAOYSA-N,"2,2',3,3',4,4',5,6-Octachloro-1,1'-biphenyl",ClC1=C(Cl)C(Cl)=C(C=C1)C1=C(Cl)C(Cl)=C(Cl)C(Cl)=C1Cl,"InChI=1S/C12H2Cl8/c13-4-2-1-3(6(14)7(4)15)5-8(16)10(18)12(20)11(19)9(5)17/h1-2H
",C12H2Cl8,429.75,425.766472,1, 
https://comptox.epa.gov/dashboard/chemical/details/DTXSID10858736,"O,O-Dimethylthiophosphate",1112-38-5,WWJJVKAEQGGYHJ-UHFFFAOYSA-N,"O,O-Dimethyl hydrogen phosphorothioate",COP(S)(=O)OC,"InChI=1S/C2H7O3PS/c1-4-6(3,7)5-2/h1-2H3,(H,3,7)
",C2H7O3PS,142.11,141.985352,1, 
https://comptox.epa.gov/dashboard/chemical/details/DTXSID10886978,"Phosphoric acid, monoethyl ester, compd. with N-methyl-N-octadecyl-1-octadecanamine (1:1)",67874-00-4,XVETVAQIHVBJKT-UHFFFAOYSA-N,Ethyl dihydrogen phosphate--N-methyl-N-octadecyloctadecan-1-amine (1/1),CCOP(O)(O)=O.CCCCCCCCCCCCCCCCCCN(C)CCCCCCCCCCCCCCCCCC,"InChI=1S/C37H77N.C2H7O4P/c1-4-6-8-10-12-14-16-18-20-22-24-26-28-30-32-34-36-38(3)37-35-33-31-29-27-25-23-21-19-17-15-13-11-9-7-5-2;1-2-6-7(3,4)5/h4-37H2,1-3H3;2H2,1H3,(H2,3,4,5)",C39H84NO4P,662.078,661.613797,2, 
https://comptox.epa.gov/dashboard/chemical/details/DTXSID2020139,Benzo[a]pyrene,50-32-8,FMMWHPNWAFZXNH-UHFFFAOYSA-N,Benzo[pqr]tetraphene,C1=CC=C2C(=C1)C=C1C=CC3=CC=CC4=CC=C2C1=C34,"InChI=1S/C20H12/c1-2-7-17-15(4-1)12-16-9-8-13-5-3-6-14-10-11-18(17)20(16)19(13)14/h1-12H
",C20H12,252.316,252.093900,1,71/267,267,27
https://comptox.epa.gov/dashboard/chemical/details/DTXSID2020347,Coumaphos,56-72-4,BXNANOICGRISHX-UHFFFAOYSA-N,"O-(3-Chloro-4-methyl-2-oxo-2H-1-benzopyran-7-yl) O,O-diethyl phosphorothioate",CCOP(=S)(OCC)OC1=CC2=C(C=C1)C(C)=C(Cl)C(=O)O2,"InChI=1S/C14H16ClO5PS/c1-4-17-21(22,18-5-2)20-10-6-7-11-9(3)13(15)14(16)19-12(11)8-10/h6-8H,4-5H2,1-3H3
",C14H16ClO5PS,362.76,362.014459,1,197/818,818,24
https://comptox.epa.gov/dashboard/chemical/details/DTXSID2020682,Hexachlorobenzene,118-74-1,CKAPSXZOOQJIBF-UHFFFAOYSA-N,Hexachlorobenzene,ClC1=C(Cl)C(Cl)=C(Cl)C(Cl)=C1Cl,"InChI=1S/C6Cl6/c7-1-2(8)4(10)6(12)5(11)3(1)9
",C6Cl6,284.77,281.813116,1,0/244,244,0
https://comptox.epa.gov/dashboard/chemical/details/DTXSID2020686,Lindane,58-89-9,JLYXXMFPNIAWKQ-GNIYUCBRNA-N,"(1R,2S,3r,4R,5S,6r)-1,2,3,4,5,6-Hexachlorocyclohexane",Cl[C@H]1[C@H](Cl)[C@@H](Cl)[C@@H](Cl)[C@H](Cl)[C@H]1Cl,"InChI=1/C6H6Cl6/c7-1-2(8)4(10)6(12)5(11)3(1)9/h1-6H/t1-,2-,3-,4+,5+,6+
",C6H6Cl6,290.81,287.860066,1,87/710,710,12
https://comptox.epa.gov/dashboard/chemical/details/DTXSID20210644,"Propane, 2-methyl-2-(methylthio)-",6163-64-0,CJFVCTVYZFTORU-UHFFFAOYSA-N,2-Methyl-2-(methylsulfanyl)propane,CSC(C)(C)C,"InChI=1S/C5H12S/c1-5(2,3)6-4/h1-4H3",C5H12S,104.21,104.065972,4, 
https://comptox.epa.gov/dashboard/chemical/details/DTXSID2021105,Fartox,82-68-8,LKPLKUMXSAEKID-UHFFFAOYSA-N,"1,2,3,4,5-Pentachloro-6-nitrobenzene",[O-][N+](=O)C1=C(Cl)C(Cl)=C(Cl)C(Cl)=C1Cl,"InChI=1S/C6Cl5NO2/c7-1-2(8)4(10)6(12(13)14)5(11)3(1)9
",C6Cl5NO2,295.32,292.837167,1,96/674,674,14
https://comptox.epa.gov/dashboard/chemical/details/DTXSID2021151,2-Phenylphenol,90-43-7,LLEMOWNGBBNAJR-UHFFFAOYSA-N,"[1,1'-Biphenyl]-2-ol",OC1=C(C=CC=C1)C1=CC=CC=C1,"InChI=1S/C12H10O/c13-12-9-5-4-8-11(12)10-6-2-1-3-7-10/h1-9,13H",C12H10O,170.211,170.073165,1,63/704,704,9
https://comptox.epa.gov/dashboard/chemical/details/DTXSID2021284,Styrene,100-42-5,PPBRXRYQALVLMV-UHFFFAOYSA-N,Ethenylbenzene,C=CC1=CC=CC=C1,"InChI=1S/C8H8/c1-2-8-6-4-3-5-7-8/h2-7H,1H2
",C8H8,104.152,104.062600,1,1/244,244,0
https://comptox.epa.gov/dashboard/chemical/details/DTXSID2021315,"2,3,7,8-Tetrachlorodibenzo-p-dioxin",1746-01-6,HGUFODBRKLSHSI-UHFFFAOYSA-N,"2,3,7,8-Tetrachlorooxanthrene",ClC1=C(Cl)C=C2OC3=CC(Cl)=C(Cl)C=C3OC2=C1,"InChI=1S/C12H4Cl4O2/c13-5-1-9-10(2-6(5)14)18-12-4-8(16)7(15)3-11(12)17-9/h1-4H
",C12H4Cl4O2,321.96,319.896540,1,12/244,244,5
https://comptox.epa.gov/dashboard/chemical/details/DTXSID2021319,Tetrachloroethylene,127-18-4,CYTYCFOTNPOANT-UHFFFAOYSA-N,Tetrachloroethene,ClC(Cl)=C(Cl)Cl,InChI=1S/C2Cl4/c3-1(4)2(5)6,C2Cl4,165.82,163.875411,1,2/244,244,1
https://comptox.epa.gov/dashboard/chemical/details/DTXSID2021781,"Dibutyl 1,2-benzenedicarboxylate",84-74-2,DOIRQSBPFJWKBE-UHFFFAOYSA-N,"Dibutyl benzene-1,2-dicarboxylate",CCCCOC(=O)C1=CC=CC=C1C(=O)OCCCC,"InChI=1S/C16H22O4/c1-3-5-11-19-15(17)13-9-7-8-10-14(13)16(18)20-12-6-4-2/h7-10H,3-6,11-12H2,1-2H3
",C16H22O4,278.348,278.151809,1,102/826,826,12
https://comptox.epa.gov/dashboard/chemical/details/DTXSID2021868,p-Xylene,106-42-3,URLKBWYHVLBVBO-UHFFFAOYSA-N,"1,4-Xylene",CC1=CC=C(C)C=C1,"InChI=1S/C8H10/c1-7-3-5-8(2)6-4-7/h3-6H,1-2H3
",C8H10,106.168,106.078250,1,0/244,244,0
https://comptox.epa.gov/dashboard/chemical/details/DTXSID2021995,DEET,134-62-3,MMOXZBCLCQITDF-UHFFFAOYSA-N,"N,N-Diethyl-3-methylbenzamide",CCN(CC)C(=O)C1=CC=CC(C)=C1,"InChI=1S/C12H17NO/c1-4-13(5-2)12(14)11-8-6-7-10(3)9-11/h6-9H,4-5H2,1-3H3
",C12H17NO,191.274,191.131014,1,27/709,709,4
https://comptox.epa.gov/dashboard/chemical/details/DTXSID2022254,Terbufos,13071-79-9,XLNZEKHULJKQBA-UHFFFAOYSA-N,"S-[(tert-Butylsulfanyl)methyl] O,O-diethyl phosphorodithioate",CCOP(=S)(OCC)SCSC(C)(C)C,"InChI=1S/C9H21O2PS3/c1-6-10-12(13,11-7-2)15-8-14-9(3,4)5/h6-8H2,1-5H3
",C9H21O2PS3,288.42,288.044130,1,94/665,665,14
https://comptox.epa.gov/dashboard/chemical/details/DTXSID2023985,Copper,7440-50-8,RYGMFSIKBFXOCR-UHFFFAOYSA-N,Copper,[Cu],"InChI=1S/Cu
",Cu,63.546,62.929598,1, 
https://comptox.epa.gov/dashboard/chemical/details/DTXSID2024030,"(Z)-1,2-Dichloroethylene",156-59-2,KFUSEUYYWQURPO-UPHRSURJSA-N,"(Z)-1,2-Dichloroethene",Cl\C=C/Cl,"InChI=1S/C2H2Cl2/c3-1-2-4/h1-2H/b2-1-
",C2H2Cl2,96.94,95.953356,1,0/244,244,0
https://comptox.epa.gov/dashboard/chemical/details/DTXSID2024086,Ethion,563-12-2,RIZMRRKBZQXFOY-UHFFFAOYSA-N,"O,O,O',O'-Tetraethyl S,S'-methylene bis(phosphorodithioate)",CCOP(=S)(OCC)SCSP(=S)(OCC)OCC,"InChI=1S/C9H22O4P2S4/c1-5-10-14(16,11-6-2)18-9-19-15(17,12-7-3)13-8-4/h5-9H2,1-4H3
",C9H22O4P2S4,384.46,383.987618,1,106/619,619,17
https://comptox.epa.gov/dashboard/chemical/details/DTXSID2024161,Lead,7439-92-1,WABPQHHGFIMREM-UHFFFAOYSA-N,Lead,[PbH2],"InChI=1S/Pb
",Pb,207.2,207.976653,1, 
https://comptox.epa.gov/dashboard/chemical/details/DTXSID2024169,Manganese,7439-96-5,PWHULOQIROXLJO-UHFFFAOYSA-N,Manganese,[Mn],"InChI=1S/Mn
",Mn,54.93804,54.938044,1, 
https://comptox.epa.gov/dashboard/chemical/details/DTXSID2025680,Mono(2-ethylhexyl) phthalate,4376-20-9,DJDSLBVSSOQSLW-UHFFFAOYNA-N,2-{[(2-Ethylhexyl)oxy]carbonyl}benzoic acid,CCCCC(CC)COC(=O)C1=CC=CC=C1C(O)=O,"InChI=1/C16H22O4/c1-3-5-8-12(4-2)11-20-16(19)14-10-7-6-9-13(14)15(17)18/h6-7,9-10,12H,3-5,8,11H2,1-2H3,(H,17,18)
",C16H22O4,278.348,278.151809,1,82/757,757,11
https://comptox.epa.gov/dashboard/chemical/details/DTXSID2027414,"2,3-Dihydro-2,2-dimethyl-7-benzofuranol",1563-38-8,WJGPNUBJBMCRQH-UHFFFAOYSA-N,"2,2-Dimethyl-2,3-dihydro-1-benzofuran-7-ol",CC1(C)CC2=C(O1)C(O)=CC=C2,"InChI=1S/C10H12O2/c1-10(2)6-7-4-3-5-8(11)9(7)12-10/h3-5,11H,6H2,1-2H3
",C10H12O2,164.204,164.083730,1,6/472,472,1
https://comptox.epa.gov/dashboard/chemical/details/DTXSID20294681,Benzo[c]phenanthren-1-ol,22717-93-7,XTPJJWPXQDJTPH-UHFFFAOYSA-N,Benzo[c]phenanthren-1-ol,OC1=CC=CC2=C1C1=C(C=CC3=CC=CC=C13)C=C2,"InChI=1S/C18H12O/c19-16-7-3-5-13-10-11-14-9-8-12-4-1-2-6-15(12)17(14)18(13)16/h1-11,19H",C18H12O,244.293,244.088815,2, 
https://comptox.epa.gov/dashboard/chemical/details/DTXSID2032180,"2,2',4,4',5,5'-Hexachlorobiphenyl",35065-27-1,MVWHGTYKUMDIHL-UHFFFAOYSA-N,"2,2',4,4',5,5'-Hexachloro-1,1'-biphenyl",ClC1=CC(Cl)=C(C=C1Cl)C1=CC(Cl)=C(Cl)C=C1Cl,"InChI=1S/C12H4Cl6/c13-7-3-11(17)9(15)1-5(7)6-2-10(16)12(18)4-8(6)14/h1-4H
",C12H4Cl6,360.86,357.844416,1,4/244,244,2
https://comptox.epa.gov/dashboard/chemical/details/DTXSID2032344,Chlorethoxyfos,54593-83-8,XFDJMIHUAHSGKG-UHFFFAOYNA-N,"O,O-Diethyl O-(1,2,2,2-tetrachloroethyl) phosphorothioate",CCOP(=S)(OCC)OC(Cl)C(Cl)(Cl)Cl,"InChI=1/C6H11Cl4O3PS/c1-3-11-14(15,12-4-2)13-5(7)6(8,9)10/h5H,3-4H2,1-2H3
",C6H11Cl4O3PS,335.98,333.892063,1,128/717,717,18
https://comptox.epa.gov/dashboard/chemical/details/DTXSID2034885,Fenchlorphos,299-84-3,JHJOOSLFWRRSGU-UHFFFAOYSA-N,"O,O-Dimethyl O-(2,4,5-trichlorophenyl) phosphorothioate",COP(=S)(OC)OC1=C(Cl)C=C(Cl)C(Cl)=C1,"InChI=1S/C8H8Cl3O3PS/c1-12-15(16,13-2)14-8-4-6(10)5(9)3-7(8)11/h3-4H,1-2H3
",C8H8Cl3O3PS,321.53,319.899735,1,60/449,449,13
https://comptox.epa.gov/dashboard/chemical/details/DTXSID2036035,Thallium,7440-28-0,BKVIYDNLLOSFOA-UHFFFAOYSA-N,Thallium,[Tl],InChI=1S/Tl,Tl,204.38,204.974428,1, 
https://comptox.epa.gov/dashboard/chemical/details/DTXSID2038310,"2,4,4'-Trichlorobiphenyl",7012-37-5,BZTYNSQSZHARAZ-UHFFFAOYSA-N,"2,4,4'-Trichloro-1,1'-biphenyl",ClC1=CC=C(C=C1)C1=C(Cl)C=C(Cl)C=C1,"InChI=1S/C12H7Cl3/c13-9-3-1-8(2-4-9)11-6-5-10(14)7-12(11)15/h1-7H
",C12H7Cl3,257.54,255.961333,1, 
https://comptox.epa.gov/dashboard/chemical/details/DTXSID2038314,"3,3',4,4',5,5'-Hexachlorobiphenyl",32774-16-6,ZHLICBPIXDOFFG-UHFFFAOYSA-N,"3,3',4,4',5,5'-Hexachloro-1,1'-biphenyl",ClC1=CC(=CC(Cl)=C1Cl)C1=CC(Cl)=C(Cl)C(Cl)=C1,InChI=1S/C12H4Cl6/c13-7-1-5(2-8(14)11(7)17)6-3-9(15)12(18)10(16)4-6/h1-4H,C12H4Cl6,360.86,357.844416,1, 
https://comptox.epa.gov/dashboard/chemical/details/DTXSID2038318,3-Hydroxybenz[a]anthracene,4834-35-9,MRRWKFVZIOCJBS-UHFFFAOYSA-N,Tetraphen-3-ol,OC1=CC2=C(C=C1)C1=CC3=C(C=CC=C3)C=C1C=C2,"InChI=1S/C18H12O/c19-16-7-8-17-15(10-16)6-5-14-9-12-3-1-2-4-13(12)11-18(14)17/h1-11,19H",C18H12O,244.293,244.088815,2, 
https://comptox.epa.gov/dashboard/chemical/details/DTXSID2041622,Benfuracarb,82560-54-1,FYZBOYWSHKHDMT-UHFFFAOYSA-N,"Ethyl N-{[{[(2,2-dimethyl-2,3-dihydro-1-benzofuran-7-yl)oxy]carbonyl}(methyl)amino]sulfanyl}-N-propan-2-yl-beta-alaninate",CCOC(=O)CCN(SN(C)C(=O)OC1=CC=CC2=C1OC(C)(C)C2)C(C)C,"InChI=1S/C20H30N2O5S/c1-7-25-17(23)11-12-22(14(2)3)28-21(6)19(24)26-16-10-8-9-15-13-20(4,5)27-18(15)16/h8-10,14H,7,11-13H2,1-6H3",C20H30N2O5S,410.53,410.187543,1,104/452,452,23
https://comptox.epa.gov/dashboard/chemical/details/DTXSID2047569,2-Hydroxyfluorene,2443-58-5,ZDOIAPGLORMKTR-UHFFFAOYSA-N,9H-Fluoren-2-ol,OC1=CC2=C(C=C1)C1=C(C2)C=CC=C1,"InChI=1S/C13H10O/c14-11-5-6-13-10(8-11)7-9-3-1-2-4-12(9)13/h1-6,8,14H,7H2",C13H10O,182.222,182.073165,1,61/262,262,23
https://comptox.epa.gov/dashboard/chemical/details/DTXSID2062535,4-Nitro-3-methylphenol,2581-34-2,PIIZYNQECPTVEO-UHFFFAOYSA-N,3-Methyl-4-nitrophenol,CC1=C(C=CC(O)=C1)[N+]([O-])=O,"InChI=1S/C7H7NO3/c1-5-4-6(9)2-3-7(5)8(10)11/h2-4,9H,1H3
",C7H7NO3,153.137,153.042593,1, 
https://comptox.epa.gov/dashboard/chemical/details/DTXSID2069155,"1,2,3,6,7,8-Hexachlorodibenzofuran",57117-44-9,JEYJJJXOFWNEHN-UHFFFAOYSA-N,"1,2,3,6,7,8-Hexachlorodibenzo[b,d]furan",ClC1=CC2=C(C3=C(O2)C(Cl)=C(Cl)C(Cl)=C3)C(Cl)=C1Cl,"InChI=1S/C12H2Cl6O/c13-4-1-3-7-6(2-5(14)8(15)10(7)17)19-12(3)11(18)9(4)16/h1-2H
",C12H2Cl6O,374.85,371.823681,1, 
https://comptox.epa.gov/dashboard/chemical/details/DTXSID2073223,"Phenol, 4-mercapto-",637-89-8,BXAVKNRWVKUTLY-UHFFFAOYSA-N,4-Sulfanylphenol,OC1=CC=C(S)C=C1,"InChI=1S/C6H6OS/c7-5-1-3-6(8)4-2-5/h1-4,7-8H",C6H6OS,126.17,126.013936,2, 
https://comptox.epa.gov/dashboard/chemical/details/DTXSID2073481,"2,2',3,3',4,4',5-Heptachlorobiphenyl",35065-30-6,RMPWIIKNWPVWNG-UHFFFAOYSA-N,"2,2',3,3',4,4',5-Heptachloro-1,1'-biphenyl",ClC1=CC(=C(Cl)C(Cl)=C1Cl)C1=C(Cl)C(Cl)=C(Cl)C=C1,InChI=1S/C12H3Cl7/c13-6-2-1-4(8(15)10(6)17)5-3-7(14)11(18)12(19)9(5)16/h1-3H,C12H3Cl7,395.31,391.805444,2, 
https://comptox.epa.gov/dashboard/chemical/details/DTXSID2074160,"2,2',3,5,5',6-Hexachlorobiphenyl",52663-63-5,UHCLFIWDCYOTOL-UHFFFAOYSA-N,"2,2',3,5,5',6-Hexachloro-1,1'-biphenyl",ClC1=CC(=C(Cl)C=C1)C1=C(Cl)C(Cl)=CC(Cl)=C1Cl,InChI=1S/C12H4Cl6/c13-5-1-2-7(14)6(3-5)10-11(17)8(15)4-9(16)12(10)18/h1-4H,C12H4Cl6,360.86,357.844416,2, 
https://comptox.epa.gov/dashboard/chemical/details/DTXSID2074162,"2,2',3,3',5,5',6-Heptachlorobiphenyl",52663-67-9,WCIBKXHMIXUQHK-UHFFFAOYSA-N,"2,2',3,3',5,5',6-Heptachloro-1,1'-biphenyl",ClC1=CC(=C(Cl)C(Cl)=C1)C1=C(Cl)C(Cl)=CC(Cl)=C1Cl,InChI=1S/C12H3Cl7/c13-4-1-5(10(17)6(14)2-4)9-11(18)7(15)3-8(16)12(9)19/h1-3H,C12H3Cl7,395.31,391.805444,2, 
https://comptox.epa.gov/dashboard/chemical/details/DTXSID2074164,"2,2',3,3',4,5',6'-Heptachlorobiphenyl",52663-70-4,CXOYNJAHPUASHN-UHFFFAOYSA-N,"2,2',3,3',4,5',6'-Heptachloro-1,1'-biphenyl",ClC1=CC(Cl)=C(Cl)C(=C1Cl)C1=C(Cl)C(Cl)=C(Cl)C=C1,"InChI=1S/C12H3Cl7/c13-5-2-1-4(9(16)12(5)19)8-10(17)6(14)3-7(15)11(8)18/h1-3H
",C12H3Cl7,395.31,391.805444,1, 
https://comptox.epa.gov/dashboard/chemical/details/DTXSID2074168,"2,2',3,3',4,5,5',6'-Octachlorobiphenyl",52663-75-9,HJBYDWKNARZTMJ-UHFFFAOYSA-N,"2,2',3,3',4,5,5',6'-Octachloro-1,1'-biphenyl",ClC1=CC(=C(Cl)C(Cl)=C1Cl)C1=C(Cl)C(Cl)=CC(Cl)=C1Cl,"InChI=1S/C12H2Cl8/c13-4-1-3(8(16)12(20)11(4)19)7-9(17)5(14)2-6(15)10(7)18/h1-2H
",C12H2Cl8,429.75,425.766472,1, 
https://comptox.epa.gov/dashboard/chemical/details/DTXSID2074245,"1,2,3,4,6,7,8-Heptabromodibenzo-p-dioxin",110999-47-8,FPCROEVBHPWKPI-UHFFFAOYSA-N,"1,2,3,4,6,7,8-Heptabromooxanthrene",BrC1=CC2=C(OC3=C(O2)C(Br)=C(Br)C(Br)=C3Br)C(Br)=C1Br,InChI=1S/C12HBr7O2/c13-2-1-3-10(7(17)4(2)14)21-12-9(19)6(16)5(15)8(18)11(12)20-3/h1H,C12HBr7O2,736.466,729.426020,3, 
https://comptox.epa.gov/dashboard/chemical/details/DTXSID20873152,Mono(2-ethyl-5-carboxypentyl) phthalate,40809-41-4,XFGRNAPKLGXDGF-UHFFFAOYNA-N,2-{[(5-Carboxy-2-ethylpentyl)oxy]carbonyl}benzoic acid,CCC(CCCC(O)=O)COC(=O)C1=C(C=CC=C1)C(O)=O,"InChI=1/C16H20O6/c1-2-11(6-5-9-14(17)18)10-22-16(21)13-8-4-3-7-12(13)15(19)20/h3-4,7-8,11H,2,5-6,9-10H2,1H3,(H,17,18)(H,19,20)
",C16H20O6,308.33,308.125988,1, 
https://comptox.epa.gov/dashboard/chemical/details/DTXSID20873157,Monoisononyl phthalate,519056-28-1,,,,,,, ,1, 
https://comptox.epa.gov/dashboard/chemical/details/DTXSID20943223,Thiazolidine-2-thione-4-carboxylic acid,20933-67-9,SQUOCHQOQMZGQP-UHFFFAOYNA-N,"2-Sulfanylidene-1,3-thiazolidine-4-carboxylic acid",OC(=O)C1CSC(=S)N1,"InChI=1/C4H5NO2S2/c6-3(7)2-1-9-4(8)5-2/h2H,1H2,(H,5,8)(H,6,7)
",C4H5NO2S2,163.21,162.976171,1, 
https://comptox.epa.gov/dashboard/chemical/details/DTXSID3020122,Azinphos-methyl,86-50-0,CJJOSEISRRTUQB-UHFFFAOYSA-N,"O,O-Dimethyl S-[(4-oxo-1,2,3-benzotriazin-3(4H)-yl)methyl] phosphorodithioate",COP(=S)(OC)SCN1N=NC2=C(C=CC=C2)C1=O,"InChI=1S/C10H12N3O3PS2/c1-15-17(18,16-2)19-7-13-10(14)8-5-3-4-6-9(8)11-12-13/h3-6H,7H2,1-2H3
",C10H12N3O3PS2,317.32,317.005771,1,176/835,835,21
https://comptox.epa.gov/dashboard/chemical/details/DTXSID3020203,"1,3-Butadiene",106-99-0,KAKZBPTYRLMSJV-UHFFFAOYSA-N,"Buta-1,3-diene",C=CC=C,"InChI=1S/C4H6/c1-3-4-2/h3-4H,1-2H2
",C4H6,54.092,54.046950,1, 
https://comptox.epa.gov/dashboard/chemical/details/DTXSID3020205,Benzyl butyl phthalate,85-68-7,IRIAEXORFWYRCZ-UHFFFAOYSA-N,"Benzyl butyl benzene-1,2-dicarboxylate",CCCCOC(=O)C1=C(C=CC=C1)C(=O)OCC1=CC=CC=C1,"InChI=1S/C19H20O4/c1-2-3-13-22-18(20)16-11-7-8-12-17(16)19(21)23-14-15-9-5-4-6-10-15/h4-12H,2-3,13-14H2,1H3
",C19H20O4,312.365,312.136159,1,107/769,769,14
https://comptox.epa.gov/dashboard/chemical/details/DTXSID3020209,Butylparaben,94-26-8,QFOHBWFCKVYLES-UHFFFAOYSA-N,Butyl 4-hydroxybenzoate,CCCCOC(=O)C1=CC=C(O)C=C1,"InChI=1S/C11H14O3/c1-2-3-8-14-11(13)9-4-6-10(12)7-5-9/h4-7,12H,2-3,8H2,1H3
",C11H14O3,194.23,194.094294,1,121/677,677,18
https://comptox.epa.gov/dashboard/chemical/details/DTXSID3020413,"1,2-Dibromo-3-chloropropane",96-12-8,WBEJYOJJBDISQU-UHFFFAOYNA-N,"1,2-Dibromo-3-chloropropane",ClCC(Br)CBr,"InChI=1/C3H5Br2Cl/c4-1-3(5)2-6/h3H,1-2H2
",C3H5Br2Cl,236.33,233.844654,1,1/244,244,0
https://comptox.epa.gov/dashboard/chemical/details/DTXSID3020596,Ethylbenzene,100-41-4,YNQLUTRBYVCPMQ-UHFFFAOYSA-N,Ethylbenzene,CCC1=CC=CC=C1,"InChI=1S/C8H10/c1-2-8-6-4-3-5-7-8/h3-7H,2H2,1H3
",C8H10,106.168,106.078250,1,5/300,300,2
https://comptox.epa.gov/dashboard/chemical/details/DTXSID3020679,Heptachlor,76-44-8,FRCCEHPWNOQAEU-UHFFFAOYNA-N,"1,4,5,6,7,8,8-Heptachloro-3a,4,7,7a-tetrahydro-1H-4,7-methanoindene",ClC1C=CC2C1C1(Cl)C(Cl)=C(Cl)C2(Cl)C1(Cl)Cl,"InChI=1/C10H5Cl7/c11-4-2-1-3-5(4)9(15)7(13)6(12)8(3,14)10(9,16)17/h1-5H
",C10H5Cl7,373.3,369.821094,1,282/649,649,43
https://comptox.epa.gov/dashboard/chemical/details/DTXSID3020833,Methyl tert-butyl ether,1634-04-4,BZLVMXJERCGZMT-UHFFFAOYSA-N,2-Methoxy-2-methylpropane,COC(C)(C)C,"InChI=1S/C5H12O/c1-5(2,3)6-4/h1-4H3
",C5H12O,88.15,88.088815,1,0/244,244,0
https://comptox.epa.gov/dashboard/chemical/details/DTXSID3020881,4-(N-Methyl-N-nitrosamino)-1-(3-pyridyl)-1-butanone,64091-91-4,FLAQQSHRLBFIEZ-UHFFFAOYSA-N,N-Methyl-N-[4-oxo-4-(pyridin-3-yl)butyl]nitrous amide,CN(CCCC(=O)C1=CC=CN=C1)N=O,"InChI=1S/C10H13N3O2/c1-13(12-15)7-3-5-10(14)9-4-2-6-11-8-9/h2,4,6,8H,3,5,7H2,1H3
",C10H13N3O2,207.233,207.100777,1,4/228,228,2
https://comptox.epa.gov/dashboard/chemical/details/DTXSID3020964,Nitrobenzene,98-95-3,LQNUZADURLCDLV-UHFFFAOYSA-N,Nitrobenzene,[O-][N+](=O)C1=CC=CC=C1,InChI=1S/C6H5NO2/c8-7(9)6-4-2-1-3-5-6/h1-5H,C6H5NO2,123.111,123.032028,1,8/601,601,1
https://comptox.epa.gov/dashboard/chemical/details/DTXSID3021807,o-Xylene,95-47-6,CTQNGGLPUBDAKN-UHFFFAOYSA-N,"1,2-Xylene",CC1=C(C)C=CC=C1,"InChI=1S/C8H10/c1-7-5-3-4-6-8(7)2/h3-6H,1-2H3",C8H10,106.168,106.078250,1,3/333,333,1
https://comptox.epa.gov/dashboard/chemical/details/DTXSID3022405,2-Hydroxy-4-methoxybenzophenone,131-57-7,DXGLGDHPHMLXJC-UHFFFAOYSA-N,(2-Hydroxy-4-methoxyphenyl)(phenyl)methanone,COC1=CC=C(C(=O)C2=CC=CC=C2)C(O)=C1,"InChI=1S/C14H12O3/c1-17-11-7-8-12(13(15)9-11)14(16)10-5-3-2-4-6-10/h2-9,15H,1H3
",C14H12O3,228.247,228.078644,1,70/522,522,13
https://comptox.epa.gov/dashboard/chemical/details/DTXSID3022455,Dimethyl phthalate,131-11-3,NIQCNGHVCWTJSM-UHFFFAOYSA-N,"Dimethyl benzene-1,2-dicarboxylate",COC(=O)C1=C(C=CC=C1)C(=O)OC,"InChI=1S/C10H10O4/c1-13-9(11)7-5-3-4-6-8(7)10(12)14-2/h3-6H,1-2H3
",C10H10O4,194.186,194.057909,1,4/691,691,1
https://comptox.epa.gov/dashboard/chemical/details/DTXSID30227324,4-Hydroxyphenanthrene,7651-86-7,SIMYIUXARJLHEA-UHFFFAOYSA-N,Phenanthren-4-ol,OC1=CC=CC2=C1C1=CC=CC=C1C=C2,"InChI=1S/C14H10O/c15-13-7-3-5-11-9-8-10-4-1-2-6-12(10)14(11)13/h1-9,15H",C14H10O,194.233,194.073165,2, 
https://comptox.epa.gov/dashboard/chemical/details/DTXSID3023760,Arsine,7784-42-1,RBFQJDQYXXHULB-UHFFFAOYSA-N,Arsane,[AsH3],"InChI=1S/AsH3/h1H3
",AsH3,77.946,77.945070,1, 
https://comptox.epa.gov/dashboard/chemical/details/DTXSID3024104,Fluoranthene,206-44-0,GVEPBJHOBDJJJI-UHFFFAOYSA-N,Fluoranthene,C1=CC2=C(C=C1)C1=C3C2=CC=CC3=CC=C1,"InChI=1S/C16H10/c1-2-8-13-12(7-1)14-9-3-5-11-6-4-10-15(13)16(11)14/h1-10H
",C16H10,202.256,202.078250,1,85/641,641,13
https://comptox.epa.gov/dashboard/chemical/details/DTXSID3024289,Pyrene,129-00-0,BBEAQIROQSPTKN-UHFFFAOYSA-N,Pyrene,C1=CC2=C3C(C=CC4=CC=CC(C=C2)=C34)=C1,"InChI=1S/C16H10/c1-3-11-7-9-13-5-2-6-14-10-8-12(4-1)15(11)16(13)14/h1-10H
",C16H10,202.256,202.078250,1,61/669,669,9
https://comptox.epa.gov/dashboard/chemical/details/DTXSID3024312,Strontium,7440-24-6,CIOAGBVUUVVLOB-UHFFFAOYSA-N,Strontium,[Sr],InChI=1S/Sr.2H,Sr,87.62,87.905613,1, 
https://comptox.epa.gov/dashboard/chemical/details/DTXSID3024499,4-Aminophenol,123-30-8,PLIKAWJENQZMHA-UHFFFAOYSA-N,4-Aminophenol,NC1=CC=C(O)C=C1,"InChI=1S/C6H7NO/c7-5-1-3-6(8)4-2-5/h1-4,8H,7H2
",C6H7NO,109.128,109.052764,1,113/244,244,46
https://comptox.epa.gov/dashboard/chemical/details/DTXSID3030056,"2,2',4,4'-Tetrabromodiphenyl ether",5436-43-1,XYBSIYMGXVUVGY-UHFFFAOYSA-N,"1,1'-Oxybis(2,4-dibromobenzene)",BrC1=CC(Br)=C(OC2=CC=C(Br)C=C2Br)C=C1,"InChI=1S/C12H6Br4O/c13-7-1-3-11(9(15)5-7)17-12-4-2-8(14)6-10(12)16/h1-6H
",C12H6Br4O,485.795,481.715217,1,56/304,304,18
https://comptox.epa.gov/dashboard/chemical/details/DTXSID3031860,Perfluorodecanoic acid,335-76-2,PCIUEQPBYFRTEM-UHFFFAOYSA-N,Nonadecafluorodecanoic acid,OC(=O)C(F)(F)C(F)(F)C(F)(F)C(F)(F)C(F)(F)C(F)(F)C(F)(F)C(F)(F)C(F)(F)F,"InChI=1S/C10HF19O2/c11-2(12,1(30)31)3(13,14)4(15,16)5(17,18)6(19,20)7(21,22)8(23,24)9(25,26)10(27,28)29/h(H,30,31)
",C10HF19O2,514.086,513.967314,1,284/742,742,38
https://comptox.epa.gov/dashboard/chemical/details/DTXSID3031864,Perfluorooctanesulfonic acid,1763-23-1,YFSUTJLHUFNCNZ-UHFFFAOYSA-N,Heptadecafluorooctane-1-sulfonic acid,OS(=O)(=O)C(F)(F)C(F)(F)C(F)(F)C(F)(F)C(F)(F)C(F)(F)C(F)(F)C(F)(F)F,"InChI=1S/C8HF17O3S/c9-1(10,3(13,14)5(17,18)7(21,22)23)2(11,12)4(15,16)6(19,20)8(24,25)29(26,27)28/h(H,26,27,28)
",C8HF17O3S,500.13,499.937494,1,303/1055,1055,29
https://comptox.epa.gov/dashboard/chemical/details/DTXSID3032179,"3,3',4,4',5-Pentachlorobiphenyl",57465-28-8,REHONNLQRWTIFF-UHFFFAOYSA-N,"3,3',4,4',5-Pentachloro-1,1'-biphenyl",ClC1=CC(=CC(Cl)=C1Cl)C1=CC(Cl)=C(Cl)C=C1,"InChI=1S/C12H5Cl5/c13-8-2-1-6(3-9(8)14)7-4-10(15)12(17)11(16)5-7/h1-5H
",C12H5Cl5,326.42,323.883389,1, 
https://comptox.epa.gov/dashboard/chemical/details/DTXSID3038305,"2,2',5,5'-Tetrachlorobiphenyl",35693-99-3,HCWZEPKLWVAEOV-UHFFFAOYSA-N,"2,2',5,5'-Tetrachloro-1,1'-biphenyl",ClC1=CC(=C(Cl)C=C1)C1=C(Cl)C=CC(Cl)=C1,"InChI=1S/C12H6Cl4/c13-7-1-3-11(15)9(5-7)10-6-8(14)2-4-12(10)16/h1-6H
",C12H6Cl4,291.98,289.922361,1, 
https://comptox.epa.gov/dashboard/chemical/details/DTXSID3038307,"2,3,3',4',6-Pentachlorobiphenyl",38380-03-9,ARXHIJMGSIYYRZ-UHFFFAOYSA-N,"2,3,3',4',6-Pentachloro-1,1'-biphenyl",ClC1=CC=C(Cl)C(=C1Cl)C1=CC(Cl)=C(Cl)C=C1,"InChI=1S/C12H5Cl5/c13-7-2-1-6(5-10(7)16)11-8(14)3-4-9(15)12(11)17/h1-5H
",C12H5Cl5,326.42,323.883389,1, 
https://comptox.epa.gov/dashboard/chemical/details/DTXSID3038939,Perfluorooctanesulfonamide,754-91-6,RRRXPPIDPYTNJG-UHFFFAOYSA-N,"1,1,2,2,3,3,4,4,5,5,6,6,7,7,8,8,8-Heptadecafluorooctane-1-sulfonamide",NS(=O)(=O)C(F)(F)C(F)(F)C(F)(F)C(F)(F)C(F)(F)C(F)(F)C(F)(F)C(F)(F)F,"InChI=1S/C8H2F17NO2S/c9-1(10,3(13,14)5(17,18)7(21,22)23)2(11,12)4(15,16)6(19,20)8(24,25)29(26,27)28/h(H2,26,27,28)
",C8H2F17NO2S,499.14,498.953478,1,343/732,732,47
https://comptox.epa.gov/dashboard/chemical/details/DTXSID3039242,Benzene,71-43-2,UHOVQNZJYSORNB-UHFFFAOYSA-N,Benzene,C1=CC=CC=C1,"InChI=1S/C6H6/c1-2-4-6-5-3-1/h1-6H
",C6H6,78.114,78.046950,1,0/244,244,0
https://comptox.epa.gov/dashboard/chemical/details/DTXSID3052062,Octachlorodibenzofuran,39001-02-0,RHIROFAGUQOFLU-UHFFFAOYSA-N,"1,2,3,4,6,7,8,9-Octachlorodibenzo[b,d]furan",ClC1=C2OC3=C(C2=C(Cl)C(Cl)=C1Cl)C(Cl)=C(Cl)C(Cl)=C3Cl,"InChI=1S/C12Cl8O/c13-3-1-2-4(14)6(16)8(18)10(20)12(2)21-11(1)9(19)7(17)5(3)15
",C12Cl8O,443.73,439.745736,1, 
https://comptox.epa.gov/dashboard/chemical/details/DTXSID3052147,"2,3,7,8-Tetrachlorodibenzofuran",51207-31-9,KSMVNVHUTQZITP-UHFFFAOYSA-N,"2,3,7,8-Tetrachlorodibenzo[b,d]furan",ClC1=CC2=C(C=C1Cl)C1=CC(Cl)=C(Cl)C=C1O2,"InChI=1S/C12H4Cl4O/c13-7-1-5-6-2-8(14)10(16)4-12(6)17-11(5)3-9(7)15/h1-4H
",C12H4Cl4O,305.96,303.901626,1, 
https://comptox.epa.gov/dashboard/chemical/details/DTXSID3052276,"2,3,4,6,7,8-Hexachlorodibenzofuran",60851-34-5,XTAHLACQOVXINQ-UHFFFAOYSA-N,"2,3,4,6,7,8-Hexachlorodibenzo[b,d]furan",ClC1=CC2=C(OC3=C(Cl)C(Cl)=C(Cl)C=C23)C(Cl)=C1Cl,"InChI=1S/C12H2Cl6O/c13-5-1-3-4-2-6(14)8(16)10(18)12(4)19-11(3)9(17)7(5)15/h1-2H
",C12H2Cl6O,374.85,371.823681,1, 
https://comptox.epa.gov/dashboard/chemical/details/DTXSID3052692,"2,2',4,4',5,6'-Hexabromodiphenyl ether",207122-15-4,VHNPZYZQKWIWOD-UHFFFAOYSA-N,"1,3,5-Tribromo-2-(2,4,5-tribromophenoxy)benzene",BrC1=CC(Br)=C(OC2=CC(Br)=C(Br)C=C2Br)C(Br)=C1,"InChI=1S/C12H4Br6O/c13-5-1-9(17)12(10(18)2-5)19-11-4-7(15)6(14)3-8(11)16/h1-4H
",C12H4Br6O,643.587,637.536243,1, 
https://comptox.epa.gov/dashboard/chemical/details/DTXSID3052694,4-Methylimidazolidine-2-thione,2122-19-2,NGZJXCFNBVJLQN-UHFFFAOYNA-N,4-Methylimidazolidine-2-thione,CC1CNC(=S)N1,"InChI=1S/C4H8N2S/c1-3-2-5-4(7)6-3/h3H,2H2,1H3,(H2,5,6,7)",C4H8N2S,116.18,116.040819,1, 
https://comptox.epa.gov/dashboard/chemical/details/DTXSID3052696,Monoethyl phthalate,2306-33-4,YWWHKOHZGJFMIE-UHFFFAOYSA-N,2-(Ethoxycarbonyl)benzoic acid,CCOC(=O)C1=CC=CC=C1C(O)=O,"InChI=1S/C10H10O4/c1-2-14-10(13)8-6-4-3-5-7(8)9(11)12/h3-6H,2H2,1H3,(H,11,12)
",C10H10O4,194.186,194.057909,1,0/3,3,0
https://comptox.epa.gov/dashboard/chemical/details/DTXSID3052723,3-Hydroxyphenanthrene,605-87-8,NGPOABOEXMDQBT-UHFFFAOYSA-N,Phenanthren-3-ol,OC1=CC2=C3C=CC=CC3=CC=C2C=C1,"InChI=1S/C14H10O/c15-12-8-7-11-6-5-10-3-1-2-4-13(10)14(11)9-12/h1-9,15H",C14H10O,194.233,194.073165,1, 
https://comptox.epa.gov/dashboard/chemical/details/DTXSID3052725,Furathiocarb,65907-30-4,HAWJXYBZNNRMNO-UHFFFAOYSA-N,"Butyl 2,2-dimethyl-2,3-dihydro-1-benzofuran-7-yl sulfanediylbis(methylcarbamate)",CCCCOC(=O)N(C)SN(C)C(=O)OC1=CC=CC2=C1OC(C)(C)C2,"InChI=1S/C18H26N2O5S/c1-6-7-11-23-16(21)19(4)26-20(5)17(22)24-14-10-8-9-13-12-18(2,3)25-15(13)14/h8-10H,6-7,11-12H2,1-5H3
",C18H26N2O5S,382.48,382.156243,1,0/3,3,0
https://comptox.epa.gov/dashboard/chemical/details/DTXSID3052729,Monocyclohexyl phthalate,7517-36-4,PMDKYLLIOLFQPO-UHFFFAOYSA-N,2-[(Cyclohexyloxy)carbonyl]benzoic acid,OC(=O)C1=C(C=CC=C1)C(=O)OC1CCCCC1,"InChI=1S/C14H16O4/c15-13(16)11-8-4-5-9-12(11)14(17)18-10-6-2-1-3-7-10/h4-5,8-10H,1-3,6-7H2,(H,15,16)
",C14H16O4,248.278,248.104859,1,0/3,3,0
https://comptox.epa.gov/dashboard/chemical/details/DTXSID3060794,Ethyl methyl sulfide,624-89-5,WXEHBUMAEPOYKP-UHFFFAOYSA-N,(Methylsulfanyl)ethane,CCSC,"InChI=1S/C3H8S/c1-3-4-2/h3H2,1-2H3
",C3H8S,76.16,76.034671,1, 
https://comptox.epa.gov/dashboard/chemical/details/DTXSID3073472,"2,3',4,4'-Tetrachlorobiphenyl",32598-10-0,RKLLTEAEZIJBAU-UHFFFAOYSA-N,"2,3',4,4'-Tetrachloro-1,1'-biphenyl",ClC1=CC(Cl)=C(C=C1)C1=CC(Cl)=C(Cl)C=C1,"InChI=1S/C12H6Cl4/c13-8-2-3-9(11(15)6-8)7-1-4-10(14)12(16)5-7/h1-6H
",C12H6Cl4,291.98,289.922361,1, 
https://comptox.epa.gov/dashboard/chemical/details/DTXSID3074157,"2,2',3,3',4,4',5,6'-Octachlorobiphenyl",42740-50-1,BQFCCUSDZLKBJG-UHFFFAOYSA-N,"2,2',3,3',4,4',5,6'-Octachloro-1,1'-biphenyl",ClC1=CC(=C(Cl)C(Cl)=C1Cl)C1=C(Cl)C(Cl)=C(Cl)C=C1Cl,InChI=1S/C12H2Cl8/c13-4-2-6(15)9(17)11(19)7(4)3-1-5(14)10(18)12(20)8(3)16/h1-2H,C12H2Cl8,429.75,425.766472,1, 
https://comptox.epa.gov/dashboard/chemical/details/DTXSID3074947,Halosulfuron,135397-30-7,LXKOADMMGWXPJQ-UHFFFAOYSA-N,"3-Chloro-5-{[(4,6-dimethoxypyrimidin-2-yl)carbamoyl]sulfamoyl}-1-methyl-1H-pyrazole-4-carboxylic acid",COC1=CC(OC)=NC(NC(=O)NS(=O)(=O)C2=C(C(O)=O)C(Cl)=NN2C)=N1,"InChI=1S/C12H13ClN6O7S/c1-19-9(7(10(20)21)8(13)17-19)27(23,24)18-12(22)16-11-14-5(25-2)4-6(15-11)26-3/h4H,1-3H3,(H,20,21)(H2,14,15,16,18,22)
",C12H13ClN6O7S,420.78,420.025496,1, 
https://comptox.epa.gov/dashboard/chemical/details/DTXSID30904325,S-(3-Hydroxypropyl)cysteine N-acetate,23127-40-4,FMWPQZPFBAHHMB-ZETCQYMHSA-N,N-Acetyl-S-(3-hydroxypropyl)-L-cysteine,CC(=O)N[C@@H](CSCCCO)C(O)=O,"InChI=1S/C8H15NO4S/c1-6(11)9-7(8(12)13)5-14-4-2-3-10/h7,10H,2-5H2,1H3,(H,9,11)(H,12,13)/t7-/m0/s1
",C8H15NO4S,221.27,221.072179,1, 
https://comptox.epa.gov/dashboard/chemical/details/DTXSID30920489,N-Acetyl-S-(3-amino-3-oxopropyl)cysteine,81690-92-8,GGBCHNJZQQEQRX-LURJTMIESA-N,N-Acetyl-S-(3-amino-3-oxopropyl)-L-cysteine,CC(=O)N[C@@H](CSCCC(N)=O)C(O)=O,"InChI=1S/C8H14N2O4S/c1-5(11)10-6(8(13)14)4-15-3-2-7(9)12/h6H,2-4H2,1H3,(H2,9,12)(H,10,11)(H,13,14)/t6-/m0/s1
",C8H14N2O4S,234.27,234.067428,2, 
https://comptox.epa.gov/dashboard/chemical/details/DTXSID30920505,delta-(Methylnitrosoamino)-3-pyridinebutanol,59578-66-4,IIDMFFRDEFHWCJ-UHFFFAOYNA-N,N-[4-Hydroxy-1-(pyridin-3-yl)butyl]-N-methylnitrous amide,CN(N=O)C(CCCO)C1=CN=CC=C1,"InChI=1/C10H15N3O2/c1-13(12-15)10(5-3-7-14)9-4-2-6-11-8-9/h2,4,6,8,10,14H,3,5,7H2,1H3
",C10H15N3O2,209.249,209.116427,1, 
https://comptox.epa.gov/dashboard/chemical/details/DTXSID40150270,Primisulfuron,113036-87-6,GPGLBXMQFQQXDV-UHFFFAOYSA-N,"2-({[4,6-Bis(difluoromethoxy)pyrimidin-2-yl]carbamoyl}sulfamoyl)benzoic acid",OC(=O)C1=CC=CC=C1S(=O)(=O)NC(=O)NC1=NC(OC(F)F)=CC(OC(F)F)=N1,"InChI=1S/C14H10F4N4O7S/c15-11(16)28-8-5-9(29-12(17)18)20-13(19-8)21-14(25)22-30(26,27)7-4-2-1-3-6(7)10(23)24/h1-5,11-12H,(H,23,24)(H2,19,20,21,22,25)",C14H10F4N4O7S,454.31,454.020633,1, 
https://comptox.epa.gov/dashboard/chemical/details/DTXSID4020298,Chlorobenzene,108-90-7,MVPPADPHJFYWMZ-UHFFFAOYSA-N,Chlorobenzene,ClC1=CC=CC=C1,"InChI=1S/C6H5Cl/c7-6-4-2-1-3-5-6/h1-5H
",C6H5Cl,112.56,112.007978,1,2/244,244,1
https://comptox.epa.gov/dashboard/chemical/details/DTXSID4020375,DDT,50-29-3,YVGGHNCTFXOJCH-UHFFFAOYSA-N,"1,1'-(2,2,2-Trichloroethane-1,1-diyl)bis(4-chlorobenzene)",ClC1=CC=C(C=C1)C(C1=CC=C(Cl)C=C1)C(Cl)(Cl)Cl,"InChI=1S/C14H9Cl5/c15-11-5-1-9(2-6-11)13(14(17,18)19)10-3-7-12(16)8-4-10/h1-8,13H
",C14H9Cl5,354.48,351.914689,1,268/713,713,38
https://comptox.epa.gov/dashboard/chemical/details/DTXSID4020458,Chlorpyrifos,2921-88-2,SBPBAQFWLVIOKP-UHFFFAOYSA-N,"O,O-Diethyl O-(3,5,6-trichloropyridin-2-yl) phosphorothioate",CCOP(=S)(OCC)OC1=NC(Cl)=C(Cl)C=C1Cl,"InChI=1S/C9H11Cl3NO3PS/c1-3-14-17(18,15-4-2)16-9-7(11)5-6(10)8(12)13-9/h5H,3-4H2,1-2H3
",C9H11Cl3NO3PS,350.57,348.926285,1,164/661,661,25
https://comptox.epa.gov/dashboard/chemical/details/DTXSID4020791,Malathion,121-75-5,JXSJBGJIGXNWCI-UHFFFAOYNA-N,Diethyl 2-[(dimethoxyphosphorothioyl)sulfanyl]butanedioate,CCOC(=O)CC(SP(=S)(OC)OC)C(=O)OCC,"InChI=1S/C10H19O6PS2/c1-5-15-9(11)7-8(10(12)16-6-2)19-17(18,13-3)14-4/h8H,5-7H2,1-4H3",C10H19O6PS2,330.35,330.036068,1,134/775,775,17
https://comptox.epa.gov/dashboard/chemical/details/DTXSID4020903,Methylarsonic acid,124-58-3,QYPPRTNMGCREIM-UHFFFAOYSA-N,Methylarsonic acid,C[As](O)(O)=O,"InChI=1S/CH5AsO3/c1-2(3,4)5/h1H3,(H2,3,4,5)
",CH5AsO3,139.97,139.945464,1, 
https://comptox.epa.gov/dashboard/chemical/details/DTXSID40212266,1-Chrysenol,63019-38-5,ISHBWEUQYFEVES-UHFFFAOYSA-N,Chrysen-1-ol,OC1=CC=CC2=C1C=CC1=C2C=CC2=CC=CC=C12,"InChI=1S/C18H12O/c19-18-7-3-6-14-16-9-8-12-4-1-2-5-13(12)15(16)10-11-17(14)18/h1-11,19H",C18H12O,244.293,244.088815,2, 
https://comptox.epa.gov/dashboard/chemical/details/DTXSID4021557,Dibromomethane,74-95-3,FJBFPHVGVWTDIP-UHFFFAOYSA-N,Dibromomethane,BrCBr,"InChI=1S/CH2Br2/c2-1-3/h1H2
",CH2Br2,173.835,171.852326,1,0/328,328,0
https://comptox.epa.gov/dashboard/chemical/details/DTXSID4022448,Metolachlor,51218-45-2,WVQBLGZPHOPPFO-UHFFFAOYNA-N,2-Chloro-N-(2-ethyl-6-methylphenyl)-N-(1-methoxypropan-2-yl)acetamide,CCC1=C(N(C(C)COC)C(=O)CCl)C(C)=CC=C1,"InChI=1/C15H22ClNO2/c1-5-13-8-6-7-11(2)15(13)17(14(18)9-16)12(3)10-19-4/h6-8,12H,5,9-10H2,1-4H3
",C15H22ClNO2,283.8,283.133907,1,105/759,759,14
https://comptox.epa.gov/dashboard/chemical/details/DTXSID4022521,Diisononyl phthalate,28553-12-0,,,"C*.C*.CCCCCCCCOC(=O)C1=C(C=CC=C1)C(=O)OCCCCCCCC |c:15,17,t:13,lp:12:2,14:2,22:2,23:2,m:1:24.25.26.27.28.29.30,3:11.10.9.8.7.6.5|",,C26H42O4,418.618,418.308310,1,11/445,445,2
https://comptox.epa.gov/dashboard/chemical/details/DTXSID4022527,Propylparaben,94-13-3,QELSKZZBTMNZEB-UHFFFAOYSA-N,Propyl 4-hydroxybenzoate,CCCOC(=O)C1=CC=C(O)C=C1,"InChI=1S/C10H12O3/c1-2-7-13-10(12)8-3-5-9(11)6-4-8/h3-6,11H,2,7H2,1H3
",C10H12O3,180.203,180.078644,1,101/652,652,15
https://comptox.epa.gov/dashboard/chemical/details/DTXSID4022529,Methylparaben,99-76-3,LXCFILQKKLGQFO-UHFFFAOYSA-N,Methyl 4-hydroxybenzoate,COC(=O)C1=CC=C(O)C=C1,"InChI=1S/C8H8O3/c1-11-8(10)6-2-4-7(9)5-3-6/h2-5,9H,1H3",C8H8O3,152.149,152.047344,1,18/626,626,3
https://comptox.epa.gov/dashboard/chemical/details/DTXSID4023886,Arsenic,7440-38-2,RQNWIZPPADIBDY-UHFFFAOYSA-N,Arsenic,[As],"InChI=1S/As
",As,74.9216,74.921595,1, 
https://comptox.epa.gov/dashboard/chemical/details/DTXSID4023913,Beryllium,7440-41-7,ATBAMAFKBVZNFJ-UHFFFAOYSA-N,Beryllium,[Be],InChI=1S/Be.2H,Be,9.01218,9.012183,1, 
https://comptox.epa.gov/dashboard/chemical/details/DTXSID4024359,"2,4,5-Trichlorophenol",95-95-4,LHJGJYXLEPZJPM-UHFFFAOYSA-N,"2,4,5-Trichlorophenol",OC1=C(Cl)C=C(Cl)C(Cl)=C1,"InChI=1S/C6H3Cl3O/c7-3-1-5(9)6(10)2-4(3)8/h1-2,10H
",C6H3Cl3O,197.44,195.924948,1,159/661,661,24
https://comptox.epa.gov/dashboard/chemical/details/DTXSID4025082,Diisodecyl phthalate,26761-40-0,,,"C*.C*.CCCCCCCCCOC(=O)C1=C(C=CC=C1)C(=O)OCCCCCCCCC |c:16,18,t:14,lp:13:2,15:2,23:2,24:2,m:1:12.11.10.9.8.7.6.5,3:25.26.27.28.29.30.31.32|",,C28H46O4,446.672,446.339610,1,11/518,518,2
https://comptox.epa.gov/dashboard/chemical/details/DTXSID4025799,Octachlorodibenzo-p-dioxin,3268-87-9,FOIBFBMSLDGNHL-UHFFFAOYSA-N,Octachlorooxanthrene,ClC1=C(Cl)C2=C(OC3=C(Cl)C(Cl)=C(Cl)C(Cl)=C3O2)C(Cl)=C1Cl,"InChI=1S/C12Cl8O2/c13-1-2(14)6(18)10-9(5(1)17)21-11-7(19)3(15)4(16)8(20)12(11)22-10
",C12Cl8O2,459.73,455.740651,1,0/7,7,0
https://comptox.epa.gov/dashboard/chemical/details/DTXSID4030047,"2,2',4,4',5,5'-Hexabromodiphenyl ether",68631-49-2,RZXIRSKYBISPGF-UHFFFAOYSA-N,"1,1'-Oxybis(2,4,5-tribromobenzene)",BrC1=CC(Br)=C(OC2=CC(Br)=C(Br)C=C2Br)C=C1Br,"InChI=1S/C12H4Br6O/c13-5-1-9(17)11(3-7(5)15)19-12-4-8(16)6(14)2-10(12)18/h1-4H
",C12H4Br6O,643.587,637.536243,1,16/269,269,6
https://comptox.epa.gov/dashboard/chemical/details/DTXSID4032116,"2,3',4,4',5-Pentachlorobiphenyl",31508-00-6,IUTPYMGCWINGEY-UHFFFAOYSA-N,"2,3',4,4',5-Pentachloro-1,1'-biphenyl",ClC1=CC(Cl)=C(C=C1Cl)C1=CC(Cl)=C(Cl)C=C1,"InChI=1S/C12H5Cl5/c13-8-2-1-6(3-10(8)15)7-4-11(16)12(17)5-9(7)14/h1-5H
",C12H5Cl5,326.42,323.883389,1, 
https://comptox.epa.gov/dashboard/chemical/details/DTXSID4032459,Phorate,298-02-2,BULVZWIRKLYCBC-UHFFFAOYSA-N,"O,O-Diethyl S-[(ethylsulfanyl)methyl] phosphorodithioate",CCOP(=S)(OCC)SCSCC,"InChI=1S/C7H17O2PS3/c1-4-8-10(11,9-5-2)13-7-12-6-3/h4-7H2,1-3H3
",C7H17O2PS3,260.36,260.012830,1,63/661,661,10
https://comptox.epa.gov/dashboard/chemical/details/DTXSID4032613,Fenitrothion,122-14-5,ZNOLGFHPUIJIMJ-UHFFFAOYSA-N,"O,O-Dimethyl O-(3-methyl-4-nitrophenyl) phosphorothioate",COP(=S)(OC)OC1=CC=C(C(C)=C1)[N+]([O-])=O,"InChI=1S/C9H12NO5PS/c1-7-6-8(4-5-9(7)10(11)12)15-16(17,13-2)14-3/h4-6H,1-3H3
",C9H12NO5PS,277.23,277.017381,1,145/787,787,18
https://comptox.epa.gov/dashboard/chemical/details/DTXSID4034364,Oxasulfuron,144651-06-9,IOXAXYHXMLCCJJ-UHFFFAOYSA-N,"Oxetan-3-yl 2-{[(4,6-dimethylpyrimidin-2-yl)carbamoyl]sulfamoyl}benzoate",CC1=CC(C)=NC(NC(=O)NS(=O)(=O)C2=C(C=CC=C2)C(=O)OC2COC2)=N1,"InChI=1S/C17H18N4O6S/c1-10-7-11(2)19-16(18-10)20-17(23)21-28(24,25)14-6-4-3-5-13(14)15(22)27-12-8-26-9-12/h3-7,12H,8-9H2,1-2H3,(H2,18,19,20,21,23)
",C17H18N4O6S,406.41,406.094705,1,15/263,263,6
https://comptox.epa.gov/dashboard/chemical/details/DTXSID4034940,Sulfosulfuron,141776-32-1,RBSXHDIPCIWOMG-UHFFFAOYSA-N,"N-[(4,6-Dimethoxypyrimidin-2-yl)carbamoyl]-2-(ethanesulfonyl)imidazo[1,2-a]pyridine-3-sulfonamide",CCS(=O)(=O)C1=C(N2C=CC=CC2=N1)S(=O)(=O)NC(=O)NC1=NC(OC)=CC(OC)=N1,"InChI=1S/C16H18N6O7S2/c1-4-30(24,25)13-14(22-8-6-5-7-10(22)17-13)31(26,27)21-16(23)20-15-18-11(28-2)9-12(19-15)29-3/h5-9H,4H2,1-3H3,(H2,18,19,20,21,23)
",C16H18N6O7S2,470.48,470.067839,1, 
https://comptox.epa.gov/dashboard/chemical/details/DTXSID4037580,Omethoate,1113-02-6,PZXOQEXFMJCDPG-UHFFFAOYSA-N,"O,O-Dimethyl S-[2-(methylamino)-2-oxoethyl] phosphorothioate",CNC(=O)CSP(=O)(OC)OC,"InChI=1S/C5H12NO4PS/c1-6-5(7)4-12-11(8,9-2)10-3/h4H2,1-3H3,(H,6,7)",C5H12NO4PS,213.19,213.022466,1,4/396,396,1
https://comptox.epa.gov/dashboard/chemical/details/DTXSID4040002,Monobutyl phthalate,131-70-4,YZBOVSFWWNVKRJ-UHFFFAOYSA-N,2-(Butoxycarbonyl)benzoic acid,CCCCOC(=O)C1=C(C=CC=C1)C(O)=O,"InChI=1S/C12H14O4/c1-2-3-8-16-12(15)10-7-5-4-6-9(10)11(13)14/h4-7H,2-3,8H2,1H3,(H,13,14)
",C12H14O4,222.24,222.089209,1,11/692,692,2
https://comptox.epa.gov/dashboard/chemical/details/DTXSID4047541,Decachlorobiphenyl,2051-24-3,ONXPZLFXDMAPRO-UHFFFAOYSA-N,"2,2',3,3',4,4',5,5',6,6'-Decachloro-1,1'-biphenyl",ClC1=C(Cl)C(Cl)=C(C(Cl)=C1Cl)C1=C(Cl)C(Cl)=C(Cl)C(Cl)=C1Cl,"InChI=1S/C12Cl10/c13-3-1(4(14)8(18)11(21)7(3)17)2-5(15)9(19)12(22)10(20)6(2)16
",C12Cl10,498.63,493.688527,1, 
https://comptox.epa.gov/dashboard/chemical/details/DTXSID4052683,Fluoren-9-ol,1689-64-1,AFMVESZOYKHDBJ-UHFFFAOYSA-N,9H-Fluoren-9-ol,OC1C2=C(C=CC=C2)C2=C1C=CC=C2,"InChI=1S/C13H10O/c14-13-11-7-3-1-5-9(11)10-6-2-4-8-12(10)13/h1-8,13-14H",C13H10O,182.222,182.073165,1, 
https://comptox.epa.gov/dashboard/chemical/details/DTXSID4052685,"2,2',3,4,4'-Pentabromodiphenyl ether",182346-21-0,DMLQSUZPTTUUDP-UHFFFAOYSA-N,"1,2,3-Tribromo-4-(2,4-dibromophenoxy)benzene",BrC1=CC=C(OC2=C(Br)C(Br)=C(Br)C=C2)C(Br)=C1,InChI=1S/C12H5Br5O/c13-6-1-3-9(8(15)5-6)18-10-4-2-7(14)11(16)12(10)17/h1-5H,C12H5Br5O,564.691,559.625730,1, 
https://comptox.epa.gov/dashboard/chemical/details/DTXSID4052689,"2,2',4,4',6-Pentabromodiphenyl ether",189084-64-8,NSKIRYMHNFTRLR-UHFFFAOYSA-N,"1,3,5-Tribromo-2-(2,4-dibromophenoxy)benzene",BrC1=CC=C(OC2=C(Br)C=C(Br)C=C2Br)C(Br)=C1,"InChI=1S/C12H5Br5O/c13-6-1-2-11(8(15)3-6)18-12-9(16)4-7(14)5-10(12)17/h1-5H
",C12H5Br5O,564.691,559.625730,1,0/81,81,0
https://comptox.epa.gov/dashboard/chemical/details/DTXSID4052710,"2,4,4'-Tribromodiphenyl ether",41318-75-6,UPNBETHEXPIWQX-UHFFFAOYSA-N,"2,4-Dibromo-1-(4-bromophenoxy)benzene",BrC1=CC=C(OC2=C(Br)C=C(Br)C=C2)C=C1,"InChI=1S/C12H7Br3O/c13-8-1-4-10(5-2-8)16-12-6-3-9(14)7-11(12)15/h1-7H
",C12H7Br3O,406.899,403.804704,1,0/84,84,0
https://comptox.epa.gov/dashboard/chemical/details/DTXSID4052714,Octyl hydrogen phthalate,5393-19-1,PKIYFBICNICNGJ-UHFFFAOYSA-N,2-[(Octyloxy)carbonyl]benzoic acid,CCCCCCCCOC(=O)C1=C(C=CC=C1)C(O)=O,"InChI=1S/C16H22O4/c1-2-3-4-5-6-9-12-20-16(19)14-11-8-7-10-13(14)15(17)18/h7-8,10-11H,2-6,9,12H2,1H3,(H,17,18)",C16H22O4,278.348,278.151809,1,0/3,3,0
https://comptox.epa.gov/dashboard/chemical/details/DTXSID4052718,"O,O-Diethyl ester phosphorothioic acid potassium salt (1:1)",5871-17-0,OVJCAYMARFNMQB-UHFFFAOYSA-M,"Potassium O,O-diethyl phosphorothioate",[K+].CCOP([O-])(=S)OCC,"InChI=1S/C4H11O3PS.K/c1-3-6-8(5,9)7-4-2;/h3-4H2,1-2H3,(H,5,9);/q;+1/p-1
",C4H10KO3PS,208.25,207.972534,1, 
https://comptox.epa.gov/dashboard/chemical/details/DTXSID4074144,"2,3,3',4,4',5,5'-Heptachlorobiphenyl",39635-31-9,XUAWBXBYHDRROL-UHFFFAOYSA-N,"2,3,3',4,4',5,5'-Heptachloro-1,1'-biphenyl",ClC1=CC(=CC(Cl)=C1Cl)C1=C(Cl)C(Cl)=C(Cl)C(Cl)=C1,InChI=1S/C12H3Cl7/c13-6-1-4(2-7(14)10(6)17)5-3-8(15)11(18)12(19)9(5)16/h1-3H,C12H3Cl7,395.31,391.805444,1, 
https://comptox.epa.gov/dashboard/chemical/details/DTXSID4075459,Benzo[c]phenanthrene,195-19-7,TUAHORSUHVUKBD-UHFFFAOYSA-N,Benzo[c]phenanthrene,C1=CC=C2C(C=CC3=C2C2=CC=CC=C2C=C3)=C1,"InChI=1S/C18H12/c1-3-7-16-13(5-1)9-11-15-12-10-14-6-2-4-8-17(14)18(15)16/h1-12H
",C18H12,228.294,228.093900,1, 
https://comptox.epa.gov/dashboard/chemical/details/DTXSID40872703,"2,2',4-Tribromodiphenyl ether",147217-75-2,VYBFILXLBMWOLI-UHFFFAOYSA-N,"2,4-Dibromo-1-(2-bromophenoxy)benzene",BrC1=CC(Br)=C(OC2=CC=CC=C2Br)C=C1,InChI=1S/C12H7Br3O/c13-8-5-6-12(10(15)7-8)16-11-4-2-1-3-9(11)14/h1-7H,C12H7Br3O,406.899,403.804704,1, 
https://comptox.epa.gov/dashboard/chemical/details/DTXSID40873154,O-Desmethylangolensin,21255-69-6,JDJPNKPFDDUBFV-UHFFFAOYNA-N,"1-(2,4-Dihydroxyphenyl)-2-(4-hydroxyphenyl)propan-1-one",CC(C(=O)C1=CC=C(O)C=C1O)C1=CC=C(O)C=C1,"InChI=1S/C15H14O4/c1-9(10-2-4-11(16)5-3-10)15(19)13-7-6-12(17)8-14(13)18/h2-9,16-18H,1H3",C15H14O4,258.273,258.089209,1, 
https://comptox.epa.gov/dashboard/chemical/details/DTXSID40873159,(1R-cis)-Decamethrinic acid,53179-78-5,MDIQXIJPQWLFSD-NJGYIYPDSA-N,"(1R,3R)-3-(2,2-Dibromoethenyl)-2,2-dimethylcyclopropane-1-carboxylic acid",CC1(C)[C@@H](C=C(Br)Br)[C@H]1C(O)=O,"InChI=1S/C8H10Br2O2/c1-8(2)4(3-5(9)10)6(8)7(11)12/h3-4,6H,1-2H3,(H,11,12)/t4-,6-/m0/s1
",C8H10Br2O2,297.974,295.904756,1, 
https://comptox.epa.gov/dashboard/chemical/details/DTXSID50177251,Benzo(c)phenanthren-2-ol,22717-94-8,WCFYKAAKPJSBFZ-UHFFFAOYSA-N,Benzo[c]phenanthren-2-ol,OC1=CC2=C(C=C1)C=CC1=C2C2=CC=CC=C2C=C1,"InChI=1S/C18H12O/c19-15-10-9-13-6-8-14-7-5-12-3-1-2-4-16(12)18(14)17(13)11-15/h1-11,19H",C18H12O,244.293,244.088815,2, 
https://comptox.epa.gov/dashboard/chemical/details/DTXSID5020021,N-Acetyl-L-cysteine,616-91-1,PWKSKIMOESPYIA-BYPYZUCNSA-N,N-Acetyl-L-cysteine,CC(=O)N[C@@H](CS)C(O)=O,"InChI=1S/C5H9NO3S/c1-3(7)6-4(2-10)5(8)9/h4,10H,2H2,1H3,(H,6,7)(H,8,9)/t4-/m0/s1
",C5H9NO3S,163.19,163.030314,1,5/244,244,2
https://comptox.epa.gov/dashboard/chemical/details/DTXSID5020023,Acrolein,107-02-8,HGINCPLSRVDWNT-UHFFFAOYSA-N,Prop-2-enal,C=CC=O,"InChI=1S/C3H4O/c1-2-3-4/h2-3H,1H2
",C3H4O,56.064,56.026215,1,2/244,244,1
https://comptox.epa.gov/dashboard/chemical/details/DTXSID5020027,Acrylamide,79-06-1,HRPVXLWXLXDGHG-UHFFFAOYSA-N,Prop-2-enamide,NC(=O)C=C,"InChI=1S/C3H5NO/c1-2-3(4)5/h2H,1H2,(H2,4,5)
",C3H5NO,71.079,71.037114,1,14/686,686,2
https://comptox.epa.gov/dashboard/chemical/details/DTXSID5020029,Acrylonitrile,107-13-1,NLHHRLWOUZZQLW-UHFFFAOYSA-N,Prop-2-enenitrile,C=CC#N,"InChI=1S/C3H3N/c1-2-3-4/h2H,1H2
",C3H3N,53.064,53.026549,1,5/367,367,1
https://comptox.epa.gov/dashboard/chemical/details/DTXSID5020449,Dichlorvos,62-73-7,OEBRKCOSUFCWJD-UHFFFAOYSA-N,"2,2-Dichloroethenyl dimethyl phosphate",COP(=O)(OC)OC=C(Cl)Cl,"InChI=1S/C4H7Cl2O4P/c1-8-11(7,9-2)10-3-4(5)6/h3H,1-2H3
",C4H7Cl2O4P,220.97,219.945901,1,85/730,730,12
https://comptox.epa.gov/dashboard/chemical/details/DTXSID5020601,"4,5-Dihydro-2-mercaptoimidazole",96-45-7,PDQAZBWRQCGBEV-UHFFFAOYSA-N,Imidazolidine-2-thione,S=C1NCCN1,"InChI=1S/C3H6N2S/c6-3-4-1-2-5-3/h1-2H2,(H2,4,5,6)
",C3H6N2S,102.16,102.025169,1,19/810,810,2
https://comptox.epa.gov/dashboard/chemical/details/DTXSID5020603,Nabam-sodium,142-59-6,UQJQVUOTMVCFHX-UHFFFAOYSA-L,"Disodium ethane-1,2-diyldicarbamodithioate",[Na+].[Na+].[S-]C(=S)NCCNC([S-])=S,"InChI=1S/C4H8N2S4.2Na/c7-3(8)5-1-2-6-4(9)10;;/h1-2H2,(H2,5,7,8)(H2,6,9,10);;/q;2*+1/p-2
",C4H6N2Na2S4,256.33,255.920921,1,10/335,335,3
https://comptox.epa.gov/dashboard/chemical/details/DTXSID5020607,Di(2-ethylhexyl) phthalate,117-81-7,BJQHLKABXJIVAM-UHFFFAOYNA-N,"Bis(2-ethylhexyl) benzene-1,2-dicarboxylate",CCCCC(CC)COC(=O)C1=C(C=CC=C1)C(=O)OCC(CC)CCCC,"InChI=1/C24H38O4/c1-5-9-13-19(7-3)17-27-23(25)21-15-11-12-16-22(21)24(26)28-18-20(8-4)14-10-6-2/h11-12,15-16,19-20H,5-10,13-14,17-18H2,1-4H3
",C24H38O4,390.564,390.277010,1,88/813,813,11
https://comptox.epa.gov/dashboard/chemical/details/DTXSID5020819,Methidathion,950-37-8,MEBQXILRKZHVCX-UHFFFAOYSA-N,"S-[(5-Methoxy-2-oxo-1,3,4-thiadiazol-3(2H)-yl)methyl] O,O-dimethyl phosphorodithioate",COC1=NN(CSP(=S)(OC)OC)C(=O)S1,"InChI=1S/C6H11N2O4PS3/c1-10-5-7-8(6(9)16-5)4-15-13(14,11-2)12-3/h4H2,1-3H3
",C6H11N2O4PS3,302.32,301.961857,1,81/688,688,12
https://comptox.epa.gov/dashboard/chemical/details/DTXSID5021207,"(+/-)-1,2-Propylene oxide",75-56-9,GOOHAUXETOMSMM-UHFFFAOYNA-N,2-Methyloxirane,CC1CO1,"InChI=1/C3H6O/c1-3-2-4-3/h3H,2H2,1H3
",C3H6O,58.08,58.041865,1, 
https://comptox.epa.gov/dashboard/chemical/details/DTXSID5021380,"1,1,2-Trichloroethane",79-00-5,UBOXGVDOUJQMTN-UHFFFAOYSA-N,"1,1,2-Trichloroethane",ClCC(Cl)Cl,"InChI=1S/C2H3Cl3/c3-1-2(4)5/h2H,1H2
",C2H3Cl3,133.4,131.930033,1,5/329,329,2
https://comptox.epa.gov/dashboard/chemical/details/DTXSID5021386,"2,4,6-Trichlorophenol",88-06-2,LINPIYWFGCPVIE-UHFFFAOYSA-N,"2,4,6-Trichlorophenol",OC1=C(Cl)C=C(Cl)C=C1Cl,"InChI=1S/C6H3Cl3O/c7-3-1-4(8)6(10)5(9)2-3/h1-2,10H
",C6H3Cl3O,197.44,195.924948,1,36/612,612,6
https://comptox.epa.gov/dashboard/chemical/details/DTXSID5021388,"2,4,5-Trichlorophenoxyacetic acid",93-76-5,SMYMJHWAQXWPDB-UHFFFAOYSA-N,"(2,4,5-Trichlorophenoxy)acetic acid",OC(=O)COC1=C(Cl)C=C(Cl)C(Cl)=C1,"InChI=1S/C8H5Cl3O3/c9-4-1-6(11)7(2-5(4)10)14-3-8(12)13/h1-2H,3H2,(H,12,13)
",C8H5Cl3O3,255.48,253.930427,1,20/470,470,4
https://comptox.epa.gov/dashboard/chemical/details/DTXSID5021465,Zineb,12122-67-7,AMHNZOICSMBGDH-UHFFFAOYSA-L,"Zinc ethane-1,2-diyldicarbamodithioate",[Zn++].[S-]C(=S)NCCNC([S-])=S,"InChI=1S/C4H8N2S4.Zn/c7-3(8)5-1-2-6-4(9)10;/h1-2H2,(H2,5,7,8)(H2,6,9,10);/q;+2/p-2
",C4H6N2S4Zn,275.73,273.870525,1, 
https://comptox.epa.gov/dashboard/chemical/details/DTXSID5022514,"3,3',4,4'-Tetrachlorobiphenyl",32598-13-3,UQMGJOKDKOLIDP-UHFFFAOYSA-N,"3,3',4,4'-Tetrachloro-1,1'-biphenyl",ClC1=C(Cl)C=C(C=C1)C1=CC(Cl)=C(Cl)C=C1,InChI=1S/C12H6Cl4/c13-9-3-1-7(5-11(9)15)8-2-4-10(14)12(16)6-8/h1-6H,C12H6Cl4,291.98,289.922361,1, 
https://comptox.epa.gov/dashboard/chemical/details/DTXSID5023879,Antimony,7440-36-0,WATWJIUSRGPENY-UHFFFAOYSA-N,Antimony,[Sb],InChI=1S/Sb,Sb,121.76,120.903810,1, 
https://comptox.epa.gov/dashboard/chemical/details/DTXSID5023902,Benz(a)anthracene,56-55-3,DXBHBZVCASKNBY-UHFFFAOYSA-N,Tetraphene,C1=CC2=CC3=CC=C4C=CC=CC4=C3C=C2C=C1,"InChI=1S/C18H12/c1-2-7-15-12-18-16(11-14(15)6-1)10-9-13-5-3-4-8-17(13)18/h1-12H
",C18H12,228.294,228.093900,1,160/663,663,24
https://comptox.epa.gov/dashboard/chemical/details/DTXSID5023950,Carbosulfan,55285-14-8,JLQUFIHWVLZVTJ-UHFFFAOYSA-N,"2,2-Dimethyl-2,3-dihydro-1-benzofuran-7-yl [(dibutylamino)sulfanyl]methylcarbamate",CCCCN(CCCC)SN(C)C(=O)OC1=C2OC(C)(C)CC2=CC=C1,"InChI=1S/C20H32N2O3S/c1-6-8-13-22(14-9-7-2)26-21(5)19(23)24-17-12-10-11-16-15-20(3,4)25-18(16)17/h10-12H,6-9,13-15H2,1-5H3",C20H32N2O3S,380.55,380.213364,1,153/611,611,25
https://comptox.epa.gov/dashboard/chemical/details/DTXSID5023954,Technical chlordane,12789-03-6,,,,,,, ,1,122/247,247,49
https://comptox.epa.gov/dashboard/chemical/details/DTXSID5024217,Nitrate,14797-55-8,NHNBFGGVMKEFGY-UHFFFAOYSA-N,Nitrate,[O-][N+]([O-])=O,"InChI=1S/NO3/c2-1(3)4/q-1
",NO3,62.005,61.988366,1, 
https://comptox.epa.gov/dashboard/chemical/details/DTXSID5024261,Phosmet,732-11-6,LMNZTLDVJIUSHT-UHFFFAOYSA-N,"S-[(1,3-Dioxo-1,3-dihydro-2H-isoindol-2-yl)methyl] O,O-dimethyl phosphorodithioate",COP(=S)(OC)SCN1C(=O)C2=C(C=CC=C2)C1=O,"InChI=1S/C11H12NO4PS2/c1-15-17(18,16-2)19-7-12-10(13)8-5-3-4-6-9(8)11(12)14/h3-6H,7H2,1-2H3
",C11H12NO4PS2,317.31,316.994537,1,72/693,693,10
https://comptox.epa.gov/dashboard/chemical/details/DTXSID5024267,Polychlorinated biphenyls,1336-36-3,,,"[*]C1=C([*])C([*])=C(C([*])=C1[*])C1=C([*])C([*])=C([*])C([*])=C1[*] |$_R1;;;_R1;;_R1;;;_R1;;_R1;;;_R1;;_R1;;_R1;;_R1;;_R1$,c:1,5,8,12,20,t:16,RG:_R1={Cl* |$;_AP1$,lp:0:3|},LOG={_R1:;H;>0}|",,C12,144.132,144.000000,1, 
https://comptox.epa.gov/dashboard/chemical/details/DTXSID5025021,Dicyclohexyl phthalate,84-61-7,VOWAEIGWURALJQ-UHFFFAOYSA-N,"Dicyclohexyl benzene-1,2-dicarboxylate",O=C(OC1CCCCC1)C1=C(C=CC=C1)C(=O)OC1CCCCC1,"InChI=1S/C20H26O4/c21-19(23-15-9-3-1-4-10-15)17-13-7-8-14-18(17)20(22)24-16-11-5-2-6-12-16/h7-8,13-16H,1-6,9-12H2
",C20H26O4,330.424,330.183109,1,170/497,497,34
https://comptox.epa.gov/dashboard/chemical/details/DTXSID5025150,Dimethyl phosphate,813-78-5,KKUKTXOBAWVSHC-UHFFFAOYSA-N,Dimethyl hydrogen phosphate,COP(O)(=O)OC,"InChI=1S/C2H7O4P/c1-5-7(3,4)6-2/h1-2H3,(H,3,4)
",C2H7O4P,126.048,126.008196,1,9/441,441,2
https://comptox.epa.gov/dashboard/chemical/details/DTXSID5027061,2-Naphthalenol,135-19-3,JWAZRIHNYRIHIV-UHFFFAOYSA-N,Naphthalen-2-ol,OC1=CC2=C(C=CC=C2)C=C1,"InChI=1S/C10H8O/c11-10-6-5-8-3-1-2-4-9(8)7-10/h1-7,11H
",C10H8O,144.173,144.057515,1,99/626,626,16
https://comptox.epa.gov/dashboard/chemical/details/DTXSID5027146,Diethyl sulfide,352-93-2,LJSQFQKUNVCTIA-UHFFFAOYSA-N,(Ethylsulfanyl)ethane,CCSCC,"InChI=1S/C4H10S/c1-3-5-4-2/h3-4H2,1-2H3",C4H10S,90.18,90.050321,1,19/244,244,8
https://comptox.epa.gov/dashboard/chemical/details/DTXSID5027198,N-Methylphthalimide,550-44-7,ZXLYYQUMYFHCLQ-UHFFFAOYSA-N,"2-Methyl-1H-isoindole-1,3(2H)-dione",CN1C(=O)C2=C(C=CC=C2)C1=O,"InChI=1S/C9H7NO2/c1-10-8(11)6-4-2-3-5-7(6)9(10)12/h2-5H,1H3",C9H7NO2,161.16,161.047678,1,1/366,366,0
https://comptox.epa.gov/dashboard/chemical/details/DTXSID5027306,"O,O-Dimethyldithiophosphate",756-80-9,CZGGKXNYNPJFAX-UHFFFAOYSA-N,"O,O-Dimethyl hydrogen phosphorodithioate",COP(S)(=S)OC,"InChI=1S/C2H7O2PS2/c1-3-5(6,7)4-2/h1-2H3,(H,6,7)
",C2H7O2PS2,158.17,157.962509,1, 
https://comptox.epa.gov/dashboard/chemical/details/DTXSID5028039,"3-(2,2-Dichloroethenyl)-2,2-dimethylcyclopropanecarboxylic acid",55701-05-8,LLMLSUSAKZVFOA-UHFFFAOYNA-N,"3-(2,2-Dichloroethenyl)-2,2-dimethylcyclopropane-1-carboxylic acid",CC1(C)C(C=C(Cl)Cl)C1C(O)=O,"InChI=1/C8H10Cl2O2/c1-8(2)4(3-5(9)10)6(8)7(11)12/h3-4,6H,1-2H3,(H,11,12)
",C8H10Cl2O2,209.07,208.005785,1, 
https://comptox.epa.gov/dashboard/chemical/details/DTXSID5030030,Perfluorobutanesulfonic acid,375-73-5,JGTNAGYHADQMCM-UHFFFAOYSA-N,Nonafluorobutane-1-sulfonic acid,OS(=O)(=O)C(F)(F)C(F)(F)C(F)(F)C(F)(F)F,"InChI=1S/C4HF9O3S/c5-1(6,3(9,10)11)2(7,8)4(12,13)17(14,15)16/h(H,14,15,16)
",C4HF9O3S,300.09,299.950269,1,9/322,322,3
https://comptox.epa.gov/dashboard/chemical/details/DTXSID5032498,Triclosan,3380-34-5,XEFQLINVKFYRCS-UHFFFAOYSA-N,"5-Chloro-2-(2,4-dichlorophenoxy)phenol",OC1=C(OC2=CC=C(Cl)C=C2Cl)C=CC(Cl)=C1,"InChI=1S/C12H7Cl3O2/c13-7-1-3-11(9(15)5-7)17-12-4-2-8(14)6-10(12)16/h1-6,16H
",C12H7Cl3O2,289.54,287.951163,1,374/882,882,42
https://comptox.epa.gov/dashboard/chemical/details/DTXSID5035957,Cyfluthrin,68359-37-5,QQODLKZGRKWIFG-UHFFFAOYNA-N,"Cyano(4-fluoro-3-phenoxyphenyl)methyl 3-(2,2-dichloroethenyl)-2,2-dimethylcyclopropane-1-carboxylate",CC1(C)C(C=C(Cl)Cl)C1C(=O)OC(C#N)C1=CC=C(F)C(OC2=CC=CC=C2)=C1,"InChI=1/C22H18Cl2FNO3/c1-22(2)15(11-19(23)24)20(22)21(27)29-18(12-26)13-8-9-16(25)17(10-13)28-14-6-4-3-5-7-14/h3-11,15,18,20H,1-2H3
",C22H18Cl2FNO3,434.29,433.064777,1,137/823,823,17
https://comptox.epa.gov/dashboard/chemical/details/DTXSID5036767,Cesium,7440-46-2,TVFDJXOCXUVLDH-UHFFFAOYSA-N,Caesium,[Cs],"InChI=1S/Cs
",Cs,132.90545,132.905452,1, 
https://comptox.epa.gov/dashboard/chemical/details/DTXSID5041431,2-Isopropoxyphenol,4812-20-8,ZNCUUYCDKVNVJH-UHFFFAOYSA-N,2-[(Propan-2-yl)oxy]phenol,CC(C)OC1=C(O)C=CC=C1,"InChI=1S/C9H12O2/c1-7(2)11-9-6-4-3-5-8(9)10/h3-7,10H,1-2H3
",C9H12O2,152.193,152.083730,1,5/437,437,1
https://comptox.epa.gov/dashboard/chemical/details/DTXSID50461925,4-(phenylthio)phenol,5633-55-6,XAYCNCYFKLSMGR-UHFFFAOYSA-N,4-(Phenylsulfanyl)phenol,OC1=CC=C(SC2=CC=CC=C2)C=C1,"InChI=1S/C12H10OS/c13-10-6-8-12(9-7-10)14-11-4-2-1-3-5-11/h1-9,13H",C12H10OS,202.27,202.045236,5, 
https://comptox.epa.gov/dashboard/chemical/details/DTXSID5052701,Monoisobutyl phthalate,30833-53-5,RZJSUWQGFCHNFS-UHFFFAOYSA-N,2-[(2-Methylpropoxy)carbonyl]benzoic acid,CC(C)COC(=O)C1=CC=CC=C1C(O)=O,"InChI=1S/C12H14O4/c1-8(2)7-16-12(15)10-6-4-3-5-9(10)11(13)14/h3-6,8H,7H2,1-2H3,(H,13,14)
",C12H14O4,222.24,222.089209,1, 
https://comptox.epa.gov/dashboard/chemical/details/DTXSID5052709,trans-Nonachlor,39765-80-5,OCHOKXCPKDPNQU-DFACZZRHNA-N,"(1R,2R,3S,7R,7aS)-1,2,3,4,5,6,7,8,8-Nonachloro-2,3,3a,4,7,7a-hexahydro-1H-4,7-methanoindene",[H][C@]12[C@H](Cl)[C@@H](Cl)[C@H](Cl)[C@@]1([H])[C@@]1(Cl)C(Cl)=C(Cl)[C@]2(Cl)C1(Cl)Cl,"InChI=1/C10H5Cl9/c11-3-1-2(4(12)5(3)13)9(17)7(15)6(14)8(1,16)10(9,18)19/h1-5H/t1-,2+,3+,4-,5-,8+,9-
",C10H5Cl9,444.2,439.758800,1,0/7,7,0
https://comptox.epa.gov/dashboard/chemical/details/DTXSID5052832,"2,2',3,4',5,5',6-Heptachlorobiphenyl",52663-68-0,UDMZPLROONOSEF-UHFFFAOYSA-N,"2,2',3,4',5,5',6-Heptachloro-1,1'-biphenyl",ClC1=CC(Cl)=C(C=C1Cl)C1=C(Cl)C(Cl)=CC(Cl)=C1Cl,"InChI=1S/C12H3Cl7/c13-5-2-7(15)6(14)1-4(5)10-11(18)8(16)3-9(17)12(10)19/h1-3H
",C12H3Cl7,395.31,391.805444,1,74/313,313,24
https://comptox.epa.gov/dashboard/chemical/details/DTXSID5062760,2-(N-Ethylperfluorooctanesulfonamido)acetic acid,2991-50-6,CKRXVVGETMYFIO-UHFFFAOYSA-N,"N-Ethyl-N-(1,1,2,2,3,3,4,4,5,5,6,6,7,7,8,8,8-heptadecafluorooctane-1-sulfonyl)glycine",CCN(CC(O)=O)S(=O)(=O)C(F)(F)C(F)(F)C(F)(F)C(F)(F)C(F)(F)C(F)(F)C(F)(F)C(F)(F)F,"InChI=1S/C12H8F17NO4S/c1-2-30(3-4(31)32)35(33,34)12(28,29)10(23,24)8(19,20)6(15,16)5(13,14)7(17,18)9(21,22)11(25,26)27/h2-3H2,1H3,(H,31,32)
",C12H8F17NO4S,585.23,584.990258,1, 
https://comptox.epa.gov/dashboard/chemical/details/DTXSID5073793,"1,2,3,4,7,8-Hexabromodibenzo-p-dioxin",110999-44-5,JGZILVYVJLWSIH-UHFFFAOYSA-N,"1,2,3,4,7,8-Hexabromooxanthrene",BrC1=CC2=C(OC3=C(O2)C(Br)=C(Br)C(Br)=C3Br)C=C1Br,InChI=1S/C12H2Br6O2/c13-3-1-5-6(2-4(3)14)20-12-10(18)8(16)7(15)9(17)11(12)19-5/h1-2H,C12H2Br6O2,657.57,651.515507,3, 
https://comptox.epa.gov/dashboard/chemical/details/DTXSID5073795,"1,2,3,7,8,9-Hexabromodibenzo-p-dioxin",110999-46-7,BQLIEPWVZAEMQP-UHFFFAOYSA-N,"1,2,3,7,8,9-Hexabromooxanthrene",BrC1=CC2=C(OC3=C(O2)C=C(Br)C(Br)=C3Br)C(Br)=C1Br,InChI=1S/C12H2Br6O2/c13-3-1-5-11(9(17)7(3)15)20-12-6(19-5)2-4(14)8(16)10(12)18/h1-2H,C12H2Br6O2,657.57,651.515507,3, 
https://comptox.epa.gov/dashboard/chemical/details/DTXSID5073870,"2,3,4,7,8-Pentabromodibenzofuran",131166-92-2,KHQDJFUIVSESDP-UHFFFAOYSA-N,"2,3,4,7,8-Pentabromodibenzo[b,d]furan",BrC1=CC2=C(C=C1Br)C1=C(O2)C(Br)=C(Br)C(Br)=C1,InChI=1S/C12H3Br5O/c13-6-1-4-5-2-8(15)10(16)11(17)12(5)18-9(4)3-7(6)14/h1-3H,C12H3Br5O,562.675,557.610080,2, 
https://comptox.epa.gov/dashboard/chemical/details/DTXSID5074139,"2,2',3,3',4,4',5,5'-Octachlorobiphenyl",35694-08-7,DTMRKGRREZAYAP-UHFFFAOYSA-N,"2,2',3,3',4,4',5,5'-Octachloro-1,1'-biphenyl",ClC1=CC(=C(Cl)C(Cl)=C1Cl)C1=C(Cl)C(Cl)=C(Cl)C(Cl)=C1,"InChI=1S/C12H2Cl8/c13-5-1-3(7(15)11(19)9(5)17)4-2-6(14)10(18)12(20)8(4)16/h1-2H
",C12H2Cl8,429.75,425.766472,1, 
https://comptox.epa.gov/dashboard/chemical/details/DTXSID50858932,"2,2',3,3',4,4'-Hexachlorobiphenyl",38380-07-3,BTAGRXWGMYTPBY-UHFFFAOYSA-N,"2,2',3,3',4,4'-Hexachloro-1,1'-biphenyl",ClC1=C(Cl)C(Cl)=C(C=C1)C1=C(Cl)C(Cl)=C(Cl)C=C1,InChI=1S/C12H4Cl6/c13-7-3-1-5(9(15)11(7)17)6-2-4-8(14)12(18)10(6)16/h1-4H,C12H4Cl6,360.86,357.844416,1, 
https://comptox.epa.gov/dashboard/chemical/details/DTXSID50865989,"2,2',3,3',4,4',5,5',6-Nonachlorobiphenyl",40186-72-9,JFIMDKGRGPNPRQ-UHFFFAOYSA-N,"2,2',3,3',4,4',5,5',6-Nonachloro-1,1'-biphenyl",ClC1=CC(=C(Cl)C(Cl)=C1Cl)C1=C(Cl)C(Cl)=C(Cl)C(Cl)=C1Cl,"InChI=1S/C12HCl9/c13-3-1-2(5(14)9(18)6(3)15)4-7(16)10(19)12(21)11(20)8(4)17/h1H
",C12HCl9,464.19,459.727499,1, 
https://comptox.epa.gov/dashboard/chemical/details/DTXSID50867160,"2',3,4,4',5-Pentachlorobiphenyl",65510-44-3,YAHNWSSFXMVPOU-UHFFFAOYSA-N,"2,3',4,4',5'-Pentachloro-1,1'-biphenyl",ClC1=CC=C(C(Cl)=C1)C1=CC(Cl)=C(Cl)C(Cl)=C1,InChI=1S/C12H5Cl5/c13-7-1-2-8(9(14)5-7)6-3-10(15)12(17)11(16)4-6/h1-5H,C12H5Cl5,326.42,323.883389,1, 
https://comptox.epa.gov/dashboard/chemical/details/DTXSID50873160,Mono-2-ethyl-5-hydroxyhexyl phthalate,40321-99-1,RYPQSGURZSTFSX-UHFFFAOYNA-N,2-{[(2-Ethyl-5-hydroxyhexyl)oxy]carbonyl}benzoic acid,CCC(CCC(C)O)COC(=O)C1=CC=CC=C1C(O)=O,"InChI=1/C16H22O5/c1-3-12(9-8-11(2)17)10-21-16(20)14-7-5-4-6-13(14)15(18)19/h4-7,11-12,17H,3,8-10H2,1-2H3,(H,18,19)
",C16H22O5,294.347,294.146724,1, 
https://comptox.epa.gov/dashboard/chemical/details/DTXSID60194818,2-Methylhippuric acid,42013-20-7,YOEBAVRJHRCKRE-UHFFFAOYSA-N,N-(2-Methylbenzoyl)glycine,CC1=CC=CC=C1C(=O)NCC(O)=O,"InChI=1S/C10H11NO3/c1-7-4-2-3-5-8(7)10(14)11-6-9(12)13/h2-5H,6H2,1H3,(H,11,14)(H,12,13)
",C10H11NO3,193.202,193.073893,1, 
https://comptox.epa.gov/dashboard/chemical/details/DTXSID6020351,(E)-Crotonaldehyde,123-73-9,MLUCVPSAIODCQM-NSCUHMNNSA-N,(2E)-But-2-enal,C\C=C\C=O,"InChI=1S/C4H6O/c1-2-3-4-5/h2-4H,1H3/b3-2+
",C4H6O,70.091,70.041865,1, 
https://comptox.epa.gov/dashboard/chemical/details/DTXSID6020430,"1,2-Dichlorobenzene",95-50-1,RFFLAFLAYFXFSW-UHFFFAOYSA-N,"1,2-Dichlorobenzene",ClC1=C(Cl)C=CC=C1,"InChI=1S/C6H4Cl2/c7-5-3-1-2-4-6(5)8/h1-4H
",C6H4Cl2,147,145.969006,1,7/586,586,1
https://comptox.epa.gov/dashboard/chemical/details/DTXSID6020438,"1,2-Dichloroethane",107-06-2,WSLDOOZREJYCGB-UHFFFAOYSA-N,"1,2-Dichloroethane",ClCCCl,InChI=1S/C2H4Cl2/c3-1-2-4/h1-2H2,C2H4Cl2,98.95,97.969005,1,1/327,327,0
https://comptox.epa.gov/dashboard/chemical/details/DTXSID6020515,"N,N-Dimethylformamide",68-12-2,ZMXDDKWLCZADIW-UHFFFAOYSA-N,"N,N-Dimethylformamide",CN(C)C=O,"InChI=1S/C3H7NO/c1-4(2)3-5/h3H,1-2H3
",C3H7NO,73.095,73.052764,1,3/600,600,1
https://comptox.epa.gov/dashboard/chemical/details/DTXSID6020561,Endrin,72-20-8,DFBKLUNHFCTMDC-GKRDHZSONA-N,"rel-(1aR,2R,2aR,6S,6aS,7S,7aS)-3,4,5,6,9,9-Hexachloro-1a,2,2a,3,6,6a,7,7a-octahydro-2,7:3,6-dimethanonaphtho[2,3-b]oxirene",[H][C@]12O[C@@]1([H])[C@@]1([H])C[C@]2([H])[C@]2([H])[C@@]1([H])[C@]1(Cl)C(Cl)=C(Cl)[C@@]2(Cl)C1(Cl)Cl,"InChI=1/C12H8Cl6O/c13-8-9(14)11(16)5-3-1-2(6-7(3)19-6)4(5)10(8,15)12(11,17)18/h2-7H,1H2/t2-,3+,4-,5+,6-,7+,10-,11+
",C12H8Cl6O,380.9,377.870631,1,126/648,648,19
https://comptox.epa.gov/dashboard/chemical/details/DTXSID6021793,1-Naphthol,90-15-3,KJCVRFUGPWSIIH-UHFFFAOYSA-N,Naphthalen-1-ol,OC1=CC=CC2=CC=CC=C12,"InChI=1S/C10H8O/c11-10-7-3-5-8-4-1-2-6-9(8)10/h1-7,11H
",C10H8O,144.173,144.057515,1,57/503,503,11
https://comptox.epa.gov/dashboard/chemical/details/DTXSID6021874,1-Bromopropane,106-94-5,CYNYIHKIEHGYOZ-UHFFFAOYSA-N,1-Bromopropane,CCCBr,"InChI=1S/C3H7Br/c1-2-3-4/h2-3H2,1H3
",C3H7Br,122.993,121.973113,1,1/244,244,0
https://comptox.epa.gov/dashboard/chemical/details/DTXSID6022056,"1,3-Dichlorobenzene",541-73-1,ZPQOPVIELGIULI-UHFFFAOYSA-N,"1,3-Dichlorobenzene",ClC1=CC(Cl)=CC=C1,"InChI=1S/C6H4Cl2/c7-5-2-1-3-6(8)4-5/h1-4H
",C6H4Cl2,147,145.969006,1,22/590,590,4
https://comptox.epa.gov/dashboard/chemical/details/DTXSID6022345,"o,p'-DDT",789-02-6,CVUGPAFCQJIYDT-UHFFFAOYNA-N,"1-Chloro-2-[2,2,2-trichloro-1-(4-chlorophenyl)ethyl]benzene",ClC1=CC=C(C=C1)C(C1=CC=CC=C1Cl)C(Cl)(Cl)Cl,"InChI=1/C14H9Cl5/c15-10-7-5-9(6-8-10)13(14(17,18)19)11-3-1-2-4-12(11)16/h1-8,13H
",C14H9Cl5,354.48,351.914689,1,287/710,710,40
https://comptox.epa.gov/dashboard/chemical/details/DTXSID6023234,Mandelic acid,90-64-2,IWYDHOAUDWTVEP-UHFFFAOYNA-N,Hydroxy(phenyl)acetic acid,OC(C(O)=O)C1=CC=CC=C1,"InChI=1/C8H8O3/c9-7(8(10)11)6-4-2-1-3-5-6/h1-5,7,9H,(H,10,11)
",C8H8O3,152.149,152.047344,1, 
https://comptox.epa.gov/dashboard/chemical/details/DTXSID6023781,"1,2,3,7,8,9-Hexachlorodibenzo-p-dioxin",19408-74-3,LGIRBUBHIWTVCK-UHFFFAOYSA-N,"1,2,3,7,8,9-Hexachlorooxanthrene",ClC1=CC2=C(OC3=C(O2)C=C(Cl)C(Cl)=C3Cl)C(Cl)=C1Cl,"InChI=1S/C12H2Cl6O2/c13-3-1-5-11(9(17)7(3)15)20-12-6(19-5)2-4(14)8(16)10(12)18/h1-2H
",C12H2Cl6O2,390.85,387.818596,1, 
https://comptox.epa.gov/dashboard/chemical/details/DTXSID6023864,Metsulfuron-methyl,74223-64-6,RSMUVYRMZCOLBH-UHFFFAOYSA-N,"Methyl 2-{[(4-methoxy-6-methyl-1,3,5-triazin-2-yl)carbamoyl]sulfamoyl}benzoate",COC(=O)C1=C(C=CC=C1)S(=O)(=O)NC(=O)NC1=NC(OC)=NC(C)=N1,"InChI=1S/C14H15N5O6S/c1-8-15-12(18-14(16-8)25-3)17-13(21)19-26(22,23)10-7-5-4-6-9(10)11(20)24-2/h4-7H,1-3H3,(H2,15,16,17,18,19,21)
",C14H15N5O6S,381.36,381.074304,1,13/515,515,3
https://comptox.epa.gov/dashboard/chemical/details/DTXSID6023947,Carbon disulfide,75-15-0,QGJOPFRUJISHPQ-UHFFFAOYSA-N,Methanedithione,S=C=S,"InChI=1S/CS2/c2-1-3
",CS2,76.13,75.944142,1,3/244,244,1
https://comptox.epa.gov/dashboard/chemical/details/DTXSID6023991,Cyanide,57-12-5,XFXPMWWXUTWYJX-UHFFFAOYSA-N,Cyanide,[C-]#N,InChI=1S/CN/c1-2/q-1,CN,26.019,26.003623,1, 
https://comptox.epa.gov/dashboard/chemical/details/DTXSID6024177,Methamidophos,10265-92-6,NNKVPIKMPCQWCG-UHFFFAOYNA-N,"O,S-Dimethyl phosphoramidothioate",COP(N)(=O)SC,"InChI=1/C2H8NO2PS/c1-5-6(3,4)7-2/h1-2H3,(H2,3,4)
",C2H8NO2PS,141.12,141.001337,1,10/742,742,1
https://comptox.epa.gov/dashboard/chemical/details/DTXSID6024252,Perchlorate,14797-73-0,VLTRZXGMWDSKGL-UHFFFAOYSA-M,Perchlorate,[O-][Cl](=O)(=O)=O,"InChI=1S/ClHO4/c2-1(3,4)5/h(H,2,3,4,5)/p-1
",ClO4,99.45,98.949060,1, 
https://comptox.epa.gov/dashboard/chemical/details/DTXSID6024254,Phenanthrene,85-01-8,YNPNZTXNASCQKK-UHFFFAOYSA-N,Phenanthrene,C1=CC2=C(C=C1)C1=C(C=CC=C1)C=C2,"InChI=1S/C14H10/c1-3-7-13-11(5-1)9-10-12-6-2-4-8-14(12)13/h1-10H
",C14H10,178.234,178.078250,1,49/657,657,7
https://comptox.epa.gov/dashboard/chemical/details/DTXSID6026298,m-Xylene,108-38-3,IVSZLXZYQVIEFR-UHFFFAOYSA-N,"1,3-Xylene",CC1=CC(C)=CC=C1,"InChI=1S/C8H10/c1-7-4-3-5-8(2)6-7/h3-6H,1-2H3
",C8H10,106.168,106.078250,1,6/358,358,2
https://comptox.epa.gov/dashboard/chemical/details/DTXSID6027133,"O,O′-Diethyl hydrogen dithiophosphate",298-06-6,IRDLUHRVLVEUHA-UHFFFAOYSA-N,"O,O-Diethyl hydrogen phosphorodithioate",CCOP(S)(=S)OCC,"InChI=1S/C4H11O2PS2/c1-3-5-7(8,9)6-4-2/h3-4H2,1-2H3,(H,8,9)
",C4H11O2PS2,186.22,185.993809,1,12/443,443,3
https://comptox.epa.gov/dashboard/chemical/details/DTXSID6029915,"1,2,3,4,7,8-Hexachlorodibenzofuran",70648-26-9,LVYBAQIVPKCOEE-UHFFFAOYSA-N,"1,2,3,4,7,8-Hexachlorodibenzo[b,d]furan",ClC1=CC2=C(C=C1Cl)C1=C(O2)C(Cl)=C(Cl)C(Cl)=C1Cl,"InChI=1S/C12H2Cl6O/c13-4-1-3-6(2-5(4)14)19-12-7(3)8(15)9(16)10(17)11(12)18/h1-2H
",C12H2Cl6O,374.85,371.823681,1, 
https://comptox.epa.gov/dashboard/chemical/details/DTXSID6032352,Chlorpyrifos-methyl,5598-13-0,HRBKVYFZANMGRE-UHFFFAOYSA-N,"O,O-Dimethyl O-(3,5,6-trichloropyridin-2-yl) phosphorothioate",COP(=S)(OC)OC1=NC(Cl)=C(Cl)C=C1Cl,"InChI=1S/C7H7Cl3NO3PS/c1-12-15(16,13-2)14-7-5(9)3-4(8)6(10)11-7/h3H,1-2H3
",C7H7Cl3NO3PS,322.52,320.894984,1,119/822,822,14
https://comptox.epa.gov/dashboard/chemical/details/DTXSID6034712,Mesosulfuron-methyl,208465-21-8,NIFKBBMCXCMCAO-UHFFFAOYSA-N,"Methyl 2-{[(4,6-dimethoxypyrimidin-2-yl)carbamoyl]sulfamoyl}-4-{[(methanesulfonyl)amino]methyl}benzoate",COC(=O)C1=C(C=C(CNS(C)(=O)=O)C=C1)S(=O)(=O)NC(=O)NC1=NC(OC)=CC(OC)=N1,"InChI=1S/C17H21N5O9S2/c1-29-13-8-14(30-2)20-16(19-13)21-17(24)22-33(27,28)12-7-10(9-18-32(4,25)26)5-6-11(12)15(23)31-3/h5-8,18H,9H2,1-4H3,(H2,19,20,21,22,24)
",C17H21N5O9S2,503.5,503.078070,1,2/260,260,1
https://comptox.epa.gov/dashboard/chemical/details/DTXSID6034764,Nicosulfuron,111991-09-4,RTCOGUMHFFWOJV-UHFFFAOYSA-N,"2-{[(4,6-Dimethoxypyrimidin-2-yl)carbamoyl]sulfamoyl}-N,N-dimethylpyridine-3-carboxamide",COC1=CC(OC)=NC(NC(=O)NS(=O)(=O)C2=NC=CC=C2C(=O)N(C)C)=N1,"InChI=1S/C15H18N6O6S/c1-21(2)13(22)9-6-5-7-16-12(9)28(24,25)20-15(23)19-14-17-10(26-3)8-11(18-14)27-4/h5-8H,1-4H3,(H2,17,18,19,20,23)
",C15H18N6O6S,410.41,410.100853,1,5/465,465,1
https://comptox.epa.gov/dashboard/chemical/details/DTXSID6038297,1-Hydroxybenz[a]anthracene,69847-26-3,PBPCCBLJHAAYFD-UHFFFAOYSA-N,Tetraphen-1-ol,OC1=CC=CC2=C1C1=CC3=C(C=CC=C3)C=C1C=C2,"InChI=1S/C18H12O/c19-17-7-3-6-12-8-9-15-10-13-4-1-2-5-14(13)11-16(15)18(12)17/h1-11,19H",C18H12O,244.293,244.088815,2, 
https://comptox.epa.gov/dashboard/chemical/details/DTXSID6038299,"2,2',3,4,4',5,5'-Heptachlorobiphenyl",35065-29-3,WBHQEUPUMONIKF-UHFFFAOYSA-N,"2,2',3,4,4',5,5'-Heptachloro-1,1'-biphenyl",ClC1=CC(Cl)=C(C=C1Cl)C1=C(Cl)C(Cl)=C(Cl)C(Cl)=C1,"InChI=1S/C12H3Cl7/c13-6-3-8(15)7(14)1-4(6)5-2-9(16)11(18)12(19)10(5)17/h1-3H
",C12H3Cl7,395.31,391.805444,1,4/6,6,67
https://comptox.epa.gov/dashboard/chemical/details/DTXSID6038320,3-Hydroxychrysene,63019-39-6,PULKTNQKGZNFNB-UHFFFAOYSA-N,Chrysen-3-ol,OC1=CC2=C(C=C1)C=CC1=C2C=CC2=C1C=CC=C2,"InChI=1S/C18H12O/c19-14-8-5-13-7-9-16-15-4-2-1-3-12(15)6-10-17(16)18(13)11-14/h1-11,19H",C18H12O,244.293,244.088815,1, 
https://comptox.epa.gov/dashboard/chemical/details/DTXSID6038324,6-Hydroxychrysene,37515-51-8,VXFDOYXVHRYCGS-UHFFFAOYSA-N,Chrysen-6-ol,OC1=CC2=C(C=CC3=C2C=CC=C3)C2=C1C=CC=C2,"InChI=1S/C18H12O/c19-18-11-17-13-6-2-1-5-12(13)9-10-15(17)14-7-3-4-8-16(14)18/h1-11,19H",C18H12O,244.293,244.088815,1, 
https://comptox.epa.gov/dashboard/chemical/details/DTXSID6058055,Chlomethoxyfen,32861-85-1,DXXVCXKMSWHGTF-UHFFFAOYSA-N,"2,4-Dichloro-1-(3-methoxy-4-nitrophenoxy)benzene",COC1=C(C=CC(OC2=C(Cl)C=C(Cl)C=C2)=C1)[N+]([O-])=O,"InChI=1S/C13H9Cl2NO4/c1-19-13-7-9(3-4-11(13)16(17)18)20-12-5-2-8(14)6-10(12)15/h2-7H,1H3",C13H9Cl2NO4,314.12,312.990863,1, 
https://comptox.epa.gov/dashboard/chemical/details/DTXSID6073497,"2,2',3,4,5'-Pentachlorobiphenyl",38380-02-8,OPKYDBFRKPQCBS-UHFFFAOYSA-N,"2,2',3,4,5'-Pentachloro-1,1'-biphenyl",ClC1=CC(=C(Cl)C=C1)C1=C(Cl)C(Cl)=C(Cl)C=C1,InChI=1S/C12H5Cl5/c13-6-1-3-9(14)8(5-6)7-2-4-10(15)12(17)11(7)16/h1-5H,C12H5Cl5,326.42,323.883389,2, 
https://comptox.epa.gov/dashboard/chemical/details/DTXSID6073524,"2,3,7,8-Tetrabromodibenzo-p-dioxin",50585-41-6,JZLQUWSWOJPCAK-UHFFFAOYSA-N,"2,3,7,8-Tetrabromooxanthrene",BrC1=CC2=C(OC3=CC(Br)=C(Br)C=C3O2)C=C1Br,"InChI=1S/C12H4Br4O2/c13-5-1-9-10(2-6(5)14)18-12-4-8(16)7(15)3-11(12)17-9/h1-4H
",C12H4Br4O2,499.778,495.694481,1, 
https://comptox.epa.gov/dashboard/chemical/details/DTXSID6073605,"2,3,7,8-Tetrabromodibenzofuran",67733-57-7,HCSRVQXNLHZQNM-UHFFFAOYSA-N,"2,3,7,8-Tetrabromodibenzo[b,d]furan",BrC1=CC2=C(C=C1Br)C1=C(O2)C=C(Br)C(Br)=C1,"InChI=1S/C12H4Br4O/c13-7-1-5-6-2-8(14)10(16)4-12(6)17-11(5)3-9(7)15/h1-4H
",C12H4Br4O,483.779,479.699567,1, 
https://comptox.epa.gov/dashboard/chemical/details/DTXSID6073784,"1,2,3,7,8-Pentabromodibenzo-p-dioxin",109333-34-8,ZIFMQFDZODRVTG-UHFFFAOYSA-N,"1,2,3,7,8-Pentabromooxanthrene",BrC1=CC2=C(OC3=CC(Br)=C(Br)C=C3O2)C(Br)=C1Br,InChI=1S/C12H3Br5O2/c13-4-1-7-8(2-5(4)14)19-12-9(18-7)3-6(15)10(16)11(12)17/h1-3H,C12H3Br5O2,578.674,573.604994,2, 
https://comptox.epa.gov/dashboard/chemical/details/DTXSID6073861,"1,2,3,4,7,8-Hexabromodibenzofuran",129880-08-6,MAHGKVWEQHQGJI-UHFFFAOYSA-N,"1,2,3,4,7,8-Hexabromodibenzo[b,d]furan",BrC1=CC2=C(C=C1Br)C1=C(O2)C(Br)=C(Br)C(Br)=C1Br,InChI=1S/C12H2Br6O/c13-4-1-3-6(2-5(4)14)19-12-7(3)8(15)9(16)10(17)11(12)18/h1-2H,C12H2Br6O,641.571,635.520593,3, 
https://comptox.epa.gov/dashboard/chemical/details/DTXSID6074205,"2,3,3',4,4',5'-Hexachlorobiphenyl",69782-90-7,YTWXDQVNPCIEOX-UHFFFAOYSA-N,"2,3,3',4,4',5'-Hexachloro-1,1'-biphenyl",ClC1=CC(=CC(Cl)=C1Cl)C1=C(Cl)C(Cl)=C(Cl)C=C1,InChI=1S/C12H4Cl6/c13-7-2-1-6(10(16)12(7)18)5-3-8(14)11(17)9(15)4-5/h1-4H,C12H4Cl6,360.86,357.844416,1, 
https://comptox.epa.gov/dashboard/chemical/details/DTXSID6074209,"3,4,4',5-Tetrachlorobiphenyl",70362-50-4,BHWVLZJTVIYLIV-UHFFFAOYSA-N,"3,4,4',5-Tetrachloro-1,1'-biphenyl",ClC1=CC=C(C=C1)C1=CC(Cl)=C(Cl)C(Cl)=C1,InChI=1S/C12H6Cl4/c13-9-3-1-7(2-4-9)8-5-10(14)12(16)11(15)6-8/h1-6H,C12H6Cl4,291.98,289.922361,2, 
https://comptox.epa.gov/dashboard/chemical/details/DTXSID60869478,"1,2,3,7,8-Pentabromodibenzo[b,d]furan",107555-93-1,QMKPILUKNSMQTD-UHFFFAOYSA-N,"1,2,3,7,8-Pentabromodibenzo[b,d]furan",BrC1=CC2=C(C=C1Br)C1=C(O2)C=C(Br)C(Br)=C1Br,InChI=1S/C12H3Br5O/c13-5-1-4-8(2-6(5)14)18-9-3-7(15)11(16)12(17)10(4)9/h1-3H,C12H3Br5O,562.675,557.610080,1, 
https://comptox.epa.gov/dashboard/chemical/details/DTXSID60873156,Monocarboxynonyl phthalate,1373125-93-9,RELGYNUSJXUKGN-UHFFFAOYNA-N,2-{[(7-Carboxy-2-methyloctyl)oxy]carbonyl}benzoic acid,CC(CCCCC(C)C(O)=O)COC(=O)C1=C(C=CC=C1)C(O)=O,"InChI=1/C18H24O6/c1-12(7-3-4-8-13(2)16(19)20)11-24-18(23)15-10-6-5-9-14(15)17(21)22/h5-6,9-10,12-13H,3-4,7-8,11H2,1-2H3,(H,19,20)(H,21,22)
",C18H24O6,336.384,336.157288,1, 
https://comptox.epa.gov/dashboard/chemical/details/DTXSID60932439,"S-(3,4-Dihydroxybutyl)-N-(1-hydroxyethylidene)cysteine",144889-50-9,VGJNEDFZFZCLSX-MQWKRIRWSA-N,"N-Acetyl-S-(3,4-dihydroxybutyl)-L-cysteine",[H]C(O)(CO)CCSC[C@]([H])(NC(C)=O)C(O)=O,"InChI=1S/C9H17NO5S/c1-6(12)10-8(9(14)15)5-16-3-2-7(13)4-11/h7-8,11,13H,2-5H2,1H3,(H,10,12)(H,14,15)/t7?,8-/m0/s1
",C9H17NO5S,251.3,251.082744,2, 
https://comptox.epa.gov/dashboard/chemical/details/DTXSID70170406,Fluoranthen-3-ol,17798-09-3,PQWYZWVBXAOHOU-UHFFFAOYSA-N,Fluoranthen-3-ol,OC1=C2C=CC=C3C4=CC=CC=C4C(C=C1)=C23,"InChI=1S/C16H10O/c17-15-9-8-13-11-5-2-1-4-10(11)12-6-3-7-14(15)16(12)13/h1-9,17H
",C16H10O,218.255,218.073165,2, 
https://comptox.epa.gov/dashboard/chemical/details/DTXSID7020182,Bisphenol A,80-05-7,IISBACLAFKSPIT-UHFFFAOYSA-N,,CC(C)(C1=CC=C(O)C=C1)C1=CC=C(O)C=C1,"InChI=1S/C15H16O2/c1-15(2,11-3-7-13(16)8-4-11)12-5-9-14(17)10-6-12/h3-10,16-17H,1-2H3
",C15H16O2,228.291,228.115030,1,236/981,981,24
https://comptox.epa.gov/dashboard/chemical/details/DTXSID7020267,"Octachloro-4,7-methanotetrahydroindane",57-74-9,BIWJNBZANLAXMG-UHFFFAOYNA-N,"1,2,4,5,6,7,8,8-Octachloro-2,3,3a,4,7,7a-hexahydro-1H-4,7-methanoindene",ClC1CC2C(C1Cl)C1(Cl)C(Cl)=C(Cl)C2(Cl)C1(Cl)Cl,"InChI=1/C10H6Cl8/c11-3-1-2-4(5(3)12)9(16)7(14)6(13)8(2,15)10(9,17)18/h2-5H,1H2
",C10H6Cl8,409.76,405.797772,1,307/649,649,47
https://comptox.epa.gov/dashboard/chemical/details/DTXSID7020479,Dimethoate,60-51-5,MCWXGJITAZMZEV-UHFFFAOYSA-N,"O,O-Dimethyl S-[2-(methylamino)-2-oxoethyl] phosphorodithioate",CNC(=O)CSP(=S)(OC)OC,"InChI=1S/C5H12NO3PS2/c1-6-5(7)4-12-10(11,8-2)9-3/h4H2,1-3H3,(H,6,7)
",C5H12NO3PS2,229.25,228.999623,1,39/761,761,5
https://comptox.epa.gov/dashboard/chemical/details/DTXSID7020508,Dimethylarsinic acid,75-60-5,OGGXGZAMXPVRFZ-UHFFFAOYSA-N,Dimethylarsinic acid,C[As](C)(O)=O,"InChI=1S/C2H7AsO2/c1-3(2,4)5/h1-2H3,(H,4,5)
",C2H7AsO2,137.998,137.966199,1,30/649,649,5
https://comptox.epa.gov/dashboard/chemical/details/DTXSID7020685,beta-Hexachlorocyclohexane,319-85-7,JLYXXMFPNIAWKQ-CDRYSYESNA-N,"(1r,2r,3r,4r,5r,6r)-1,2,3,4,5,6-Hexachlorocyclohexane",Cl[C@H]1[C@H](Cl)[C@@H](Cl)[C@H](Cl)[C@@H](Cl)[C@@H]1Cl,"InChI=1/C6H6Cl6/c7-1-2(8)4(10)6(12)5(11)3(1)9/h1-6H/t1-,2-,3+,4+,5-,6-
",C6H6Cl6,290.81,287.860066,1,41/595,595,7
https://comptox.epa.gov/dashboard/chemical/details/DTXSID7020687,"1,2,3,4,5,6-Hexachlorocyclohexane",608-73-1,JLYXXMFPNIAWKQ-UHFFFAOYSA-N,"1,2,3,4,5,6-Hexachlorocyclohexane",ClC1C(Cl)C(Cl)C(Cl)C(Cl)C1Cl,"InChI=1S/C6H6Cl6/c7-1-2(8)4(10)6(12)5(11)3(1)9/h1-6H
",C6H6Cl6,290.81,287.860066,1,100/457,457,22
https://comptox.epa.gov/dashboard/chemical/details/DTXSID7020689,Hexachloroethane,67-72-1,VHHHONWQHHHLTI-UHFFFAOYSA-N,Hexachloroethane,ClC(Cl)(Cl)C(Cl)(Cl)Cl,"InChI=1S/C2Cl6/c3-1(4,5)2(6,7)8",C2Cl6,236.72,233.813116,1,0/244,244,0
https://comptox.epa.gov/dashboard/chemical/details/DTXSID7020895,Mirex,2385-85-5,GVYLCNUFSHDAAW-UHFFFAOYSA-N,"1,1a,2,2,3,3a,4,5,5,5a,5b,6-Dodecachlorooctahydro-1H-1,3,4-(methanetriyl)cyclobuta[cd]pentalene",ClC12C3(Cl)C4(Cl)C5(Cl)C(Cl)(C1(Cl)C4(Cl)Cl)C2(Cl)C(Cl)(Cl)C35Cl,"InChI=1S/C10Cl12/c11-1-2(12)7(17)4(14)3(13,5(1,15)9(7,19)20)6(1,16)10(21,22)8(2,4)18
",C10Cl12,545.51,539.626232,1,37/648,648,6
https://comptox.epa.gov/dashboard/chemical/details/DTXSID7020970,Nitrofen,1836-75-5,XITQUSLLOSKDTB-UHFFFAOYSA-N,"2,4-Dichloro-1-(4-nitrophenoxy)benzene",[O-][N+](=O)C1=CC=C(OC2=C(Cl)C=C(Cl)C=C2)C=C1,"InChI=1S/C12H7Cl2NO3/c13-8-1-6-12(11(14)7-8)18-10-4-2-9(3-5-10)15(16)17/h1-7H
",C12H7Cl2NO3,284.09,282.980299,1,126/696,696,18
https://comptox.epa.gov/dashboard/chemical/details/DTXSID7021100,Parathion,56-38-2,LCCNCVORNKJIRZ-UHFFFAOYSA-N,"O,O-Diethyl O-(4-nitrophenyl) phosphorothioate",CCOP(=S)(OCC)OC1=CC=C(C=C1)[N+]([O-])=O,"InChI=1S/C10H14NO5PS/c1-3-14-17(18,15-4-2)16-10-7-5-9(6-8-10)11(12)13/h5-8H,3-4H2,1-2H3
",C10H14NO5PS,291.26,291.033031,1,126/752,752,17
https://comptox.epa.gov/dashboard/chemical/details/DTXSID7021106,Pentachlorophenol,87-86-5,IZUPBVBPLAPZRR-UHFFFAOYSA-N,Pentachlorophenol,OC1=C(Cl)C(Cl)=C(Cl)C(Cl)=C1Cl,"InChI=1S/C6HCl5O/c7-1-2(8)4(10)6(12)5(11)3(1)9/h12H
",C6HCl5O,266.32,263.847003,1,258/618,618,42
https://comptox.epa.gov/dashboard/chemical/details/DTXSID7021318,"1,1,2,2-Tetrachloroethane",79-34-5,QPFMBZIOSGYJDE-UHFFFAOYSA-N,"1,1,2,2-Tetrachloroethane",ClC(Cl)C(Cl)Cl,"InChI=1S/C2H2Cl4/c3-1(4)2(5)6/h1-2H
",C2H2Cl4,167.84,165.891061,1,5/244,244,2
https://comptox.epa.gov/dashboard/chemical/details/DTXSID7021360,Toluene,108-88-3,YXFVVABEGXRONW-UHFFFAOYSA-N,Toluene,CC1=CC=CC=C1,"InChI=1S/C7H8/c1-7-5-3-2-4-6-7/h2-6H,1H3
",C7H8,92.141,92.062600,1,0/250,250,0
https://comptox.epa.gov/dashboard/chemical/details/DTXSID7021780,Diethyl phthalate,84-66-2,FLKPEMZONWLCSK-UHFFFAOYSA-N,"Diethyl benzene-1,2-dicarboxylate",CCOC(=O)C1=CC=CC=C1C(=O)OCC,"InChI=1S/C12H14O4/c1-3-15-11(13)9-7-5-6-8-10(9)12(14)16-4-2/h5-8H,3-4H2,1-2H3
",C12H14O4,222.24,222.089209,1,8/606,606,1
https://comptox.epa.gov/dashboard/chemical/details/DTXSID7021948,Propoxur,114-26-1,ISRUGXGCCGIOQO-UHFFFAOYSA-N,2-[(Propan-2-yl)oxy]phenyl methylcarbamate,CNC(=O)OC1=CC=CC=C1OC(C)C,"InChI=1S/C11H15NO3/c1-8(2)14-9-6-4-5-7-10(9)15-11(13)12-3/h4-8H,1-3H3,(H,12,13)
",C11H15NO3,209.245,209.105193,1,25/663,663,4
https://comptox.epa.gov/dashboard/chemical/details/DTXSID70220253,Diethyl sulfoxide,70-29-1,CCAFPWNGIUBUSD-UHFFFAOYSA-N,(Ethanesulfinyl)ethane,CCS(=O)CC,"InChI=1S/C4H10OS/c1-3-6(5)4-2/h3-4H2,1-2H3",C4H10OS,106.18,106.045236,2, 
https://comptox.epa.gov/dashboard/chemical/details/DTXSID7022093,"2,5-Dimethylfuran",625-86-5,GSNUFIFRDBKVIE-UHFFFAOYSA-N,"2,5-Dimethylfuran",CC1=CC=C(C)O1,"InChI=1S/C6H8O/c1-5-3-4-6(2)7-5/h3-4H,1-2H3
",C6H8O,96.129,96.057515,1,0/329,329,0
https://comptox.epa.gov/dashboard/chemical/details/DTXSID7022174,O-Ethyl O-(p-nitrophenyl phenyl)phosphonothioate,2104-64-5,AIGRXSNSLVJMEA-UHFFFAOYNA-N,O-Ethyl O-(4-nitrophenyl) phenylphosphonothioate,CCOP(=S)(OC1=CC=C(C=C1)[N+]([O-])=O)C1=CC=CC=C1,"InChI=1/C14H14NO4PS/c1-2-18-20(21,14-6-4-3-5-7-14)19-13-10-8-12(9-11-13)15(16)17/h3-11H,2H2,1H3
",C14H14NO4PS,323.3,323.038116,1,101/651,651,16
https://comptox.epa.gov/dashboard/chemical/details/DTXSID7023980,Chlorsulfuron,64902-72-3,VJYIFXVZLXQVHO-UHFFFAOYSA-N,"2-Chloro-N-[(4-methoxy-6-methyl-1,3,5-triazin-2-yl)carbamoyl]benzene-1-sulfonamide",COC1=NC(C)=NC(NC(=O)NS(=O)(=O)C2=C(Cl)C=CC=C2)=N1,"InChI=1S/C12H12ClN5O4S/c1-7-14-10(17-12(15-7)22-2)16-11(19)18-23(20,21)9-6-4-3-5-8(9)13/h3-6H,1-2H3,(H2,14,15,16,17,18,19)
",C12H12ClN5O4S,357.77,357.029853,1,8/511,511,2
https://comptox.epa.gov/dashboard/chemical/details/DTXSID7024031,"(E)-1,2-Dichloroethylene",156-60-5,KFUSEUYYWQURPO-OWOJBTEDSA-N,"(E)-1,2-Dichloroethene",Cl\C=C\Cl,"InChI=1S/C2H2Cl2/c3-1-2-4/h1-2H/b2-1+
",C2H2Cl2,96.94,95.953356,1,3/360,360,1
https://comptox.epa.gov/dashboard/chemical/details/DTXSID7024164,Bensulfuron-methyl,83055-99-6,XMQFTWRPUQYINF-UHFFFAOYSA-N,"Methyl 2-({[(4,6-dimethoxypyrimidin-2-yl)carbamoyl]sulfamoyl}methyl)benzoate",COC(=O)C1=C(CS(=O)(=O)NC(=O)NC2=NC(OC)=CC(OC)=N2)C=CC=C1,"InChI=1S/C16H18N4O7S/c1-25-12-8-13(26-2)18-15(17-12)19-16(22)20-28(23,24)9-10-6-4-5-7-11(10)14(21)27-3/h4-8H,9H2,1-3H3,(H2,17,18,19,20,22)
",C16H18N4O7S,410.4,410.089620,1,9/503,503,2
https://comptox.epa.gov/dashboard/chemical/details/DTXSID7024328,Sulfotep,3689-24-5,XIUROWKZWPIAIB-UHFFFAOYSA-N,"O,O,O,O-Tetraethyl dithiodiphosphate",CCOP(=S)(OCC)OP(=S)(OCC)OCC,"InChI=1S/C8H20O5P2S2/c1-5-9-14(16,10-6-2)13-15(17,11-7-3)12-8-4/h5-8H2,1-4H3
",C8H20O5P2S2,322.31,322.022740,1,48/452,452,11
https://comptox.epa.gov/dashboard/chemical/details/DTXSID7025003,"2,5-Dichlorophenol",583-78-8,RANCECPPZPIPNO-UHFFFAOYSA-N,"2,5-Dichlorophenol",OC1=CC(Cl)=CC=C1Cl,"InChI=1S/C6H4Cl2O/c7-4-1-2-5(8)6(9)3-4/h1-3,9H",C6H4Cl2O,163,161.963920,1,11/484,484,2
https://comptox.epa.gov/dashboard/chemical/details/DTXSID7030066,"2,3,4,7,8-Pentachlorodibenzofuran",57117-31-4,OGBQILNBLMPPDP-UHFFFAOYSA-N,"2,3,4,7,8-Pentachlorodibenzo[b,d]furan",ClC1=CC2=C(C=C1Cl)C1=C(O2)C(Cl)=C(Cl)C(Cl)=C1,"InChI=1S/C12H3Cl5O/c13-6-1-4-5-2-8(15)10(16)11(17)12(5)18-9(4)3-7(6)14/h1-3H
",C12H3Cl5O,340.41,337.862653,1, 
https://comptox.epa.gov/dashboard/chemical/details/DTXSID7034753,Foramsulfuron,173159-57-4,PXDNXJSDGQBLKS-UHFFFAOYSA-N,"2-{[(4,6-Dimethoxypyrimidin-2-yl)carbamoyl]sulfamoyl}-4-formamido-N,N-dimethylbenzamide",COC1=CC(OC)=NC(NC(=O)NS(=O)(=O)C2=C(C=CC(NC=O)=C2)C(=O)N(C)C)=N1,"InChI=1S/C17H20N6O7S/c1-23(2)15(25)11-6-5-10(18-9-24)7-12(11)31(27,28)22-17(26)21-16-19-13(29-3)8-14(20-16)30-4/h5-9H,1-4H3,(H,18,24)(H2,19,20,21,22,26)
",C17H20N6O7S,452.44,452.111418,1,2/255,255,1
https://comptox.epa.gov/dashboard/chemical/details/DTXSID7035012,Zinc,7440-66-6,HCHKCACWOHOZIP-UHFFFAOYSA-N,Zinc,[Zn],"InChI=1S/Zn
",Zn,65.38,63.929142,1, 
https://comptox.epa.gov/dashboard/chemical/details/DTXSID7038317,"3,5,6-Trichloro-2-pyridinol",6515-38-4,WCYYAQFQZQEUEN-UHFFFAOYSA-N,"3,5,6-Trichloropyridin-2-ol",OC1=NC(Cl)=C(Cl)C=C1Cl,"InChI=1S/C5H2Cl3NO/c6-2-1-3(7)5(10)9-4(2)8/h1H,(H,9,10)
",C5H2Cl3NO,198.43,196.920197,1,26/437,437,6
https://comptox.epa.gov/dashboard/chemical/details/DTXSID7038319,3-Hydroxybenz[a]pyrene,13345-21-6,SPUUWWRWIAEPDB-UHFFFAOYSA-N,Benzo[pqr]tetraphen-3-ol,OC1=CC=C2C=CC3=C4C=CC=CC4=CC4=CC=C1C2=C34,"InChI=1S/C20H12O/c21-18-10-7-12-5-8-16-15-4-2-1-3-13(15)11-14-6-9-17(18)19(12)20(14)16/h1-11,21H
",C20H12O,268.315,268.088815,1, 
https://comptox.epa.gov/dashboard/chemical/details/DTXSID7040150,Perfluorohexanesulfonic acid,355-46-4,QZHDEAJFRJCDMF-UHFFFAOYSA-N,Tridecafluorohexane-1-sulfonic acid,OS(=O)(=O)C(F)(F)C(F)(F)C(F)(F)C(F)(F)C(F)(F)C(F)(F)F,"InChI=1S/C6HF13O3S/c7-1(8,3(11,12)5(15,16)17)2(9,10)4(13,14)6(18,19)23(20,21)22/h(H,20,21,22)
",C6HF13O3S,400.11,399.943881,1,28/259,259,11
https://comptox.epa.gov/dashboard/chemical/details/DTXSID7052078,"1,2,3,7,8-Pentachlorodibenzo-p-dioxin",40321-76-4,FSPZPQQWDODWAU-UHFFFAOYSA-N,"1,2,3,7,8-Pentachlorooxanthrene",ClC1=CC2=C(OC3=CC(Cl)=C(Cl)C=C3O2)C(Cl)=C1Cl,"InChI=1S/C12H3Cl5O2/c13-4-1-7-8(2-5(4)14)19-12-9(18-7)3-6(15)10(16)11(12)17/h1-3H
",C12H3Cl5O2,356.4,353.857568,1, 
https://comptox.epa.gov/dashboard/chemical/details/DTXSID7052234,"1,2,3,7,8-Pentachlorodibenzofuran",57117-41-6,SBMIVUVRFPGOEB-UHFFFAOYSA-N,"1,2,3,7,8-Pentachlorodibenzo[b,d]furan",ClC1=CC2=C(C3=CC(Cl)=C(Cl)C=C3O2)C(Cl)=C1Cl,"InChI=1S/C12H3Cl5O/c13-5-1-4-8(2-6(5)14)18-9-3-7(15)11(16)12(17)10(4)9/h1-3H
",C12H3Cl5O,340.41,337.862653,1, 
https://comptox.epa.gov/dashboard/chemical/details/DTXSID7052739,"Succinic acid, mercapto-, O,O-dimethyl phosphorodithioate",1190-28-9,NIUNKPWHNGMQRE-UHFFFAOYNA-N,2-[(Dimethoxyphosphorothioyl)sulfanyl]butanedioic acid,COP(=S)(OC)SC(CC(O)=O)C(O)=O,"InChI=1/C6H11O6PS2/c1-11-13(14,12-2)15-4(6(9)10)3-5(7)8/h4H,3H2,1-2H3,(H,7,8)(H,9,10)
",C6H11O6PS2,274.24,273.973467,1, 
https://comptox.epa.gov/dashboard/chemical/details/DTXSID7073779,"1,2,3,4,6,7,8-Heptabromodibenzofuran",107555-95-3,JISOUFWSRUCDMJ-UHFFFAOYSA-N,"1,2,3,4,6,7,8-Heptabromodibenzo[b,d]furan",BrC1=CC2=C(OC3=C2C(Br)=C(Br)C(Br)=C3Br)C(Br)=C1Br,InChI=1S/C12HBr7O/c13-3-1-2-4-6(15)7(16)8(17)10(19)12(4)20-11(2)9(18)5(3)14/h1H,C12HBr7O,720.467,713.431106,3, 
https://comptox.epa.gov/dashboard/chemical/details/DTXSID7074163,"2,2',3,4,4',5',6-Heptachlorobiphenyl",52663-69-1,KQBFUDNJKCZEDQ-UHFFFAOYSA-N,"2,2',3,4,4',5',6-Heptachloro-1,1'-biphenyl",ClC1=CC(Cl)=C(C=C1Cl)C1=C(Cl)C(Cl)=C(Cl)C=C1Cl,InChI=1S/C12H3Cl7/c13-5-2-7(15)6(14)1-4(5)10-8(16)3-9(17)11(18)12(10)19/h1-3H,C12H3Cl7,395.31,391.805444,2, 
https://comptox.epa.gov/dashboard/chemical/details/DTXSID7074165,"2,3',4,4',5,5'-Hexachlorobiphenyl",52663-72-6,AZXHAWRMEPZSSV-UHFFFAOYSA-N,"2,3',4,4',5,5'-Hexachloro-1,1'-biphenyl",ClC1=CC(Cl)=C(C=C1Cl)C1=CC(Cl)=C(Cl)C(Cl)=C1,"InChI=1S/C12H4Cl6/c13-7-4-9(15)8(14)3-6(7)5-1-10(16)12(18)11(17)2-5/h1-4H
",C12H4Cl6,360.86,357.844416,1, 
https://comptox.epa.gov/dashboard/chemical/details/DTXSID7074167,"2,2',3,3',4,5,5'-Heptachlorobiphenyl",52663-74-8,HOPMUCXYRNOABF-UHFFFAOYSA-N,"2,2',3,3',4,5,5'-Heptachloro-1,1'-biphenyl",ClC1=CC(=C(Cl)C(Cl)=C1)C1=C(Cl)C(Cl)=C(Cl)C(Cl)=C1,InChI=1S/C12H3Cl7/c13-4-1-5(9(16)7(14)2-4)6-3-8(15)11(18)12(19)10(6)17/h1-3H,C12H3Cl7,395.31,391.805444,2, 
https://comptox.epa.gov/dashboard/chemical/details/DTXSID7074169,"2,2',3,4,4',5,5',6-Octachlorobiphenyl",52663-76-0,DCPDZFRGNJDWPP-UHFFFAOYSA-N,"2,2',3,4,4',5,5',6-Octachloro-1,1'-biphenyl",ClC1=CC(Cl)=C(C=C1Cl)C1=C(Cl)C(Cl)=C(Cl)C(Cl)=C1Cl,InChI=1S/C12H2Cl8/c13-4-2-6(15)5(14)1-3(4)7-8(16)10(18)12(20)11(19)9(7)17/h1-2H,C12H2Cl8,429.75,425.766472,1, 
https://comptox.epa.gov/dashboard/chemical/details/DTXSID7074828,Arsenous acid,13464-58-9,GCPXMJHSNVMWNM-UHFFFAOYSA-N,Arsorous acid,O[As](O)O,"InChI=1S/AsH3O3/c2-1(3)4/h2-4H
",AsH3O3,125.943,125.929814,1, 
https://comptox.epa.gov/dashboard/chemical/details/DTXSID70858838,"2,2',4,4',5,5'-Hexabromobiphenyl",59080-40-9,HMBBJSKXDBUNNT-UHFFFAOYSA-N,"2,2',4,4',5,5'-Hexabromo-1,1'-biphenyl",BrC1=CC(Br)=C(C=C1Br)C1=C(Br)C=C(Br)C(Br)=C1,InChI=1S/C12H4Br6/c13-7-3-11(17)9(15)1-5(7)6-2-10(16)12(18)4-8(6)14/h1-4H,C12H4Br6,627.588,621.541328,1, 
https://comptox.epa.gov/dashboard/chemical/details/DTXSID70862718,Ethyl dihydrogen phosphate,1623-14-9,ZJXZSIYSNXKHEA-UHFFFAOYSA-N,Ethyl dihydrogen phosphate,CCOP(O)(O)=O,"InChI=1S/C2H7O4P/c1-2-6-7(3,4)5/h2H2,1H3,(H2,3,4,5)
",C2H7O4P,126.048,126.008196,1, 
https://comptox.epa.gov/dashboard/chemical/details/DTXSID70904324,Acetochlor mercapturate,674808-38-9,GHLGULDIYITSCS-INIZCTEOSA-N,N-Acetyl-S-{2-[(ethoxymethyl)(2-ethyl-6-methylphenyl)amino]-2-oxoethyl}-L-cysteine,CCOCN(C(=O)CSC[C@H](NC(C)=O)C(O)=O)C1=C(CC)C=CC=C1C,"InChI=1S/C19H28N2O5S/c1-5-15-9-7-8-13(3)18(15)21(12-26-6-2)17(23)11-27-10-16(19(24)25)20-14(4)22/h7-9,16H,5-6,10-12H2,1-4H3,(H,20,22)(H,24,25)/t16-/m0/s1
",C19H28N2O5S,396.5,396.171893,1, 
https://comptox.epa.gov/dashboard/chemical/details/DTXSID8020040,Aldrin,309-00-2,QBYJBZPUGVGKQQ-SJJAEHHWNA-N,"(1R,4S,4aS,5S,8R,8aR)-1,2,3,4,10,10-Hexachloro-1,4,4a,5,8,8a-hexahydro-1,4:5,8-dimethanonaphthalene",[H][C@]12C[C@]([H])(C=C1)[C@]1([H])[C@@]2([H])[C@]2(Cl)C(Cl)=C(Cl)[C@@]1(Cl)C2(Cl)Cl,"InChI=1/C12H8Cl6/c13-8-9(14)11(16)7-5-2-1-4(3-5)6(7)10(8,15)12(11,17)18/h1-2,4-7H,3H2/t4-,5+,6+,7-,10+,11-
",C12H8Cl6,364.9,361.875717,1,243/643,643,38
https://comptox.epa.gov/dashboard/chemical/details/DTXSID8020250,Carbon tetrachloride,56-23-5,VZGDMQKNWNREIO-UHFFFAOYSA-N,Tetrachloromethane,ClC(Cl)(Cl)Cl,"InChI=1S/CCl4/c2-1(3,4)5
",CCl4,153.81,151.875411,1,1/244,244,0
https://comptox.epa.gov/dashboard/chemical/details/DTXSID8020381,Deltamethrin,52918-63-5,OWZREIFADZCYQD-NSHGMRRFSA-N,"(S)-Cyano(3-phenoxyphenyl)methyl (1R,3R)-3-(2,2-dibromoethenyl)-2,2-dimethylcyclopropane-1-carboxylate",CC1(C)[C@@H](C=C(Br)Br)[C@H]1C(=O)O[C@H](C#N)C1=CC=CC(OC2=CC=CC=C2)=C1,"InChI=1S/C22H19Br2NO3/c1-22(2)17(12-19(23)24)20(22)21(26)28-18(13-25)14-7-6-10-16(11-14)27-15-8-4-3-5-9-15/h3-12,17-18,20H,1-2H3/t17-,18+,20-/m0/s1
",C22H19Br2NO3,505.206,502.973169,1,107/552,552,19
https://comptox.epa.gov/dashboard/chemical/details/DTXSID8020620,Fenthion,55-38-9,PNVJTZOFSHSLTO-UHFFFAOYSA-N,"O,O-Dimethyl O-[3-methyl-4-(methylsulfanyl)phenyl] phosphorothioate",COP(=S)(OC)OC1=CC(C)=C(SC)C=C1,"InChI=1S/C10H15O3PS2/c1-8-7-9(5-6-10(8)16-4)13-14(15,11-2)12-3/h5-7H,1-4H3
",C10H15O3PS2,278.32,278.020024,1,118/752,752,16
https://comptox.epa.gov/dashboard/chemical/details/DTXSID8020913,Naphthalene,91-20-3,UFWIBTONFRDIAS-UHFFFAOYSA-N,Naphthalene,C1=CC2=CC=CC=C2C=C1,"InChI=1S/C10H8/c1-2-6-10-8-4-3-7-9(10)5-1/h1-8H
",C10H8,128.174,128.062600,1,16/638,638,3
https://comptox.epa.gov/dashboard/chemical/details/DTXSID80209993,Phenylglyoxylic acid,611-73-4,FAQJJMHZNSSFSM-UHFFFAOYSA-N,Oxo(phenyl)acetic acid,OC(=O)C(=O)C1=CC=CC=C1,"InChI=1S/C8H6O3/c9-7(8(10)11)6-4-2-1-3-5-6/h1-5H,(H,10,11)",C8H6O3,150.133,150.031694,2, 
https://comptox.epa.gov/dashboard/chemical/details/DTXSID8021434,Vinyl chloride,75-01-4,BZHJMEDXRYGGRV-UHFFFAOYSA-N,Chloroethene,ClC=C,"InChI=1S/C2H3Cl/c1-2-3/h2H,1H2
",C2H3Cl,62.5,61.992328,1, 
https://comptox.epa.gov/dashboard/chemical/details/DTXSID8021438,"1,1-Dichloroethylene",75-35-4,LGXVIGDEPROXKC-UHFFFAOYSA-N,"1,1-Dichloroethene",ClC(Cl)=C,"InChI=1S/C2H2Cl2/c1-2(3)4/h1H2
",C2H2Cl2,96.94,95.953356,1,3/328,328,1
https://comptox.epa.gov/dashboard/chemical/details/DTXSID80215817,"Arsonic acid, methyl-, iron(2+) salt (3:2)",65513-69-1,UPHVDBIPEJJINY-UHFFFAOYSA-L,Iron(2+) methylarsonate,[Fe++].C[As]([O-])([O-])=O,"InChI=1S/CH5AsO3.Fe/c1-2(3,4)5;/h1H3,(H2,3,4,5);/q;+2/p-2",CH3AsFeO3,193.799,193.864750,4, 
https://comptox.epa.gov/dashboard/chemical/details/DTXSID80216167,2-Chrysenol,65945-06-4,RSBSTIBFPNNSTH-UHFFFAOYSA-N,Chrysen-2-ol,OC1=CC2=C(C=C1)C1=C(C=C2)C2=CC=CC=C2C=C1,"InChI=1S/C18H12O/c19-14-7-10-16-13(11-14)6-9-17-15-4-2-1-3-12(15)5-8-18(16)17/h1-11,19H",C18H12O,244.293,244.088815,2, 
https://comptox.epa.gov/dashboard/chemical/details/DTXSID8022292,Permethrin,52645-53-1,RLLPVAHGXHCWKJ-UHFFFAOYNA-N,"(3-Phenoxyphenyl)methyl 3-(2,2-dichloroethenyl)-2,2-dimethylcyclopropane-1-carboxylate",CC1(C)C(C=C(Cl)Cl)C1C(=O)OCC1=CC(OC2=CC=CC=C2)=CC=C1,"InChI=1/C21H20Cl2O3/c1-21(2)17(12-18(22)23)19(21)20(24)25-13-14-7-6-10-16(11-14)26-15-8-4-3-5-9-15/h3-12,17,19H,13H2,1-2H3
",C21H20Cl2O3,391.29,390.078950,1,103/803,803,13
https://comptox.epa.gov/dashboard/chemical/details/DTXSID8023846,Acephate,30560-19-1,YASYVMFAVPKPKE-UHFFFAOYNA-N,"O,S-Dimethyl N-acetylphosphoramidothioate",COP(=O)(NC(C)=O)SC,"InChI=1/C4H10NO3PS/c1-4(6)5-9(7,8-2)10-3/h1-3H3,(H,5,6,7)
",C4H10NO3PS,183.16,183.011901,1,16/757,757,2
https://comptox.epa.gov/dashboard/chemical/details/DTXSID8023848,Acetochlor,34256-82-1,VTNQPKFIQCLBDU-UHFFFAOYSA-N,2-Chloro-N-(ethoxymethyl)-N-(2-ethyl-6-methylphenyl)acetamide,CCOCN(C(=O)CCl)C1=C(CC)C=CC=C1C,"InChI=1S/C14H20ClNO2/c1-4-12-8-6-7-11(3)14(12)16(10-18-5-2)13(17)9-15/h6-8H,4-5,9-10H2,1-3H3
",C14H20ClNO2,269.77,269.118257,1,177/734,734,24
https://comptox.epa.gov/dashboard/chemical/details/DTXSID8023894,Barium,7440-39-3,DSAJWYNOEDNPEQ-UHFFFAOYSA-N,Barium,[Ba],InChI=1S/Ba.2H,Ba,137.327,137.905247,2, 
https://comptox.epa.gov/dashboard/chemical/details/DTXSID8024105,Fluorene,86-73-7,NIHNNTQXNPWCJQ-UHFFFAOYSA-N,9H-Fluorene,C1C2=C(C=CC=C2)C2=C1C=CC=C2,"InChI=1S/C13H10/c1-3-7-12-10(5-1)9-11-6-2-4-8-13(11)12/h1-8H,9H2
",C13H10,166.223,166.078250,1,19/627,627,3
https://comptox.epa.gov/dashboard/chemical/details/DTXSID8024864,Crotonaldehyde,4170-30-3,MLUCVPSAIODCQM-UHFFFAOYSA-N,But-2-enal,CC=CC=O,"InChI=1S/C4H6O/c1-2-3-4-5/h2-4H,1H3
",C4H6O,70.091,70.041865,1,2/244,244,1
https://comptox.epa.gov/dashboard/chemical/details/DTXSID8025541,Oxydemeton-methyl,301-12-2,PMCVMORKVPSKHZ-UHFFFAOYNA-N,"S-[2-(Ethanesulfinyl)ethyl] O,O-dimethyl phosphorothioate",CCS(=O)CCSP(=O)(OC)OC,"InChI=1/C6H15O4PS2/c1-4-13(8)6-5-12-11(7,9-2)10-3/h4-6H2,1-3H3
",C6H15O4PS2,246.28,246.014938,1, 
https://comptox.epa.gov/dashboard/chemical/details/DTXSID8026195,"1,3,5-Trichlorobenzene",108-70-3,XKEFYDZQGKAQCN-UHFFFAOYSA-N,"1,3,5-Trichlorobenzene",ClC1=CC(Cl)=CC(Cl)=C1,InChI=1S/C6H3Cl3/c7-4-1-5(8)3-6(9)2-4/h1-3H,C6H3Cl3,181.44,179.930033,1,0/244,244,0
https://comptox.epa.gov/dashboard/chemical/details/DTXSID8031861,Perfluorododecanoic acid,307-55-1,CXGONMQFMIYUJR-UHFFFAOYSA-N,Tricosafluorododecanoic acid,OC(=O)C(F)(F)C(F)(F)C(F)(F)C(F)(F)C(F)(F)C(F)(F)C(F)(F)C(F)(F)C(F)(F)C(F)(F)C(F)(F)F,"InChI=1S/C12HF23O2/c13-2(14,1(36)37)3(15,16)4(17,18)5(19,20)6(21,22)7(23,24)8(25,26)9(27,28)10(29,30)11(31,32)12(33,34)35/h(H,36,37)
",C12HF23O2,614.101,613.960927,1, 
https://comptox.epa.gov/dashboard/chemical/details/DTXSID8031863,Perfluorononanoic acid,375-95-1,UZUFPBIDKMEQEQ-UHFFFAOYSA-N,Heptadecafluorononanoic acid,OC(=O)C(F)(F)C(F)(F)C(F)(F)C(F)(F)C(F)(F)C(F)(F)C(F)(F)C(F)(F)F,"InChI=1S/C9HF17O2/c10-2(11,1(27)28)3(12,13)4(14,15)5(16,17)6(18,19)7(20,21)8(22,23)9(24,25)26/h(H,27,28)
",C9HF17O2,464.078,463.970508,1,239/764,764,31
https://comptox.epa.gov/dashboard/chemical/details/DTXSID8031865,Perfluorooctanoic acid,335-67-1,SNGREZUHAYWORS-UHFFFAOYSA-N,Pentadecafluorooctanoic acid,OC(=O)C(F)(F)C(F)(F)C(F)(F)C(F)(F)C(F)(F)C(F)(F)C(F)(F)F,"InChI=1S/C8HF15O2/c9-2(10,1(24)25)3(11,12)4(13,14)5(15,16)6(17,18)7(19,20)8(21,22)23/h(H,24,25)
",C8HF15O2,414.07,413.973702,1,97/959,959,10
https://comptox.epa.gov/dashboard/chemical/details/DTXSID8032463,Primisulfuron-methyl,86209-51-0,ZTYVMAQSHCZXLF-UHFFFAOYSA-N,"Methyl 2-({[4,6-bis(difluoromethoxy)pyrimidin-2-yl]carbamoyl}sulfamoyl)benzoate",COC(=O)C1=C(C=CC=C1)S(=O)(=O)NC(=O)NC1=NC(OC(F)F)=CC(OC(F)F)=N1,"InChI=1S/C15H12F4N4O7S/c1-28-11(24)7-4-2-3-5-8(7)31(26,27)23-15(25)22-14-20-9(29-12(16)17)6-10(21-14)30-13(18)19/h2-6,12-13H,1H3,(H2,20,21,22,23,25)
",C15H12F4N4O7S,468.34,468.036283,1,8/264,264,3
https://comptox.epa.gov/dashboard/chemical/details/DTXSID8038300,"2,2',3,4,4',5'-Hexachlorobiphenyl",35065-28-2,RPUMZMSNLZHIGZ-UHFFFAOYSA-N,"2,2',3,4,4',5'-Hexachloro-1,1'-biphenyl",ClC1=CC(Cl)=C(C=C1Cl)C1=C(Cl)C(Cl)=C(Cl)C=C1,"InChI=1S/C12H4Cl6/c13-7-2-1-5(11(17)12(7)18)6-3-9(15)10(16)4-8(6)14/h1-4H
",C12H4Cl6,360.86,357.844416,1, 
https://comptox.epa.gov/dashboard/chemical/details/DTXSID8038302,"2,2',3,5'-tetrachlorobiphenyl",41464-39-5,ALDJIKXAHSDLLB-UHFFFAOYSA-N,"2,2',3,5'-Tetrachloro-1,1'-biphenyl",ClC1=CC(=C(Cl)C=C1)C1=C(Cl)C(Cl)=CC=C1,"InChI=1S/C12H6Cl4/c13-7-4-5-10(14)9(6-7)8-2-1-3-11(15)12(8)16/h1-6H
",C12H6Cl4,291.98,289.922361,1, 
https://comptox.epa.gov/dashboard/chemical/details/DTXSID8038304,"2,2',4,5,5'-Pentachlorobiphenyl",37680-73-2,LAHWLEDBADHJGA-UHFFFAOYSA-N,"2,2',4,5,5'-Pentachloro-1,1'-biphenyl",ClC1=CC(=C(Cl)C=C1)C1=C(Cl)C=C(Cl)C(Cl)=C1,"InChI=1S/C12H5Cl5/c13-6-1-2-9(14)7(3-6)8-4-11(16)12(17)5-10(8)15/h1-5H
",C12H5Cl5,326.42,323.883389,1, 
https://comptox.epa.gov/dashboard/chemical/details/DTXSID8038306,"2,3,3',4,4'-Pentachlorobiphenyl",32598-14-4,WIDHRBRBACOVOY-UHFFFAOYSA-N,"2,3,3',4,4'-Pentachloro-1,1'-biphenyl",ClC1=C(Cl)C=C(C=C1)C1=C(Cl)C(Cl)=C(Cl)C=C1,"InChI=1S/C12H5Cl5/c13-8-3-1-6(5-10(8)15)7-2-4-9(14)12(17)11(7)16/h1-5H
",C12H5Cl5,326.42,323.883389,1, 
https://comptox.epa.gov/dashboard/chemical/details/DTXSID8040274,Dichlofenthion,97-17-6,WGOWCPGHOCIHBW-UHFFFAOYSA-N,"O-(2,4-Dichlorophenyl) O,O-diethyl phosphorothioate",CCOP(=S)(OCC)OC1=CC=C(Cl)C=C1Cl,"InChI=1S/C10H13Cl2O3PS/c1-3-13-16(17,14-4-2)15-10-6-5-8(11)7-9(10)12/h5-7H,3-4H2,1-2H3",C10H13Cl2O3PS,315.14,313.970008,1,22/341,341,6
https://comptox.epa.gov/dashboard/chemical/details/DTXSID8042058,Isazophos-methyl,42509-83-1,DGBPBDHXEBEPBN-UHFFFAOYSA-N,"O-[5-Chloro-1-(propan-2-yl)-1H-1,2,4-triazol-3-yl] O,O-dimethyl phosphorothioate",COP(=S)(OC)OC1=NN(C(C)C)C(Cl)=N1,"InChI=1S/C7H13ClN3O3PS/c1-5(2)11-6(8)9-7(10-11)14-15(16,12-3)13-4/h5H,1-4H3
",C7H13ClN3O3PS,285.68,285.010377,1, 
https://comptox.epa.gov/dashboard/chemical/details/DTXSID8042349,Prothiofos,34643-46-4,FITIWKDOCAUBQD-UHFFFAOYNA-N,"O-(2,4-Dichlorophenyl) O-ethyl S-propyl phosphorodithioate",CCCSP(=S)(OCC)OC1=C(Cl)C=C(Cl)C=C1,"InChI=1S/C11H15Cl2O2PS2/c1-3-7-18-16(17,14-4-2)15-11-6-5-9(12)8-10(11)13/h5-6,8H,3-4,7H2,1-2H3",C11H15Cl2O2PS2,345.23,343.962814,1,32/341,341,9
https://comptox.epa.gov/dashboard/chemical/details/DTXSID8047553,Perfluoroundecanoic acid,2058-94-8,SIDINRCMMRKXGQ-UHFFFAOYSA-N,Henicosafluoroundecanoic acid,OC(=O)C(F)(F)C(F)(F)C(F)(F)C(F)(F)C(F)(F)C(F)(F)C(F)(F)C(F)(F)C(F)(F)C(F)(F)F,"InChI=1S/C11HF21O2/c12-2(13,1(33)34)3(14,15)4(16,17)5(18,19)6(20,21)7(22,23)8(24,25)9(26,27)10(28,29)11(30,31)32/h(H,33,34)
",C11HF21O2,564.093,563.964121,1,206/765,765,27
https://comptox.epa.gov/dashboard/chemical/details/DTXSID8047763,Thiocyanate,302-04-5,ZMZDMBWJUHKJPS-UHFFFAOYSA-M,Thiocyanate,[S-]C#N,"InChI=1S/CHNS/c2-1-3/h3H/p-1
",CNS,58.08,57.975694,1, 
https://comptox.epa.gov/dashboard/chemical/details/DTXSID8052067,"1,2,3,4,7,8-Hexachlorodibenzodioxin",39227-28-6,WCYYQNSQJHPVMG-UHFFFAOYSA-N,"1,2,3,4,7,8-Hexachlorooxanthrene",ClC1=C(Cl)C=C2OC3=C(OC2=C1)C(Cl)=C(Cl)C(Cl)=C3Cl,"InChI=1S/C12H2Cl6O2/c13-3-1-5-6(2-4(3)14)20-12-10(18)8(16)7(15)9(17)11(12)19-5/h1-2H
",C12H2Cl6O2,390.85,387.818596,1, 
https://comptox.epa.gov/dashboard/chemical/details/DTXSID8052350,"1,2,3,4,6,7,8-Heptachlorodibenzo[b,d]furan",67562-39-4,WDMKCPIVJOGHBF-UHFFFAOYSA-N,"1,2,3,4,6,7,8-Heptachlorodibenzo[b,d]furan",ClC1=CC2=C(OC3=C(Cl)C(Cl)=C(Cl)C(Cl)=C23)C(Cl)=C1Cl,"InChI=1S/C12HCl7O/c13-3-1-2-4-6(15)7(16)8(17)10(19)12(4)20-11(2)9(18)5(3)14/h1H
",C12HCl7O,409.29,405.784709,1, 
https://comptox.epa.gov/dashboard/chemical/details/DTXSID8052481,Tungsten,7440-33-7,WFKWXMTUELFFGS-UHFFFAOYSA-N,Tungsten,[W],"InChI=1S/W
",W,183.84,183.950931,2, 
https://comptox.epa.gov/dashboard/chemical/details/DTXSID8052693,"2,2',3,4,4',5',6-Heptabromodiphenyl ether",207122-16-5,ILPSCQCLBHQUEM-UHFFFAOYSA-N,"1,2,3,5-Tetrabromo-4-(2,4,5-tribromophenoxy)benzene",BrC1=CC(Br)=C(OC2=C(Br)C=C(Br)C(Br)=C2Br)C=C1Br,"InChI=1S/C12H3Br7O/c13-4-1-6(15)9(3-5(4)14)20-12-8(17)2-7(16)10(18)11(12)19/h1-3H
",C12H3Br7O,722.483,715.446756,1,0/81,81,0
https://comptox.epa.gov/dashboard/chemical/details/DTXSID8052722,Phenanthren-2-ol,605-55-0,YPWLZGITFNGGKW-UHFFFAOYSA-N,Phenanthren-2-ol,OC1=CC2=CC=C3C=CC=CC3=C2C=C1,"InChI=1S/C14H10O/c15-12-7-8-14-11(9-12)6-5-10-3-1-2-4-13(10)14/h1-9,15H
",C14H10O,194.233,194.073165,1, 
https://comptox.epa.gov/dashboard/chemical/details/DTXSID8052724,3-Chloro-7-hydroxy-4-methyl-2-benzopyrone,6174-86-3,ODZHLDRQCZXQFQ-UHFFFAOYSA-N,3-Chloro-7-hydroxy-4-methyl-2H-1-benzopyran-2-one,CC1=C(Cl)C(=O)OC2=C1C=CC(O)=C2,"InChI=1S/C10H7ClO3/c1-5-7-3-2-6(12)4-8(7)14-10(13)9(5)11/h2-4,12H,1H3
",C10H7ClO3,210.61,210.008372,1,38/209,209,18
https://comptox.epa.gov/dashboard/chemical/details/DTXSID8052726,Mono(3-carboxypropyl)phthalate,66851-46-5,IYTPMLIWBZMBSL-UHFFFAOYSA-N,2-[(3-Carboxypropoxy)carbonyl]benzoic acid,OC(=O)CCCOC(=O)C1=C(C=CC=C1)C(O)=O,"InChI=1S/C12H12O6/c13-10(14)6-3-7-18-12(17)9-5-2-1-4-8(9)11(15)16/h1-2,4-5H,3,6-7H2,(H,13,14)(H,15,16)
",C12H12O6,252.222,252.063388,1,0/3,3,0
https://comptox.epa.gov/dashboard/chemical/details/DTXSID8058118,Naproanilide,52570-16-8,LVKTWOXHRYGDMM-UHFFFAOYNA-N,2-[(Naphthalen-2-yl)oxy]-N-phenylpropanimidic acid,CC(OC1=CC2=CC=CC=C2C=C1)C(O)=NC1=CC=CC=C1,"InChI=1S/C19H17NO2/c1-14(19(21)20-17-9-3-2-4-10-17)22-18-12-11-15-7-5-6-8-16(15)13-18/h2-14H,1H3,(H,20,21)",C19H17NO2,291.35,291.125929,1, 
https://comptox.epa.gov/dashboard/chemical/details/DTXSID8073473,"2,4,4',5-Tetrachlorobiphenyl",32690-93-0,TULCXSBAPHCWCF-UHFFFAOYSA-N,"2,4,4',5-Tetrachloro-1,1'-biphenyl",ClC1=CC=C(C=C1)C1=C(Cl)C=C(Cl)C(Cl)=C1,InChI=1S/C12H6Cl4/c13-8-3-1-7(2-4-8)9-5-11(15)12(16)6-10(9)14/h1-6H,C12H6Cl4,291.98,289.922361,2, 
https://comptox.epa.gov/dashboard/chemical/details/DTXSID8073508,"2,2',4,5'-Tetrachlorobiphenyl",41464-40-8,ZWPVHELAQPIZHO-UHFFFAOYSA-N,"2,2',4,5'-Tetrachloro-1,1'-biphenyl",ClC1=CC(Cl)=C(C=C1)C1=C(Cl)C=CC(Cl)=C1,"InChI=1S/C12H6Cl4/c13-7-2-4-11(15)10(5-7)9-3-1-8(14)6-12(9)16/h1-6H
",C12H6Cl4,291.98,289.922361,1, 
https://comptox.epa.gov/dashboard/chemical/details/DTXSID8074158,"2,2',3,4',5,5'-Hexachlorobiphenyl",51908-16-8,BQHCQAQLTCQFJZ-UHFFFAOYSA-N,"2,2',3,4',5,5'-Hexachloro-1,1'-biphenyl",ClC1=CC(=C(Cl)C(Cl)=C1)C1=C(Cl)C=C(Cl)C(Cl)=C1,InChI=1S/C12H4Cl6/c13-5-1-7(12(18)11(17)2-5)6-3-9(15)10(16)4-8(6)14/h1-4H,C12H4Cl6,360.86,357.844416,3, 
https://comptox.epa.gov/dashboard/chemical/details/DTXSID8074231,"2,3,3',4,4',6-Hexachlorobiphenyl",74472-42-7,ZQUPQXINXTWCQR-UHFFFAOYSA-N,"2,3,3',4,4',6-Hexachloro-1,1'-biphenyl",ClC1=CC=C(C=C1Cl)C1=C(Cl)C(Cl)=C(Cl)C=C1Cl,InChI=1S/C12H4Cl6/c13-6-2-1-5(3-7(6)14)10-8(15)4-9(16)11(17)12(10)18/h1-4H,C12H4Cl6,360.86,357.844416,1, 
https://comptox.epa.gov/dashboard/chemical/details/DTXSID80873153,Arsenocholine,39895-81-3,ORLOBEXOFQEWFQ-UHFFFAOYSA-N,(2-Hydroxyethyl)(trimethyl)arsanium,C[As+](C)(C)CCO,"InChI=1S/C5H14AsO/c1-6(2,3)4-5-7/h7H,4-5H2,1-3H3/q+1",C5H14AsO,165.087,165.025511,1, 
https://comptox.epa.gov/dashboard/chemical/details/DTXSID80891695,Hexachlorocyclohexane,27154-44-5,,,,,,, ,1, 
https://comptox.epa.gov/dashboard/chemical/details/DTXSID80925585,"S-(2,2-Dichloroethenyl)-N-(1-hydroxyethylidene)cysteine",126543-43-9,VDYGORWCAPEHPX-YFKPBYRVSA-N,"S-(2,2-Dichloroethenyl)-N-(1-hydroxyethylidene)-L-cysteine",[H][C@@](CSC=C(Cl)Cl)(N=C(C)O)C(O)=O,"InChI=1S/C7H9Cl2NO3S/c1-4(11)10-5(7(12)13)2-14-3-6(8)9/h3,5H,2H2,1H3,(H,10,11)(H,12,13)/t5-/m0/s1",C7H9Cl2NO3S,258.11,256.968020,5, 
https://comptox.epa.gov/dashboard/chemical/details/DTXSID90160763,Atrazine mercapturate,138722-96-0,JYBXBVCDDNBLJW-VIFPVBQESA-N,"N-Acetyl-S-{4-(ethylamino)-6-[(propan-2-yl)amino]-1,3,5-triazin-2-yl}-L-cysteine",CCNC1=NC(NC(C)C)=NC(SC[C@H](NC(C)=O)C(O)=O)=N1,"InChI=1S/C13H22N6O3S/c1-5-14-11-17-12(15-7(2)3)19-13(18-11)23-6-9(10(21)22)16-8(4)20/h7,9H,5-6H2,1-4H3,(H,16,20)(H,21,22)(H2,14,15,17,18,19)/t9-/m0/s1
",C13H22N6O3S,342.42,342.147410,2, 
https://comptox.epa.gov/dashboard/chemical/details/DTXSID90181579,3-Methylhippuric acid,27115-49-7,YKAKNMHEIJUKEX-UHFFFAOYSA-N,N-(3-Methylbenzoyl)glycine,CC1=CC(=CC=C1)C(=O)NCC(O)=O,"InChI=1S/C10H11NO3/c1-7-3-2-4-8(5-7)10(14)11-6-9(12)13/h2-5H,6H2,1H3,(H,11,14)(H,12,13)
",C10H11NO3,193.202,193.073893,1, 
https://comptox.epa.gov/dashboard/chemical/details/DTXSID90195272,2-(Diethylamino)-6-methyl-1H-pyrimidin-4-one,42487-72-9,NQCPECCCWDWTJJ-UHFFFAOYSA-N,2-(Diethylamino)-6-methylpyrimidin-4(1H)-one,CCN(CC)C1=NC(=O)C=C(C)N1,"InChI=1S/C9H15N3O/c1-4-12(5-2)9-10-7(3)6-8(13)11-9/h6H,4-5H2,1-3H3,(H,10,11,13)
",C9H15N3O,181.239,181.121512,2, 
https://comptox.epa.gov/dashboard/chemical/details/DTXSID9020112,Atrazine,1912-24-9,MXWJVTOOROXGIU-UHFFFAOYSA-N,"6-Chloro-N~2~-ethyl-N~4~-(propan-2-yl)-1,3,5-triazine-2,4-diamine",CCNC1=NC(NC(C)C)=NC(Cl)=N1,"InChI=1S/C8H14ClN5/c1-4-10-7-12-6(9)13-8(14-7)11-5(2)3/h5H,4H2,1-3H3,(H2,10,11,12,13,14)
",C8H14ClN5,215.69,215.093773,1,57/761,761,7
https://comptox.epa.gov/dashboard/chemical/details/DTXSID9020247,Carbaryl,63-25-2,CVXBEEMKQHEXEN-UHFFFAOYSA-N,Naphthalen-1-yl methylcarbamate,CNC(=O)OC1=C2C=CC=CC2=CC=C1,"InChI=1S/C12H11NO2/c1-13-12(14)15-11-8-4-6-9-5-2-3-7-10(9)11/h2-8H,1H3,(H,13,14)
",C12H11NO2,201.225,201.078979,1,104/752,752,14
https://comptox.epa.gov/dashboard/chemical/details/DTXSID9020249,Carbofuran,1563-66-2,DUEPRVBVGDRKAG-UHFFFAOYSA-N,"2,2-Dimethyl-2,3-dihydro-1-benzofuran-7-yl methylcarbamate",CNC(=O)OC1=CC=CC2=C1OC(C)(C)C2,"InChI=1S/C12H15NO3/c1-12(2)7-8-5-4-6-9(10(8)16-12)15-11(14)13-3/h4-6H,7H2,1-3H3,(H,13,14)
",C12H15NO3,221.256,221.105193,1,48/663,663,7
https://comptox.epa.gov/dashboard/chemical/details/DTXSID9020374,"p,p'-DDE",72-55-9,UCNVFOCBFJOQAL-UHFFFAOYSA-N,"1,1'-(2,2-Dichloroethene-1,1-diyl)bis(4-chlorobenzene)",ClC(Cl)=C(C1=CC=C(Cl)C=C1)C1=CC=C(Cl)C=C1,"InChI=1S/C14H8Cl4/c15-11-5-1-9(2-6-11)13(14(17)18)10-3-7-12(16)8-4-10/h1-8H
",C14H8Cl4,318.02,315.938011,1,232/712,712,33
https://comptox.epa.gov/dashboard/chemical/details/DTXSID9020376,"2,2',3,3',4,4',5,5',6,6'-Decabromodiphenyl ether",1163-19-5,WHHGLZMJPXIBIX-UHFFFAOYSA-N,"1,1'-Oxybis(pentabromobenzene)",BrC1=C(Br)C(Br)=C(OC2=C(Br)C(Br)=C(Br)C(Br)=C2Br)C(Br)=C1Br,"InChI=1S/C12Br10O/c13-1-3(15)7(19)11(8(20)4(1)16)23-12-9(21)5(17)2(14)6(18)10(12)22
",C12Br10O,959.171,949.178295,1,0/214,214,0
https://comptox.epa.gov/dashboard/chemical/details/DTXSID9020407,Diazinon,333-41-5,FHIVAFMUCKRCQO-UHFFFAOYSA-N,"O,O-Diethyl O-[6-methyl-2-(propan-2-yl)pyrimidin-4-yl] phosphorothioate",CCOP(=S)(OCC)OC1=NC(=NC(C)=C1)C(C)C,"InChI=1S/C12H21N2O3PS/c1-6-15-18(19,16-7-2)17-11-8-10(5)13-12(14-11)9(3)4/h8-9H,6-7H2,1-5H3
",C12H21N2O3PS,304.34,304.101051,1,90/742,742,12
https://comptox.epa.gov/dashboard/chemical/details/DTXSID9020453,Dieldrin,60-57-1,DFBKLUNHFCTMDC-PICURKEMNA-N,"rel-(1aR,2R,2aS,6R,6aR,7S,7aS)-3,4,5,6,9,9-Hexachloro-1a,2,2a,3,6,6a,7,7a-octahydro-2,7:3,6-dimethanonaphtho[2,3-b]oxirene",[H][C@]12O[C@@]1([H])[C@@]1([H])C[C@]2([H])[C@@]2([H])[C@]1([H])[C@@]1(Cl)C(Cl)=C(Cl)[C@]2(Cl)C1(Cl)Cl,"InChI=1/C12H8Cl6O/c13-8-9(14)11(16)5-3-1-2(6-7(3)19-6)4(5)10(8,15)12(11,17)18/h2-7H,1H2/t2-,3+,4+,5-,6-,7+,10+,11-
",C12H8Cl6O,380.9,377.870631,1,203/672,672,30
https://comptox.epa.gov/dashboard/chemical/details/DTXSID9020794,Maneb,12427-38-2,YKSNLCVSTHTHJA-UHFFFAOYSA-L,"[{2-[(Sulfanylcarbonothioyl)amino]ethyl}carbamodithioato(2-)-kappa~2~S,S']manganese",S=C1NCCNC(=S)S[Mn]S1,"InChI=1S/C4H8N2S4.Mn/c7-3(8)5-1-2-6-4(9)10;/h1-2H2,(H2,5,7,8)(H2,6,9,10);/q;+2/p-2
",C4H6MnN2S4,265.28,264.879427,1,217/848,848,26
https://comptox.epa.gov/dashboard/chemical/details/DTXSID9021261,Selenium,7782-49-2,BUGBHKTXTAQXES-UHFFFAOYSA-N,Selenium,[Se],"InChI=1S/Se
",Se,78.971,79.916522,1, 
https://comptox.epa.gov/dashboard/chemical/details/DTXSID9022310,Daidzein,486-66-8,ZQSIJRDFPHDXIC-UHFFFAOYSA-N,7-Hydroxy-3-(4-hydroxyphenyl)-4H-1-benzopyran-4-one,[H]C1=CC(O)=CC2=C1C(=O)C(=CO2)C1=CC=C(O)C=C1,"InChI=1S/C15H10O4/c16-10-3-1-9(2-4-10)13-8-19-14-7-11(17)5-6-12(14)15(13)18/h1-8,16-17H
",C15H10O4,254.241,254.057909,1,101/668,668,15
https://comptox.epa.gov/dashboard/chemical/details/DTXSID9022360,"4-(1,1,3,3-Tetramethylbutyl)phenol",140-66-9,ISAVYTVYFVQUDY-UHFFFAOYSA-N,"4-(2,4,4-Trimethylpentan-2-yl)phenol",CC(C)(C)CC(C)(C)C1=CC=C(O)C=C1,"InChI=1S/C14H22O/c1-13(2,3)10-14(4,5)11-6-8-12(15)9-7-11/h6-9,15H,10H2,1-5H3
",C14H22O,206.329,206.167065,1,315/709,709,44
https://comptox.epa.gov/dashboard/chemical/details/DTXSID9022522,Diisobutyl phthalate,84-69-5,MGWAVDBGNNKXQV-UHFFFAOYSA-N,"Bis(2-methylpropyl) benzene-1,2-dicarboxylate",CC(C)COC(=O)C1=C(C=CC=C1)C(=O)OCC(C)C,"InChI=1S/C16H22O4/c1-11(2)9-19-15(17)13-7-5-6-8-14(13)16(18)20-10-12(3)4/h5-8,11-12H,9-10H2,1-4H3
",C16H22O4,278.348,278.151809,1,120/693,693,17
https://comptox.epa.gov/dashboard/chemical/details/DTXSID9022528,Ethylparaben,120-47-8,NUVBSKCKDOMJSU-UHFFFAOYSA-N,Ethyl 4-hydroxybenzoate,CCOC(=O)C1=CC=C(O)C=C1,"InChI=1S/C9H10O3/c1-2-12-9(11)7-3-5-8(10)6-4-7/h3-6,10H,2H2,1H3
",C9H10O3,166.176,166.062994,1,21/613,613,3
https://comptox.epa.gov/dashboard/chemical/details/DTXSID9023914,Dicrotophos,141-66-2,VEENJGZXVHKXNB-VOTSOKGWSA-N,(2E)-4-(Dimethylamino)-4-oxobut-2-en-2-yl dimethyl phosphate,COP(=O)(OC)O\C(C)=C\C(=O)N(C)C,"InChI=1S/C8H16NO5P/c1-7(6-8(10)9(2)3)14-15(11,12-4)13-5/h6H,1-5H3/b7-6+",C8H16NO5P,237.192,237.076610,1,9/683,683,1
https://comptox.epa.gov/dashboard/chemical/details/DTXSID9024510,2-Amino-2-thiazoline-4-carboxylic acid,2150-55-2,VHPXSBIFWDAFMB-UHFFFAOYNA-N,"2-Amino-4,5-dihydro-1,3-thiazole-4-carboxylic acid",NC1=NC(CS1)C(O)=O,"InChI=1/C4H6N2O2S/c5-4-6-2(1-9-4)3(7)8/h2H,1H2,(H2,5,6)(H,7,8)
",C4H6N2O2S,146.16,146.014999,1, 
https://comptox.epa.gov/dashboard/chemical/details/DTXSID9030048,"2,2',4,4',5-Pentabromodiphenyl ether",60348-60-9,WHPVYXDFIXRKLN-UHFFFAOYSA-N,"1,2,4-Tribromo-5-(2,4-dibromophenoxy)benzene",BrC1=CC(Br)=C(OC2=C(Br)C=C(Br)C(Br)=C2)C=C1,"InChI=1S/C12H5Br5O/c13-6-1-2-11(9(16)3-6)18-12-5-8(15)7(14)4-10(12)17/h1-5H
",C12H5Br5O,564.691,559.625730,1,36/285,285,13
https://comptox.epa.gov/dashboard/chemical/details/DTXSID9034573,Ethametsulfuron-methyl,97780-06-8,ZINJLDJMHCUBIP-UHFFFAOYSA-N,"Methyl 2-({[4-ethoxy-6-(methylamino)-1,3,5-triazin-2-yl]carbamoyl}sulfamoyl)benzoate",CCOC1=NC(NC)=NC(NC(=O)NS(=O)(=O)C2=C(C=CC=C2)C(=O)OC)=N1,"InChI=1S/C15H18N6O6S/c1-4-27-15-19-12(16-2)17-13(20-15)18-14(23)21-28(24,25)10-8-6-5-7-9(10)11(22)26-3/h5-8H,4H2,1-3H3,(H3,16,17,18,19,20,21,23)
",C15H18N6O6S,410.41,410.100853,1,13/267,267,5
https://comptox.epa.gov/dashboard/chemical/details/DTXSID9034737,Metiram,9006-42-2,,,,,,, ,1,115/378,378,30
https://comptox.epa.gov/dashboard/chemical/details/DTXSID9034868,Prosulfuron,94125-34-5,LTUNNEGNEKBSEH-UHFFFAOYSA-N,"N-[(4-Methoxy-6-methyl-1,3,5-triazin-2-yl)carbamoyl]-2-(3,3,3-trifluoropropyl)benzene-1-sulfonamide",COC1=NC(C)=NC(NC(=O)NS(=O)(=O)C2=C(CCC(F)(F)F)C=CC=C2)=N1,"InChI=1S/C15H16F3N5O4S/c1-9-19-12(22-14(20-9)27-2)21-13(24)23-28(25,26)11-6-4-3-5-10(11)7-8-15(16,17)18/h3-6H,7-8H2,1-2H3,(H2,19,20,21,22,23,24)
",C15H16F3N5O4S,419.38,419.087510,1,13/268,268,5
https://comptox.epa.gov/dashboard/chemical/details/DTXSID9038420,Trichloronat,327-98-0,ANIAQSUBRGXWLS-UHFFFAOYNA-N,"O-Ethyl O-(2,4,5-trichlorophenyl) ethylphosphonothioate",CCOP(=S)(CC)OC1=C(Cl)C=C(Cl)C(Cl)=C1,"InChI=1S/C10H12Cl3O2PS/c1-3-14-16(17,4-2)15-10-6-8(12)7(11)5-9(10)13/h5-6H,3-4H2,1-2H3",C10H12Cl3O2PS,333.59,331.936121,1, 
https://comptox.epa.gov/dashboard/chemical/details/DTXSID9040001,Monomethyl phthalate,4376-18-5,FNJSWIPFHMKRAT-UHFFFAOYSA-N,2-(Methoxycarbonyl)benzoic acid,COC(=O)C1=C(C=CC=C1)C(O)=O,"InChI=1S/C9H8O4/c1-13-9(12)7-5-3-2-4-6(7)8(10)11/h2-5H,1H3,(H,10,11)
",C9H8O4,180.159,180.042259,1,15/698,698,2
https://comptox.epa.gov/dashboard/chemical/details/DTXSID9043938,Monobenzyl phthalate,2528-16-7,XIKIUQUXDNHBFR-UHFFFAOYSA-N,2-[(Benzyloxy)carbonyl]benzoic acid,OC(=O)C1=C(C=CC=C1)C(=O)OCC1=CC=CC=C1,"InChI=1S/C15H12O4/c16-14(17)12-8-4-5-9-13(12)15(18)19-10-11-6-2-1-3-7-11/h1-9H,10H2,(H,16,17)
",C15H12O4,256.257,256.073559,1,12/593,593,2
https://comptox.epa.gov/dashboard/chemical/details/DTXSID9044166,Oxychlordane,27304-13-8,VWGNQYSIWFHEQU-QOAYMTHINA-N,"(1aS,1bR,2S,5R,5aS,6R,6aR)-2,3,4,5,6,6a,7,7-Octachloro-1b,2,5,5a,6,6a-hexahydro-1aH-2,5-methanoindeno[1,2-b]oxirene",[H][C@]12[C@@H]3O[C@]3(Cl)[C@H](Cl)[C@@]1([H])[C@@]1(Cl)C(Cl)=C(Cl)[C@]2(Cl)C1(Cl)Cl,"InChI=1/C10H4Cl8O/c11-3-1-2(6-9(3,16)19-6)8(15)5(13)4(12)7(1,14)10(8,17)18/h1-3,6H/t1-,2+,3+,6-,7+,8-,9+/s2
",C10H4Cl8O,423.74,419.777036,1, 
https://comptox.epa.gov/dashboard/chemical/details/DTXSID9047540,3-Hydroxyfluorene,6344-67-8,PVUBSZGNXLNTLX-UHFFFAOYSA-N,9H-Fluoren-3-ol,OC1=CC2=C(CC3=CC=CC=C23)C=C1,"InChI=1S/C13H10O/c14-11-6-5-10-7-9-3-1-2-4-12(9)13(10)8-11/h1-6,8,14H,7H2",C13H10O,182.222,182.073165,2,190/662,662,29
https://comptox.epa.gov/dashboard/chemical/details/DTXSID9047592,9-Phenanthrol,484-17-3,DZKIUEHLEXLYKM-UHFFFAOYSA-N,Phenanthren-9-ol,OC1=C2C=CC=CC2=C2C=CC=CC2=C1,"InChI=1S/C14H10O/c15-14-9-10-5-1-2-6-11(10)12-7-3-4-8-13(12)14/h1-9,15H
",C14H10O,194.233,194.073165,1,327/678,678,48
https://comptox.epa.gov/dashboard/chemical/details/DTXSID9052216,"1,2,3,4,7,8,9-Heptachlorodibenzofuran",55673-89-7,VEZCTZWLJYWARH-UHFFFAOYSA-N,"1,2,3,4,7,8,9-Heptachlorodibenzo[b,d]furan",ClC1=CC2=C(C3=C(Cl)C(Cl)=C(Cl)C(Cl)=C3O2)C(Cl)=C1Cl,"InChI=1S/C12HCl7O/c13-2-1-3-4(7(15)6(2)14)5-8(16)9(17)10(18)11(19)12(5)20-3/h1H
",C12HCl7O,409.29,405.784709,1, 
https://comptox.epa.gov/dashboard/chemical/details/DTXSID9052470,"1,2,3,7,8,9-Hexachlorodibenzofuran",72918-21-9,PYUSJFJVDVSXIU-UHFFFAOYSA-N,"1,2,3,7,8,9-Hexachlorodibenzo[b,d]furan",ClC1=CC2=C(C3=C(Cl)C(Cl)=C(Cl)C=C3O2)C(Cl)=C1Cl,"InChI=1S/C12H2Cl6O/c13-3-1-5-7(11(17)9(3)15)8-6(19-5)2-4(14)10(16)12(8)18/h1-2H
",C12H2Cl6O,374.85,371.823681,1, 
https://comptox.epa.gov/dashboard/chemical/details/DTXSID9052688,"2,3',4,4'-Tetrabromodiphenyl ether",189084-61-5,DHUMTYRHKMCVAG-UHFFFAOYSA-N,"1,2-Dibromo-4-(2,4-dibromophenoxy)benzene",BrC1=CC(Br)=C(OC2=CC(Br)=C(Br)C=C2)C=C1,"InChI=1S/C12H6Br4O/c13-7-1-4-12(11(16)5-7)17-8-2-3-9(14)10(15)6-8/h1-6H
",C12H6Br4O,485.795,481.715217,1, 
https://comptox.epa.gov/dashboard/chemical/details/DTXSID9052717,1R-trans-Permethric acid,55701-03-6,LLMLSUSAKZVFOA-XINAWCOVSA-N,"(1R,3S)-3-(2,2-Dichloroethenyl)-2,2-dimethylcyclopropane-1-carboxylic acid",CC1(C)[C@H](C=C(Cl)Cl)[C@H]1C(O)=O,"InChI=1S/C8H10Cl2O2/c1-8(2)4(3-5(9)10)6(8)7(11)12/h3-4,6H,1-2H3,(H,11,12)/t4-,6+/m1/s1
",C8H10Cl2O2,209.07,208.005785,1, 
https://comptox.epa.gov/dashboard/chemical/details/DTXSID9052844,"O,O-Diethyl phosphorothionate",2465-65-8,PKUWKAXTAVNIJR-UHFFFAOYSA-N,"O,O-Diethyl hydrogen phosphorothioate",CCOP(S)(=O)OCC,"InChI=1S/C4H11O3PS/c1-3-6-8(5,9)7-4-2/h3-4H2,1-2H3,(H,5,9)
",C4H11O3PS,170.16,170.016652,1, 
https://comptox.epa.gov/dashboard/chemical/details/DTXSID9059208,p-Nitroanisole,100-17-4,BNUHAJGCKIQFGE-UHFFFAOYSA-N,1-Methoxy-4-nitrobenzene,COC1=CC=C(C=C1)[N+]([O-])=O,"InChI=1S/C7H7NO3/c1-11-7-4-2-6(3-5-7)8(9)10/h2-5H,1H3
",C7H7NO3,153.137,153.042593,1, 
https://comptox.epa.gov/dashboard/chemical/details/DTXSID9074226,"2,3,4,4',5-Pentachlorobiphenyl",74472-37-0,SXZSFWHOSHAKMN-UHFFFAOYSA-N,"2,3,4,4',5-Pentachloro-1,1'-biphenyl",ClC1=CC=C(C=C1)C1=C(Cl)C(Cl)=C(Cl)C(Cl)=C1,InChI=1S/C12H5Cl5/c13-7-3-1-6(2-4-7)8-5-9(14)11(16)12(17)10(8)15/h1-5H,C12H5Cl5,326.42,323.883389,2, 
https://comptox.epa.gov/dashboard/chemical/details/DTXSID90872758,1-Hydroxyphenanthrene,2433-56-9,GTBXZWADMKOZQJ-UHFFFAOYSA-N,Phenanthren-1-ol,OC1=CC=CC2=C3C=CC=CC3=CC=C12,"InChI=1S/C14H10O/c15-14-7-3-6-12-11-5-2-1-4-10(11)8-9-13(12)14/h1-9,15H",C14H10O,194.233,194.073165,1, 
https://comptox.epa.gov/dashboard/chemical/details/DTXSID90962820,O-Methyl hydrogen phenylphosphonothioate,42976-67-0,KFISZMLSFAUKCR-UHFFFAOYNA-N,O-Methyl hydrogen phenylphosphonothioate,COP(O)(=S)C1=CC=CC=C1,"InChI=1S/C7H9O2PS/c1-9-10(8,11)7-5-3-2-4-6-7/h2-6H,1H3,(H,8,11)",C7H9O2PS,188.18,188.006088,5, 